"GDLcode","X1","X2","X3","X4","X5","X6"
"AFGr101",3759.42243493739,42890.0700978979,502948.421978908,1269361.48392388,3788669.53338346,2069967.25618091
"AFGr102",344.594749228242,10050.4162851389,62480.8563276897,228399.081348679,555652.530698721,253625.749590543
"AFGr103",0,11096.3239312674,105773.183300986,321164.018708636,1319383.11216236,1561808.61389675
"AFGr104",1091.03010765486,20578.0977604706,265498.109746276,784800.688862319,2281269.55439521,1370972.11312806
"AFGr105",636.801560773178,40071.834903192,287792.170074181,856618.558292577,2435883.41073078,1285673.0104385
"AFGr106",453.161334607497,10969.7825586851,99497.7315003089,374007.657688482,1660697.11460926,1627121.78830866
"AFGr107",0,3818.67343488882,49414.645509844,259210.123981909,1610695.59136529,1539611.37370807
"AFGr108",616.502900060518,41194.6077720179,344173.814834033,955505.070553001,2286985.74901889,1144596.507922
"ALBr201",3425.88944171517,26250.7938616903,53852.5167749806,38198.006450383,9565.92747123085,0
"ALBr202",1116.6741890567,13773.4869746669,48092.424236991,50439.2598147838,12635.5249431144,1073.91734138719
"ALBr203",7673.67964322682,45079.7227809701,117180.31309848,80306.6015109201,20666.5209459355,4024.51352046728
"ALBr204",6020.05707812613,46449.6395668807,125363.041987727,86747.1655203262,20255.5681469396,0
"ALBr205",6992.07237277943,55756.7221971343,130225.905007109,86149.0701671312,18665.1321964252,746.526359420363
"ALBr206",2149.64706797154,13536.9930657632,28981.211653032,16930.9927693296,3984.32560816152,129.851425742112
"ALBr207",4364.67667085772,29773.2831766002,91848.2048642618,74934.1128479987,14327.7003402816,0
"ALBr208",700.62100399327,7953.55223680512,30344.1218261481,32942.5057289839,8274.03922387523,353.282940194383
"ALBr209",3762.4315749766,21529.1951790726,47783.958588438,46330.5901630149,14611.9304933421,2284.95100115573
"ALBr210",6257.05896304901,31642.050336838,83321.3424673494,67357.6878149525,18785.2760045733,655.630713237753
"ALBr211",31306.2145779741,144132.381289487,395004.015765481,264930.886826137,30425.4968982835,3606.87984263801
"ALBr212",9995.90898416706,47396.860156176,66165.8623474206,42988.7296508136,8744.2681614228,0
"AGOr201",27540.0654828171,49444.4630888456,205780.765718843,221098.837830841,250024.286666166,56617.122212487
"AGOr202",22262.7345376064,29562.3447593383,129959.682173139,222562.866334575,256511.881563356,18942.9053319853
"AGOr203",39296.214087078,73180.0453494347,246691.638391773,460845.841527726,592825.756964081,108410.162679907
"AGOr204",100886.63693369,212136.497411207,1265025.04661875,2132385.97092202,3016650.76896938,650611.487144958
"AGOr205",23764.3540023949,40384.3672170769,125484.221942834,167931.014648561,149833.992780604,13323.6786085281
"AGOr206",66954.6038042541,129510.142271736,442952.885850679,715682.633756524,613452.454587904,74221.6377289032
"AGOr207",26999.7934993748,54817.6530641615,245177.582614476,348619.487680961,400475.569876093,52954.3692649336
"AGOr208",30114.9484265093,62627.5408706875,210897.416168295,286695.587107562,301608.566213965,42075.70601298
"AGOr209",54812.234178303,109095.361594664,456462.60326012,652463.841258855,806727.34329905,204909.997409009
"AGOr210",47830.1078085768,112934.7354401,420410.069848066,572918.571175875,771580.390117533,190933.254609849
"AGOr211",58293.652025085,88885.4076433639,310689.949930944,394876.203269629,568845.848708276,97481.8424227024
"AGOr212",42122.171635417,55850.434359115,277329.028852856,265286.407056637,236114.617171026,32164.338824949
"AGOr213",27000.9618588258,50001.9377978461,139412.781072091,173151.333857848,143315.985756855,34893.4156565334
"AGOr214",12328.6975806657,24219.0602749238,116016.413862925,147952.307989013,192935.370248564,53597.2035439084
"AGOr215",27502.8096730694,112497.124234668,584673.13551551,824895.967811242,1067870.18436242,231683.208403093
"AGOr216",17027.838505487,29021.4112570302,197498.992949744,298267.465268347,444020.226080996,173196.325938396
"AGOr217",13172.4747943405,31290.2914161524,113120.404525088,183264.278191566,195970.496597938,55517.1502749143
"AGOr218",10780.8510917277,44033.9974026192,119874.616710235,124374.353904159,117281.651588001,31863.9720032579
"ARMr101",3808.29592242783,12189.862200931,43433.8777501466,55653.6321343911,15370.201485017,754.429207086407
"ARMr102",8655.40326220554,18934.3749621218,82365.9945100916,111123.989665678,38930.2571999028,0
"ARMr103",8282.87473430524,20872.1578450398,87853.0174542417,114397.343796833,59550.5009695802,0
"ARMr104",5777.6185982562,22560.2252952252,68719.8719050578,84313.0571878649,28504.8250460162,704.32716757971
"ARMr105",14108.4353359885,37504.0106688215,73687.2942264597,62272.0657145672,21927.8106541631,0
"ARMr106",8626.27636183233,17217.1462697358,67798.6029630029,80489.8765481129,34665.101611976,802.346045340046
"ARMr107",10367.3904033704,31183.6614349593,83203.8540821356,82030.7855716946,26695.59870784,0
"ARMr108",8654.42156053633,23826.060636252,41466.9669613547,36100.6744683469,5302.46167351007,0
"ARMr109",2387.28792238697,6274.67958334414,13224.9333211824,16073.0908085817,7933.46705450475,0
"ARMr110",5799.78341356467,9228.3416288175,30731.8506450292,43972.2118125523,16487.7231549418,1016.87234509452
"ARMr111",44016.586326225,124872.333296098,416328.949982639,384269.305983982,95118.4917455838,3215.64966547177
"BGDr201",15316.2051384963,126500.791590012,1210605.94755388,1593136.04916243,1089075.07336937,140356.481185811
"BGDr202",14726.9323088999,156221.959195041,1280630.74320365,1657916.53548559,1039443.94505059,219455.139756222
"BGDr203",27847.5656426021,256515.914018601,2391334.4949981,2874240.18691081,2146812.82004964,606970.946380255
"BGDr204",2174.83667471549,69922.8874358125,630923.846459556,975620.350669774,1049199.83281204,206665.959948103
"BGDr205",2956.46026592974,22591.8267889965,615683.397063388,530714.69268714,175743.443194546,0
"BGDr206",8988.32976164853,171568.229420604,1766283.23955002,2220572.4482375,2096232.84701317,569355.285017054
"BGDr207",20731.8311538627,214313.57205279,2669740.4689398,4241292.48009083,3501202.71624377,825148.151518945
"BGDr208",24830.741716953,690056.687977053,5653942.58055682,4925124.36361199,2358937.22794222,364057.008194965
"BGDr209",50678.7244756994,612823.105091606,3986430.55923448,3392884.44686511,2062394.468189,331794.696144113
"BGDr210",39790.3939520628,513408.472258475,2915489.25898966,2460897.33051201,1586101.87999814,241817.293289649
"BGDr211",29823.3966323516,369537.113151602,2823323.5166487,4274916.25908303,3170976.21003204,531794.954452273
"BGDr212",10327.8250206393,178380.298317427,1228273.91213331,2350829.20228798,645702.856989416,257854.608251227
"BGDr213",32514.663960941,198260.20842134,1392709.02294856,2141996.53541874,1144025.31846386,332583.542786559
"BGDr214",17993.70539838,214998.872348143,2454685.35341572,2128991.22592355,971014.020236883,145501.659677317
"BGDr215",18824.3350055685,195920.397741076,2005919.20655224,1582511.59099045,881251.119072127,62801.3176385353
"BGDr216",19457.8607686947,300499.427040325,2290422.03554723,2104394.56799799,999102.227390104,114696.176255651
"BGDr217",46586.3078314399,361624.992710506,3048039.15459173,2462208.7257639,1340197.54243928,120877.16266314
"BGDr218",23610.1142547495,312129.679556639,2923764.83738549,2815200.12580166,1621390.42421337,208372.013788099
"BGDr219",45082.3563808872,387931.102241991,3497678.45923667,2210418.11473139,1013163.77735397,39105.4420550891
"BGDr220",16312.9036284021,377465.313779965,2666202.60368425,3267759.62013662,1306539.2995593,85995.6862114617
"BGDr221",31522.968544382,300788.635605143,2345174.21024935,2508855.32863401,1316644.18335148,211511.071615641
"BGDr222",7004.12872397258,126984.254291375,1051649.77551822,2062770.5991793,1940774.90156768,826303.498719453
"BGDr223",4050.01776857731,99936.2948249118,735721.626632985,1566704.02618016,1993862.23656509,633789.622028275
"BENr101",12648.8784063608,24891.9518377251,154196.072154033,293491.903887402,525248.378132423,488012.750582055
"BENr102",59817.3812110795,118204.094448042,528105.019503584,707733.062401922,623329.789242117,149358.487193255
"BENr103",17750.6586272341,30878.5255145235,258696.005901901,445702.91713833,780818.241178552,785796.289639458
"BENr104",33343.193467548,74756.5984340893,310594.974352215,396600.430387707,370236.892138945,103663.864219496
"BENr105",50768.8644871606,95737.8152876463,482679.589434696,632254.71547267,537072.474752746,95908.2995650819
"BENr106",31515.9673109857,82222.5972076504,419558.768812691,512817.003817256,479286.191438603,194553.357412814
"BDIr101",42757.2447831156,161066.67988547,884851.226266462,1178554.20995083,1021936.91608525,55687.4520288726
"BDIr102",12677.8205715004,42619.2852362082,229748.603124852,397222.219014777,603117.896133695,78076.7999189672
"BDIr103",13379.6360908337,44219.3390939449,293089.603248259,430542.055378907,538890.98663618,35632.9725518754
"BDIr104",32468.1200570823,99720.0552472271,481858.655520016,789562.259179013,963467.287378664,116864.830617999
"BDIr105",24648.437773662,99619.8935455846,536864.47403557,781726.483309045,695484.094800887,31636.2485352527
"KHMr101",4140.84517819212,25297.4235173367,230755.783564712,314665.953011795,169950.471278613,26283.8865493511
"KHMr102",12643.7283267166,56685.0314474105,491239.584948731,621501.869786085,466960.612560047,72069.2099310096
"KHMr103",5924.74399290873,25484.1374394302,177132.979896405,186226.020590314,102244.769480878,4033.59540006408
"KHMr104",4201.12270962078,16106.5839327795,229009.077295136,327307.190705609,189560.438103601,12759.6949532534
"KHMr105",5894.18172533729,25668.0946723833,212664.747930464,250638.305714304,163509.693841042,13735.9314164695
"KHMr106",10786.9116957913,57184.4106603326,420629.126787801,547563.980786421,342043.415099082,34740.8409705726
"KHMr107",1250.79217871638,5290.66738786978,41541.9613580221,50149.526491501,34207.7341417095,3229.60684218131
"KHMr108",9612.62017689046,49925.906736743,341461.906781052,582206.611260524,541199.308023118,188031.824021673
"KHMr109",9183.82343539046,65935.3304009772,376698.077974232,330845.814232319,154239.236258424,11543.8868986564
"KHMr110",2958.41639176994,15719.1185218723,124431.155538286,163932.511223712,93156.2838276571,12383.6402967018
"KHMr111",5349.30418827707,33699.4789254369,189594.946763938,179844.757772973,73211.769180353,271.403269023014
"KHMr112",5206.05366291838,39699.7447765595,281291.712354989,339711.140286536,211760.566936879,3296.39408211745
"KHMr113",9114.73132162169,47043.9790686777,446924.413714913,568470.809696594,332509.72694933,58045.3572488635
"KHMr114",5037.88453694804,42830.6872043834,303064.728321602,341269.09137468,182502.918433728,20269.6335286588
"KHMr115",2825.40860406511,18051.1469917577,188048.496718145,276194.374379177,231801.059846325,9558.21266053039
"KHMr116",1320.90947673905,8725.07856492833,80401.5042470709,96251.0015866399,87486.991366254,26132.3869583678
"KHMr117",5476.40502812658,37046.2717123944,487202.968684315,635922.919926799,354602.921173924,33854.2764744414
"CMRr101",48021.229825203,47157.7672565855,166281.583629754,244473.126724736,381010.844495458,276716.409068264
"CMRr102",115055.987958262,198840.633414904,780289.297361325,1037905.0817658,1632424.90261956,942052.628880156
"CMRr103",17752.1119704657,26834.6759031765,134892.431196267,196940.532635172,322730.300172248,206596.206622671
"CMRr104",91370.2251330949,140191.882798623,539754.224918543,918510.188982214,1401846.76321917,822237.610948357
"CMRr105",151385.156927552,209877.966396184,772968.969789345,1134671.93915525,1229535.54867206,219441.827059614
"CMRr106",40226.5979375507,65578.6041945224,251843.542069139,460587.513322678,766869.578492191,788744.894983919
"CMRr107",66789.4734566991,114632.087025666,457246.944338094,541947.405454025,696919.565719057,111060.357006459
"CMRr108",32431.5645598529,61581.2076273441,301887.496583246,393164.698947186,743079.681594878,355026.876687493
"CMRr109",13171.8599290131,26087.4280081843,84353.6105499674,171781.81213278,282430.754082349,214559.164097706
"CMRr110",119041.48551518,154304.767579719,432653.995217318,482969.972721668,281271.130951887,106488.722014229
"TCDr101",16194.7568245346,41721.9352724443,160539.499341364,233089.747715676,409042.668399548,363369.621446432
"TCDr102",7105.69678324884,35961.8323015607,233999.555562237,502647.941352235,780316.593848274,130515.889152445
"TCDr103",17298.3852926565,33780.4835980935,225184.128862498,405486.120822448,754221.409686834,231719.171737471
"TCDr104",17072.4379589413,86698.3739296781,427673.680378994,737738.495698112,925750.42284174,173546.146192535
"TCDr105",11823.7745713279,40472.3894277626,202943.422542869,330861.890162931,571337.380360244,261499.816934865
"TCDr106",18078.7115412884,37468.8732849462,202929.604529814,337987.065514629,572700.842554267,463705.984575055
"TCDr107",58943.0914482534,75834.8850964336,394420.362399628,617538.155650742,944926.371868893,526509.27953605
"TCDr108",27359.9130933523,29138.9882852071,195193.879171895,324883.73676506,585717.731765897,335371.023918588
"CODr101",83494.960551592,233396.24408009,1100812.33271241,1706263.44656617,3437537.70979015,1508647.35529958
"CODr102",82939.9110878471,149448.618369559,665193.36539217,1167101.16058452,1106424.14166887,182374.816897033
"CODr103",79353.8480275606,228256.097286837,1145904.65885108,2093912.45656577,2658761.26032279,368409.450945965
"CODr104",68371.7307405014,227245.620442186,1375103.30682168,2090615.71618106,3185489.92883863,832851.591975934
"CODr105",200845.603620226,491379.213542015,1676858.44288668,2767903.40022664,3421069.46986044,866220.701863999
"CODr106",42853.8550088754,228373.201451975,942793.228725679,1801198.08279132,2753405.23638681,683308.555635345
"CODr107",63170.9762789479,133510.14303282,703714.049359884,1165075.58124232,2060083.28779757,381293.850288461
"CODr108",16431.3302918525,107314.762460737,429070.812987054,580185.075068747,788980.673602151,219579.831589458
"CODr109",267268.09211543,546747.857740042,2187553.05281082,3516444.37174491,6282638.58978801,2276269.36580079
"CODr110",88691.3241823916,243688.192193693,1212207.34672555,1644200.26392638,2886141.60372271,820648.49924928
"CODr111",92512.1642681184,268793.040912089,1309330.47671293,2335267.14412662,3732804.50058938,629140.212390865
"DOMr101",135199.281925102,375794.596228738,1527787.18540922,1368321.92433025,552144.462731748,46396.761374946
"DOMr102",36088.4328667968,115078.35478654,417382.579731363,396609.198082394,166878.085539014,14909.3379938928
"DOMr103",60228.4264410056,200332.726752853,650817.944762994,445305.918921218,215410.366084419,10024.3850375108
"DOMr104",25897.3276789167,74584.7214119888,289641.157889248,216248.34656009,58254.9176775589,1641.62448219823
"DOMr105",11757.6395269802,29635.3652382686,135367.037648482,121179.195664395,96817.7624801622,10438.0923417117
"DOMr106",59474.0844694325,132242.659862074,402961.745040893,310615.489003135,136473.857129556,12152.5644949097
"DOMr107",7083.26479864781,20302.1535228427,104286.071711361,96700.7023317676,58921.9431228714,8085.75311250929
"DOMr108",18076.2406465443,55799.101769109,182838.580299047,124173.124873198,43829.5079491489,5675.37096295298
"DOMr109",28043.9658689413,79478.9248854346,312308.049952275,230825.992985695,91753.4363772726,2246.53763038158
"EGYr101",326644.309532359,895709.022543639,3773455.61775486,3671580.50772234,801334.111499767,65992.2209470396
"EGYr102",142010.595365117,585592.304507342,2293534.66891961,1875848.67664178,354776.159145818,5603.60442033137
"EGYr103",17321.9905662635,56136.0805388168,262877.245723202,284850.51153411,87732.6744420937,20369.3777955135
"EGYr104",7625.99932680902,38361.0875227363,204977.618269079,250618.068785587,77068.8113785093,5777.27221727956
"EGYr105",15423.2928409921,77599.7642389164,520890.000157848,681409.747082867,190547.077302866,23811.1153765112
"EGYr106",72253.2166293972,498892.707539361,2479723.92172086,2835628.72639681,716891.925876242,56378.5758373395
"EGYr107",83844.9486685729,418099.736700868,2243945.09153214,3330152.8805592,1020464.35945861,92878.8060806033
"EGYr108",97993.527709534,424419.135505339,2173645.32103955,2488061.23587974,430957.912100092,19469.9647657405
"EGYr109",37772.7779665332,211694.197170739,1277047.24027938,1397233.13950155,568242.016570808,41760.6735109845
"EGYr110",78501.7144898316,437165.879996885,2058819.12894384,2370824.19742706,355770.963142378,0
"EGYr111",42337.8113513161,230944.527329194,1534596.75378401,1989646.39908928,531728.170726903,59665.1487192927
"EGYr112",57175.8544801286,311643.596954595,2194255.91174484,2652647.43363506,961912.939708609,201588.256476763
"EGYr113",13759.0879557456,69765.4077691572,434580.846608287,564116.218134301,161350.534032681,38338.5834998279
"EGYr114",173975.400453859,610175.030096001,3146501.59229893,4242129.79169025,1224910.74831517,73334.3411457912
"EGYr115",48245.9731187008,193123.578491854,895203.84130104,1399681.16100125,552679.534983638,54047.0291035132
"EGYr116",41053.0628671008,187258.208134565,931883.20389897,1584757.50270692,731309.860432899,20820.6699595437
"EGYr117",61225.8388267002,336846.328414672,1558125.44931147,2283195.39662177,1347470.05205501,90298.7237703711
"EGYr118",29123.8815758261,265382.195800495,1120678.97645827,1623059.28775131,1444839.19567707,193314.638737026
"EGYr119",59939.1197116015,262069.800747346,962877.394245739,1760559.16462035,1396730.02812717,630393.2015478
"EGYr120",38223.1509612792,228699.044086273,1184765.32574349,1884147.25762564,1450424.97190538,137851.817677946
"EGYr121",10077.0607922957,65262.5763707524,308433.669594089,483590.639563416,370444.019299565,98404.267379881
"EGYr122",26216.8625502701,97416.0296823736,471859.948868822,607435.284712059,407429.171538335,83756.3786481413
"ETHr101",134191.316132029,385430.464508229,1572450.75680797,2005086.90922749,1862849.52338202,122381.864942261
"ETHr102",39738.6381660033,139202.232688607,395822.966425766,513423.442394779,651668.669613433,104245.601711411
"ETHr103",482322.68014622,1538785.36772801,6686609.98518932,8033298.23316117,5429942.75050204,395660.883273241
"ETHr104",412949.84585441,1438633.81035421,7646208.06963417,12537960.3562901,14637230.5350501,1528302.05281701
"ETHr105",82618.2541523937,204434.883833239,1043330.15010074,1657273.5507012,2749928.58169583,331950.064516599
"ETHr106",25952.1276187294,74306.0369495862,257062.203881795,383519.391106815,348288.441058344,14381.1013847295
"ETHr107",190107.678870723,644509.794949478,4829728.98012402,7137884.4736243,7628414.24363906,471841.348792418
"ETHr108",18178.6773434343,37048.0760677227,124718.111847185,170959.4545495,136932.984598979,14562.4650931786
"ETHr109",9210.04318383836,22978.2490457798,74276.9035676639,72309.1467177692,72393.6912893768,4085.93739557204
"ETHr110",167361.44950213,391703.227487905,1506292.93881774,1286046.7926962,816125.066967984,117090.274528039
"ETHr111",17101.8285925822,33139.432855771,121169.160384942,120318.765967053,149373.989957737,24881.4316419155
"GMBr101",1101.41559758702,1338.37398540894,4826.75783932193,7268.59770644348,9398.64157624212,9027.35453499651
"GMBr102",6384.94003432862,9683.70919080743,37516.0983769546,61934.907460831,102704.757578707,139451.445658371
"GMBr103",9102.34252742974,10265.4175131993,52199.7959193193,124323.975002883,280540.443035416,476587.201801753
"GMBr104",841.690354910277,880.120626189799,6188.29411291886,14359.7459541313,31251.3996624973,38031.5722093525
"GMBr105",2145.87485874822,2889.39825302347,14818.8525394982,29634.3109230728,77966.6785783985,133599.849347259
"GMBr106",544.193802164267,598.691456471492,6981.81697894313,22690.9466474331,62544.4909799854,162159.249935003
"GMBr107",26.6261620598672,31.0748988237279,115.421652095447,305.964527483324,817.393913403715,2202.08991513392
"GMBr108",828.118302255735,1151.51878356784,9063.47894246286,19660.7570091921,55192.4608583085,194551.787704213
"GHAr101",224094.114520144,297783.078562377,809653.370823593,863858.114295507,467068.41236889,66237.6784294883
"GHAr102",184112.24582953,259520.791572297,740910.349743056,852597.218750346,500440.860516392,73840.9745883789
"GHAr103",421839.600253434,499765.520303345,1540546.00090634,1414417.44549977,681589.363096846,47163.4599402602
"GHAr104",188273.806805923,238312.09027196,690223.462721096,747592.219575055,513243.732866206,76695.6627597606
"GHAr105",246612.375686739,303331.727728074,905163.139098183,914243.073448782,515705.480121884,24165.4049163381
"GHAr106",455123.546584382,509203.574707184,1605191.51726212,1957135.28966612,1243594.02697703,133991.382803164
"GHAr107",196182.158706383,245139.94947629,747583.779064649,716693.83035012,552386.704094893,148288.410307664
"GHAr108",62575.9560329964,98252.2375359874,380507.737147616,802343.061540487,1118521.13624244,553681.739500473
"GHAr109",28509.6450599773,34508.9338846112,182610.27177854,249409.428005471,229613.38679214,51559.0522792612
"GHAr110",24831.968240903,54856.8171193445,244812.580647344,366234.46198055,374800.842389185,60396.9966226739
"GTMr101",34156.6129012463,190947.190500424,1163776.13169835,1138120.50324991,713062.182368719,74093.9192813585
"GTMr102",10323.283592485,46785.8686849905,336069.335763452,479901.269642367,524688.039315823,142522.230000883
"GTMr103",15885.8489501625,65200.2631105477,350864.078217531,366963.759600311,339748.166638302,105825.569483146
"GTMr104",11568.5327778532,50932.3981364895,338413.179054555,385190.927426286,326578.095073515,77173.0375313012
"GTMr105",20333.1824604901,85623.8194579082,529574.547373923,577135.478139214,458564.052446727,95256.7591217375
"GTMr106",27212.3165048961,141165.847987903,895696.722256277,1240758.84597299,1274983.80528566,296331.324992277
"GTMr107",10850.4827685351,61838.9762430472,443931.004945464,666306.99341034,883833.383335969,263715.236296644
"GTMr108",5619.80969866184,23544.2243041006,199692.587029799,238613.463640675,206641.527712641,53534.5020141226
"HTIr101",67253.5080704631,236781.869319628,1017358.67637254,1065545.73944561,739319.306889799,72945.8379019616
"HTIr102",17608.2820121255,42653.0536548541,159039.94645655,204671.186160537,179464.524216543,29851.4535993907
"HTIr103",14170.1400430234,53334.0327299378,241258.54333213,357856.614422619,354907.939018613,79113.9834536768
"HTIr104",7541.6493961154,21936.7644228665,88416.5868882751,137235.041924006,135039.870256537,27535.1033121997
"HTIr105",46935.0258339,145592.83830243,534681.324620471,577315.117864657,483573.136704235,84564.0266743073
"HTIr106",13354.4341859343,42858.199988153,195998.734678267,257199.766087428,243259.631524292,35104.3184359258
"HTIr107",13547.7560068474,42425.3146052801,183482.125013059,243718.4886496,244418.794558264,39810.31636695
"HTIr108",15222.1541543458,50472.3724036711,223821.737404585,261259.828619439,238131.095286248,31268.5140317114
"HTIr109",11062.424062354,38622.1797994971,186348.204327867,244639.860606692,240633.490778721,40591.0302248687
"INDr101",677928.247637258,4073961.80721586,21253945.0741142,17994156.6840437,7205267.46611615,1063179.7008728
"INDr102",250482.894560222,1202407.30537715,11123194.8998532,12679071.0257915,7342477.88362872,1029997.76078918
"INDr103",584353.62102747,3646744.1071757,21013030.5279986,40702947.1400469,39589624.9406034,10755555.463148
"INDr104",22958.7864208751,100772.821110023,655574.421329819,496683.914718831,190281.641717791,42563.7057026602
"INDr105",548052.286842812,3171866.59591442,17764058.5631122,24620248.9462263,16692782.4620228,3801004.21588143
"INDr106",126612.434892796,710218.149510322,7067312.65887213,11442603.8002839,6895750.76691394,1504897.88952687
"INDr107",90308.2648344845,446185.503058389,2330277.39090759,2672270.07411549,1593428.51981495,263353.311269091
"INDr108",39211.062080162,324619.705534037,3280720.20036394,5621836.44936237,3986256.63442892,605794.818230565
"INDr109",686410.996516198,3535576.53259902,22923820.6599594,23074750.6078018,12597343.2965718,3538755.63655179
"INDr110",272402.490750184,2936763.34488844,16785090.7622038,12820373.8355971,3795151.24701543,543367.299545077
"INDr111",584144.526140282,3087578.7440026,18639130.9903293,29604556.0433293,22285727.7771601,5378114.19903839
"INDr112",1202808.29935175,5751347.50020901,36577151.1744039,43129412.7009145,26416243.7812323,8045686.94388863
"INDr113",19399.5877616958,105976.997804961,943291.834410754,1247524.7733635,795921.220324866,93682.6973342227
"INDr114",22251.4877228146,89291.6753083103,821496.758917978,1266498.89103077,1100422.07156298,179644.932457153
"INDr115",14660.9123232416,53404.7080474064,366837.159945765,494646.350273131,300202.773873411,26307.3605370451
"INDr116",38329.994648025,153133.523626084,696779.477182549,737171.380202626,486903.482505501,39242.2838352152
"INDr117",372556.70368979,2617238.95012206,16675418.0677734,16918287.8785247,7698698.06469574,933900.175194302
"INDr118",152080.394409404,941223.280033779,9202026.66906559,12607340.9177202,6260554.39374606,861485.985025008
"INDr119",496299.449001709,2845518.24386496,16751215.7650389,27357181.6244655,22567839.3379062,5713148.31972273
"INDr120",6604.63953244537,32530.2236309027,289439.128268655,226310.42770363,84143.4865090462,3441.00855532116
"INDr121",978877.115261862,5984064.29603487,37088834.6904746,26109104.878488,7631949.15162628,564493.478114392
"INDr122",703056.805102408,4629403.3681968,36641542.1257209,33207133.2858261,18349601.8388024,4053887.0063514
"INDr123",1491861.62971557,6798680.26246968,39092461.8046371,73740742.1807533,75164957.6602693,23248284.3621551
"INDr124",211939.463131044,715598.554237366,5717622.75957317,6961455.7618517,3650977.72730433,983957.413902385
"INDr125",28598.7213871363,96106.1121590837,507105.217246236,560146.118848256,315877.982453121,35358.0679061674
"INDr126",45828.3420814653,227240.185149722,1937116.75390118,1276493.52613492,479422.781003024,88694.4287296945
"INDr127",154802.309718778,553066.72451284,3110161.9457249,4193270.05600859,2712779.20034401,470299.093690875
"INDr128",250880.881706644,1483194.09095212,8749595.52623297,13662836.2466255,10346214.3071082,2239997.67737455
"INDr129",235010.605401904,1265687.76203631,7492436.00553661,10551110.8116111,6865877.68966167,1521740.90575238
"INDr130",451511.856497742,2809631.20809006,16028777.7486316,13041335.5870058,4901642.65819426,734781.021580466
"INDr131",11541.903000108,43067.8228199375,320946.041148677,301717.234363642,161301.107570238,15397.7108973969
"INDr132",4708.08494768217,24451.5158098687,146768.39676548,168374.654289301,119916.763552298,29016.3810353701
"INDr133",9909.71148721767,59487.3389686105,574713.202667164,399450.333900604,144742.852379697,10932.0615967071
"INDr134",4348.15744611905,17083.8008942139,62557.628521017,47846.398078441,24001.2725472453,5032.55771296384
"INDr135",259.26593165972,1840.53157547822,9987.47049365798,12384.1537257206,18024.9024800472,6605.52793343621
"INDr136",4861.52188713797,18270.1980046391,169425.731808846,114989.159940951,50056.0124781088,14256.1072803178
"IDNr101",60657.1196165384,255025.947174596,1698225.06196448,1809332.68604299,763126.197095555,36660.0051058418
"IDNr102",178752.062867642,709503.268841411,4303693.30760061,5899540.36786763,2447733.30717817,195192.505644533
"IDNr103",58664.4765872386,327805.957588252,1782157.78860658,1824183.41721574,1053110.46168597,120743.248316227
"IDNr104",73739.1786470322,321574.009650254,2610240.16409354,2528710.35524068,1054051.89370696,90621.4296615278
"IDNr105",46220.8249603438,229106.556638177,1655689.43706841,1214327.10625429,310614.195020063,43984.319058721
"IDNr106",52807.170521843,413982.282203046,3644973.67714281,2665847.395688,1005697.55470038,107287.446743919
"IDNr107",23601.9754585621,127053.493544111,847580.051258351,680532.855210097,137767.835672215,8108.62385666334
"IDNr108",100657.433352406,626204.849427869,4190348.93178831,2497797.80336592,694854.691065496,0
"IDNr109",26105.3017751915,112805.928343808,644480.977214646,445119.250427557,145407.830674024,12003.9525647736
"IDNr110",141542.503368191,632619.257663058,3944295.67007758,3464228.6912805,1495365.25173078,320948.707879895
"IDNr111",764645.511565822,3294298.66566943,21453969.5918206,15912491.9200488,6079070.20545033,443847.075444944
"IDNr112",747326.071787665,2994454.364639,15857995.6452509,10405120.9214909,2866620.43122629,384293.1756052
"IDNr113",185462.326214515,354439.64970306,1506322.94313461,1312325.90726676,279434.85724482,38408.3484362287
"IDNr114",866199.623530623,3647666.79963363,18007030.6254033,12600696.3571816,3379632.63278908,251138.231461747
"IDNr115",153829.603388537,572006.570528905,5289982.6746335,4193616.70281982,1708277.37605861,303872.882570636
"IDNr116",115439.166259771,384162.732451519,1621341.79963429,1614905.50647094,499059.662774091,19206.5834093885
"IDNr117",92287.3399782207,381160.014556156,2433619.17261092,1431172.29324827,459395.702606439,0
"IDNr118",68271.7592438895,211432.925012084,1237979.73745117,1773449.65904759,1540996.96391092,196712.741334348
"IDNr120",35331.8568917582,228610.032449981,1652623.94890642,1712989.23017151,897074.157088175,221335.231492154
"IDNr121",42985.4026046385,210615.627879372,1118709.26341995,765229.527844901,296499.331479743,21324.3667713999
"IDNr122",95256.2169476285,269614.982513755,1973574.67575428,1245345.59195097,382216.222403832,10394.0384295302
"IDNr123",40656.9537836661,222253.644841992,1584539.74732752,1447802.60012446,776175.58284422,72006.374078137
"IDNr124",34437.1646518584,213048.846508422,931203.829523138,823105.027075052,342318.468308711,36844.192932819
"IDNr125",39630.8151039282,157722.247524795,1049718.09805888,986397.51778,434479.672585552,59088.1959468405
"IDNr126",172219.925138566,526200.609411294,3092076.24312216,3627876.56469347,1955690.08645583,444344.332178675
"IDNr127",19139.1744635226,105135.284291618,753173.256334854,962858.827582087,480315.66749157,85386.2668363485
"IDNr128",13202.2012797991,55789.8734833129,415593.772031556,393775.01509118,215205.27092902,47278.2451851322
"IDNr129",36285.0488528796,92589.6855000739,619529.407537467,901517.077468253,741132.822639447,152940.99300188
"IDNr130",64412.5137845856,317928.58233095,1966568.81589044,2164084.02432332,1923173.17036002,476252.113310677
"JORr101",34680.8079283259,188328.182638095,840106.083169358,1308657.74326533,928817.457684334,47588.0673145537
"JORr102",13851.3601819382,68552.2836417062,244620.18584173,397881.613456644,308859.320982852,18128.3338951294
"JORr103",5341.40554168845,56664.8178428488,214768.936357021,505971.768466773,307725.029608495,11313.6471831734
"JORr104",1744.81330497135,10692.8153549762,52703.3776339077,88397.2496796372,84749.2585412308,6981.74898527679
"JORr105",11106.035566872,72664.3993080051,368599.259047986,719953.369128341,666081.503609436,41162.7203393603
"JORr106",2296.34889866981,15310.6986043096,79898.9890767557,168330.795636471,209181.287750217,27975.6218335769
"JORr107",436.14895022832,4829.89116041405,29731.7116340676,68851.6312088209,64354.4981289557,4934.41841751341
"JORr108",1032.45875621164,9051.67555654379,53473.7985671994,106727.74160328,117053.026158448,6461.48695831711
"JORr109",1737.04621158471,17236.4011070479,86988.6571786641,155251.058986765,116974.48314702,2905.7282689186
"JORr110",569.006526627193,5832.82684920693,26080.6034403049,49243.9768351803,54900.9761046198,3577.05014406084
"JORr111",960.654481917085,10039.641068007,41296.3085531726,59590.1041323238,53618.5361194651,7449.69934511446
"JORr112",849.211885337377,12836.409538546,55252.054210589,78775.2113444508,46087.2234314196,2121.90318965719
"KENr101",382319.269363537,561429.611238555,1697483.2924653,1024370.85563491,473662.652972836,38652.1473248583
"KENr102",302074.70120997,473872.402782481,2032400.97446034,1490350.00191194,500094.799355073,49221.6462801985
"KENr103",239360.910328621,281369.106497898,890381.592658933,1044395.27199395,1181304.55393956,385174.659581038
"KENr104",257601.199970171,371541.257601072,1891618.27418553,2171873.82668269,1580829.89604655,233644.252513984
"KENr105",176806.333569801,274325.877247586,1468746.07211971,2133059.45354118,2022046.09280286,172336.376718856
"KENr106",554799.399333732,685240.264236121,3149740.21328501,3849700.58256502,3699386.67654142,518842.624038693
"KENr107",121307.291915181,217043.082329421,1049850.60134335,1524477.4717687,1864091.30683885,228975.387804504
"KENr108",35092.3669800968,99789.9166805795,446456.252983105,1007322.39705172,1669867.40313832,447242.179166176
"LSOr101",4545.82968428563,7383.0440567655,34495.8901527502,38447.4291538958,32689.8175904311,5703.63156187179
"LSOr102",8966.58715342825,20940.7308397849,93966.1431122576,90154.1818231177,92327.1189328509,16706.0115385607
"LSOr103",9942.64126241417,22771.0140724695,92204.4589679184,92374.9774906916,75831.1637928463,13199.65001366
"LSOr104",21066.5645408389,47010.3076185606,157933.803993864,148677.955556333,97140.3323128616,15802.579677542
"LSOr105",7272.76119976562,15811.7149206893,60734.9486231533,66671.7458048481,54601.9857465914,4203.87850495228
"LSOr106",4663.31563384098,7056.12035976285,42223.4855299166,56172.4613207753,61175.7125658447,11540.1868898596
"LSOr107",2512.57548617117,6044.97837064621,27927.6516842869,41030.396519224,44156.3746967233,15970.9159429484
"LSOr108",2994.13339938673,5806.30955432671,22223.9734505771,25162.2735105498,18136.7806504369,5641.7066947228
"LSOr109",2244.58581248807,4068.0988756688,27461.8339589378,36955.8568060769,43591.7391468518,8433.05059997665
"LSOr110",2886.58714091545,6055.68921023614,37130.0303515347,46525.3574608269,41859.2556668389,9067.61906964797
"LBRr101",3216.28202061147,8746.68204615488,34622.8535821744,48058.952040892,69676.0512505188,8955.83555964856
"LBRr102",7711.57322081353,18456.7158963127,98849.2466941327,138774.917461714,117282.688380975,13573.5479460519
"LBRr103",1823.54210572985,3863.52006810486,22357.368385475,28826.0758537084,37528.0613742847,8181.53791269731
"LBRr104",8185.46626055924,16655.1030593155,66508.2189998795,78389.0432632662,68333.1104829395,24707.8828340401
"LBRr105",2368.39090857871,4998.26437235752,28095.502371102,55092.951918345,57172.3669882655,19780.1029413512
"LBRr106",2407.29518029557,7763.32803832693,27667.2306534715,46946.005895701,64659.7326958307,16996.3372363743
"LBRr107",234.360366281933,1741.64046191176,9025.40653571592,12734.0632960676,28328.5952709682,10203.4216590545
"LBRr108",6259.53147991485,12757.4658533638,79933.5095142242,120963.84391012,118826.76468977,27058.2568526071
"LBRr109",9128.74931675171,21076.2311781566,73952.3407747574,102070.14500383,148718.831584273,58401.5473422321
"LBRr110",1729.41233215813,4963.22979276781,26465.1547396291,35499.991830523,71034.6125957286,30622.6749091934
"LBRr111",36054.497763522,68466.3226041933,294077.857041934,391017.057150781,390149.37608255,190590.699357021
"LBRr112",2900.74706438658,13868.353860018,88260.4210036636,142780.598183865,247311.11620939,97687.0784786763
"LBRr113",1642.32774032102,3383.73140620331,18583.5235971892,27436.9317001479,36200.7316541098,10201.9592620288
"LBRr114",1250.43501828178,4406.77051248036,16927.8588598265,29245.8044586937,40025.5210961344,13123.7373545832
"LBRr115",1503.31961556551,4852.76110899743,24725.9662213945,28835.1149171606,41452.2747344159,18367.7947024661
"MWIr101",27839.8857056577,60200.1912366113,397315.974766519,437270.68042547,260735.101949906,23276.6779158362
"MWIr102",10809.3598825066,34253.7274476481,172010.573722687,295376.442213954,259737.03164994,30931.5166832655
"MWIr103",5974.40058779778,28947.2557089835,165354.007979003,240536.482300137,206814.130330135,5267.10649394311
"MWIr104",11753.6122628713,43742.425137135,241296.104357829,355297.101064749,329661.526123524,46136.5310538921
"MWIr105",11926.8912436268,47372.2146414614,224944.300081373,397346.997985581,394977.693347342,61827.0827006157
"MWIr106",5067.33472419556,15216.8448528891,103283.719416971,156861.474689687,163289.928408639,8227.21700761824
"MWIr107",15358.2577578975,40957.1380367609,258916.549409445,288800.410835086,150114.995708383,5764.09625242672
"MWIr108",15279.8379385463,46052.955367811,243187.131256189,310272.462170104,181128.316953746,18539.1688136046
"MWIr109",28419.7614514783,130264.880447294,802653.629641865,921099.041290257,643007.155614055,70294.6165550514
"MWIr110",10583.5619289374,35242.0221882741,173598.574039016,254064.008924044,158716.04952746,13788.3404922683
"MWIr111",14880.5030792798,34404.6503343467,234010.810311516,390503.854182168,367655.520995321,49475.2590973679
"MWIr112",41647.4573495044,164727.868926366,946736.876628421,1305933.59170379,918864.635199377,64016.5981925402
"MWIr113",31028.4538145463,103465.043968711,628188.699099875,876821.954885051,613142.866182304,20608.2090495123
"MDVr101",461.70430423063,4687.51372710253,31231.5255678263,48320.4274892671,60851.2900780907,34817.5388334828
"MDVr102",802.396971871591,2604.68757041993,13636.7046429926,18693.5334355386,18693.86516336,6280.81221581725
"MDVr103",904.556064484123,2378.40655808772,13424.3215769951,16988.5653056989,16398.5067041715,7296.64379056271
"MDVr104",211.757964835459,941.449808960344,5016.65416342188,8304.71252253909,10222.6945198939,9128.73102034931
"MDVr105",426.91732282302,1511.46686517317,8685.90537530651,16018.9299847382,18206.3814179032,9634.3990340559
"MDVr106",766.928220363145,3069.76781029497,15662.2278319944,19991.5450635997,21352.2151181849,7300.31595556291
"MLIr101",11898.1308797528,75134.2656886198,464440.4319939,741276.865533663,791711.987333391,366072.326570673
"MLIr102",19982.0868874856,79695.2682622905,637567.447285047,913504.718197874,1175684.310633,373317.130734298
"MLIr103",11482.4774507302,49224.647479459,483896.221831171,821131.912817189,1278965.82506261,693502.254358844
"MLIr104",14218.0420714457,63045.9159632712,538590.85228082,804359.373420679,1011007.95517109,396524.529092693
"MLIr105",7921.03028277581,49503.4600755867,405261.423963283,756893.141788281,938638.633440603,299484.55144947
"MLIr108",23269.5859218105,38530.4619046662,309412.431058541,548949.492186924,854709.942207623,402557.445720436
"MMRr101",20081.0894696492,92774.0304265595,505124.552613066,564069.46770297,431040.926565704,101261.586222051
"MMRr102",3840.07916726312,13530.8862041832,83223.8462160293,109053.214868363,77610.0535054452,5256.09493871633
"MMRr103",11458.541773563,66908.2476799575,441244.367863198,558420.557946604,376306.380157713,62975.4875789654
"MMRr104",7390.4886928675,19294.6379623878,115734.448012123,172117.225383304,202714.061314798,33935.2859345191
"MMRr105",39010.2286518114,242192.951553232,1782746.89921025,2199577.36381745,1211739.72897189,135227.931795361
"MMRr106",22113.9471253958,55115.360631884,377001.93959342,507138.958338461,320242.264109408,68626.567201432
"MMRr107",65401.003870916,354672.525889057,1952719.14321732,1433632.09291287,1020906.68662413,142773.681485713
"MMRr108",56460.264122677,276555.649204036,1578703.457703,1307850.8270111,691577.220700286,56077.3362588973
"MMRr109",80659.9808960364,500778.235772579,2570234.24653502,2520040.76052242,1391584.70782942,151301.32844453
"MMRr110",20949.6663564106,107302.901258219,615462.29685118,800726.522091494,458475.875243931,44219.7681987653
"MMRr111",11221.7723411759,64643.140213286,490730.616716464,686786.311693709,629628.641809464,66527.3762259018
"MMRr112",100704.397100439,607198.06372655,2839750.02841731,2281109.48065079,1562845.20868682,180829.195418085
"MMRr113",55251.9603802128,306304.049090707,1875195.10071234,2168986.89743523,1489800.68152732,151546.776854196
"MMRr114",66379.7379864603,372566.8758304,2242784.22460801,2273266.47387405,1074497.4334759,237918.201225178
"NAMr101",3930.34901892309,7058.61049160596,23910.9866891262,29632.1220595792,27648.6738723662,5742.97964839925
"NAMr102",10486.9308736098,24550.3000939132,50738.4720903907,53026.3396220309,30747.5713900911,5514.23642996425
"NAMr103",3766.17320764571,8209.06762945606,22960.7686982747,22825.6109779752,20815.0691957895,7216.45801085881
"NAMr104",4794.13137901356,8025.77573471897,24368.6030032223,22626.0663341602,21054.6727097415,5463.02052914343
"NAMr105",14232.7581930843,33714.4411424036,117967.008874795,120573.359052762,81056.1601816849,21117.1735552704
"NAMr106",6427.81228544072,9048.44017452631,23948.442537735,24149.6856889934,24627.9335842457,7340.72247905893
"NAMr107",6244.69531173234,7356.60676748712,35657.6542688075,57118.5914850908,90511.819058891,59262.0703079913
"NAMr108",3541.66832940126,6846.46057002864,30118.5944698165,55267.2251694484,87489.60438194,52106.3278793652
"NAMr109",5368.56849448926,7377.36937472303,19856.985549217,18299.7497836423,16233.6956865755,6590.7723413529
"NAMr110",5201.91475033134,9916.69921694158,44249.8542006731,62660.9447844756,91958.751542319,39263.6491052594
"NAMr111",9796.63767922364,16339.6973521348,39763.7002163365,44994.2882826671,55136.0575933247,21253.9205763133
"NAMr112",8022.48554443384,14157.0079173289,39339.705886311,46836.9109970325,65607.0035143562,20819.4767405376
"NAMr113",8403.75597436564,12440.6828101521,32433.9271812954,39925.2236453393,41895.146147024,15378.1164418236
"NPLr101",65694.8378820929,432858.981750168,1960815.03290281,2083818.24568674,1423776.4136847,240909.513093488
"NPLr102",161140.657110762,651168.73184758,2999212.12894799,3388679.39869195,2564419.54894849,624301.574453232
"NPLr103",79652.8858358894,333277.397135967,1533704.11435719,1553031.15312917,1052947.97151437,228728.676027415
"NPLr104",23474.5715680467,172860.367165852,965968.082056625,1191669.55360124,816251.280558153,179868.315050083
"NPLr105",24404.0870037493,125465.129961731,774253.388184427,1089348.46248289,770152.826431428,127470.088935772
"NGAr101",265653.831606682,298477.546939198,1285414.52891597,1660635.32878795,1773675.34204403,162933.748706173
"NGAr102",213194.518279953,372994.169625911,1492417.64384865,2032753.25662008,1455311.12585837,153896.120767034
"NGAr103",39303.1455028219,209854.443639933,816139.736940836,1318711.37204484,2118332.28581915,1714715.22505241
"NGAr104",108810.09288468,246999.067153874,1096274.99959864,1322981.91212065,1146618.80367454,197033.08356763
"NGAr105",269269.696292447,270050.759631335,945673.23672981,1514915.44520884,1957452.38739575,564234.167741824
"NGAr106",290858.898035655,333422.096671595,1273154.46140158,1360978.78339116,1652177.88318571,576469.010314306
"NGAr107",206266.119626109,277529.279238559,833131.660970112,1216567.64437546,994552.000942059,137470.293847703
"NGAr108",108308.475685819,149702.733193542,638044.95996946,1000903.38438068,1310145.5289591,890759.408811406
"NGAr109",302062.996660089,566655.951096768,1330389.07479288,1668552.50063867,1157974.15443312,133788.431378466
"NGAr110",237211.797880338,329361.921357151,1479498.00587321,2157276.7519955,2378451.65913987,1107300.33675393
"NGAr111",231261.933121902,294018.241537596,1580687.83183412,2268744.08297036,4617467.82120019,3285678.67933583
"NGAr112",38841.6636100207,271971.582108964,1089666.41910053,1612528.72262415,2874289.93835745,1656825.78819889
"NGAr113",112480.10833715,158627.737173176,745713.690345478,908369.769850204,891676.861009775,204315.186284217
"NGAr114",565711.701102818,770729.701050634,3464495.95058405,4122757.18103083,1743236.61455947,156474.291672202
"NGAr115",75067.4555102308,144757.132767797,1026562.88899428,1591277.4927101,1860397.72968527,555077.185332322
"NGAr116",585499.709505839,430743.688531259,1518032.2505144,1619044.8524468,776725.630008794,14127.4729929101
"NGAr117",225592.584253014,280725.828240032,1251158.66725003,1480731.58795574,1042354.0375722,191554.828728987
"NGAr118",358681.036730713,485339.149687464,1992639.77638539,2413107.12408212,1534523.57768118,452584.13043313
"NGAr119",96827.3238576035,153821.473300179,856535.398589812,1128954.669285,1459781.17108277,404809.398884644
"NGAr120",772786.578024827,584613.571877856,1759923.03530828,2137668.96464096,1545992.73405989,260973.971088183
"NGAr121",33238.3061488203,220540.561113753,711714.141612656,1163023.91255415,1631393.0051255,1080602.98044512
"NGAr122",218915.333700361,337216.750274651,1123270.78851377,1125696.35851016,906931.347805016,99322.9141960346
"NGAr123",180650.831619694,511416.696067834,1442163.50920694,1576264.29765221,1463616.76363887,334771.125814456
"NGAr124",131373.317065834,311205.314718755,1000347.81545331,1446852.41139713,1160825.92359354,214102.921771438
"NGAr125",61057.3308191698,209734.964416454,915077.540308335,1289068.47673956,1970899.10932577,1164695.95539071
"NGAr126",29907.4478825,135710.910321847,589423.472891685,866843.890718025,1772781.57199524,887084.298190709
"NGAr127",261211.298350009,395709.981421015,1141231.28432656,1340204.48081536,1046268.11776165,261462.084325396
"NGAr128",182334.944815072,315934.689999717,1429072.47706661,1573281.24247024,810808.218692976,96398.7529553853
"NGAr129",45512.7640394307,97139.0110975004,438434.857752871,641244.685081656,1077234.73675271,644044.645275828
"NGAr130",65381.8640059634,108361.156128618,479233.525435048,553594.101718073,1187684.56459963,764226.838112668
"NGAr131",44737.4130690141,134759.496652076,472561.504907046,593355.977937407,757931.128014341,193987.012420115
"NGAr132",102368.020163891,140736.950587141,612908.026301755,786347.182416874,986656.124756967,256439.794773371
"NGAr133",178889.654512479,292168.276151009,894279.32072437,984757.528176428,756227.224912752,57679.4425229616
"NGAr134",46195.1654138623,102111.137244741,373454.329052808,653040.657758934,1022351.45422578,941062.293303871
"NGAr135",64136.1793683914,72535.0556128122,379593.71922317,540349.519842622,738559.82582713,629602.284125874
"NGAr136",34748.9358997485,177283.906063607,674551.512073266,917378.365064419,1517174.66155835,980497.461340607
"NGAr137",150496.849867612,116049.374942626,469274.394812322,705496.68111061,607177.713938925,177541.624327905
"PAKr101",315121.832960018,1683473.74787941,13559807.9354938,31952909.325975,46538845.7285093,21222253.3291825
"PAKr102",75296.6641550315,697763.107270455,5036318.0268358,10795884.2785719,18266822.6092003,12068026.8239666
"PAKr103",19463.5776307833,219523.566220402,2356249.37044064,5717931.28087441,12040463.4074783,8914904.36735548
"PAKr104",2957.7314315443,76713.1080884908,436081.302535504,988375.04931327,3274682.92208778,3214458.15654341
"PAKr105",8722.90690036844,46213.2713570394,339052.452398075,759638.650339751,881371.374354522,283976.882650245
"PAKr106",1271.60339143563,5368.99209717266,63015.0125089212,190175.351652484,502283.339617074,267319.290732912
"PAKr107",8911.72366738661,47986.204362851,447642.734984881,1027933.04917279,1533501.98799568,584060.658816415
"PAKr108",639.650521137378,24802.6761928819,169568.115173651,665381.913083206,2090338.98959961,1392642.31042952
"PNGr101",1566.54359275786,5437.4432904879,31790.7826736775,58312.0895850214,77533.1559516797,27411.2672063756
"PNGr102",1006.7345719172,3494.35672820086,20430.2517554291,37474.0906141179,49826.4516399375,17615.7691903975
"PNGr103",1970.57066377447,6839.81364049341,39989.9396383166,73351.3536494308,97529.7229483778,34480.9038596068
"PNGr104",2868.68195826141,9957.14101963275,58215.8358800835,106782.115808589,141980.067885688,50195.9907477446
"PNGr105",2056.62543245807,7138.50812097663,41736.2992429273,76554.605320112,101788.843365822,35986.684017704
"PNGr106",1613.72016108323,5601.19227014916,32748.1642862002,60068.1621840989,79868.0722898813,28236.7594085873
"PNGr107",10082.4751277529,27909.8049782966,149697.660172576,218765.173674082,209785.508849648,26524.5179976443
"PNGr108",9107.22419413527,25210.1639658187,135217.804681356,197604.601774291,189493.51598354,23958.8721008589
"PNGr109",6822.11899463887,18884.6496784306,101290.133422222,148023.379951551,141947.457007229,17947.3210459284
"PNGr110",8157.06934211397,22579.9926752294,121110.558559053,176988.553771598,169723.695915392,21459.2478366129
"PNGr111",11123.0898988836,30790.3829070085,165147.992993184,241343.981779206,231437.523509937,29262.1201117813
"PNGr112",7761.60698176508,24150.026004877,140790.968661656,220137.667593482,281666.877456644,58470.6993015769
"PNGr113",5837.3383574578,18162.717265003,105885.871789585,165560.824450879,211835.625234032,43974.5605030438
"PNGr114",5252.04537592242,16341.5942993904,95269.002626429,148960.52091622,190595.481679524,39565.3589025144
"PNGr115",2661.99173634181,8282.7138514559,48286.9586168682,75500.42837368,96603.0490789259,20053.6459427282
"PNGr116",556.429952703517,1560.85596633066,9089.86500892325,12773.8518386225,14929.9618448207,2620.6927485994
"PNGr117",2079.32670377864,5832.77279696133,33967.9755824865,47734.6898906286,55791.8713748201,9793.28375132477
"PNGr118",3991.62461010092,11197.008819811,65207.3611347198,91634.932873566,107102.07608002,18799.8895817821
"PNGr119",3502.30498891088,9824.40576983813,57213.8135529906,80401.7195779064,93972.7985513857,16495.2753589683
"PNGr120",3403.96190234412,9548.54104927573,55607.2764190541,78144.0768844226,91334.0863055588,16032.0957393447
"PNGr121",6506.78664692951,18252.3545149844,106295.162535882,149375.007886557,174588.150582197,30645.8854334492
"PNGr122",6242.64859742217,17511.4140812329,101980.191348446,143311.243179147,167500.877544954,29401.8390487969
"PHLr101",268387.507907632,833572.758029611,4334917.51947237,4013311.4066052,2548904.44710132,172862.650883869
"PHLr102",69237.8763226342,149495.138343872,553020.638542224,579781.646364077,450026.487532289,51244.6368949043
"PHLr103",69890.051112114,264741.707829798,1571224.36556767,1755184.35292356,1263779.76376364,256752.163803221
"PHLr104",59377.9751971158,252725.967365334,1253564.56028723,1357522.96994442,635252.353857933,96533.9203479604
"PHLr105",182297.269015986,604289.497238204,3842789.52465615,4022314.31623218,2429676.08794357,334685.714913909
"PHLr106",190257.649730971,862373.286788581,4474676.22642304,5494688.83537799,2807983.55301367,367847.418665748
"PHLr107",66661.3013741472,171125.089314944,934499.838888672,1016917.06321692,610815.854459131,62727.3467461903
"PHLr108",80553.2945925277,265559.157107771,1493526.50037987,2047394.04917702,1670271.36748848,209693.896254336
"PHLr109",148497.481890804,463766.170188618,2450164.25273177,2448593.52527882,1714141.5405199,199568.663390085
"PHLr110",164283.522758818,487457.397079437,2196646.65399249,2239132.1511273,1867444.59871761,207809.849324343
"PHLr111",68844.8553744785,232454.464302268,1144319.4834789,1308945.82563987,1219483.00412488,142130.386079604
"PHLr112",67549.3364291539,202245.323269579,1051536.29158431,1182088.87776364,846908.48807772,141563.419875598
"PHLr113",88283.8161990435,309506.032203306,1561200.12316981,1627598.96219827,1110520.85580695,180519.346422627
"PHLr114",449342.358426552,378840.225607194,1703606.07868084,1548584.14191901,843347.253554836,128661.865811566
"PHLr115",69228.4166102155,249955.454147984,1307336.69518023,1441910.06973275,1173638.55563587,145786.849692946
"PHLr116",40579.8674434949,108805.57069197,726195.098889488,847941.551252331,755858.144461384,130096.276261333
"PHLr117",4371.41402650879,60786.9400433978,555879.973516854,943898.54056865,954129.518976483,166852.075868106
"RWAr101",37500.4058910059,96497.7442331764,380976.428733999,426027.534739187,329635.361452884,34782.0019497484
"RWAr102",48312.8945654039,154781.63002099,892527.838288285,1019062.28406927,690883.544053441,20849.6390026131
"RWAr103",36232.2362370958,132850.869861541,745200.209230835,919147.337017501,780450.830446325,34868.1832067035
"RWAr104",32000.2235514019,95398.2526241848,557702.502513818,655805.472659026,452584.789724759,21281.38092681
"RWAr105",54064.8206047229,161403.474094752,936074.622696881,1100142.82256265,746704.409349097,28691.6566918942
"SENr101",63705.7975070528,97241.9516473378,372938.077547038,447826.51926702,1035168.02284599,1206604.05318556
"SENr102",5434.26563161072,13629.0461937972,39120.4602546222,70857.8238774137,176028.493414486,277877.42882807
"SENr103",2925.06685481276,6547.56469675607,57693.0201596505,138156.41707826,418710.027045523,978105.162164998
"SENr104",8847.45956077484,12142.3610089051,106040.734176321,244411.077305619,501850.341921369,677267.779027011
"SENr105",7196.34668390551,13742.6262270184,44438.3411008167,113999.222938211,226566.43730259,495556.963747458
"SENr106",4311.41268800483,3768.67817803693,35650.5732412062,108114.344223235,354353.564362208,1125890.92930731
"SENr107",10690.2342619754,13505.3672754861,69869.1620846971,193276.836874708,512849.111790914,1070933.06771222
"SENr108",1987.13320132315,3579.3863221426,50064.2638235884,122755.477486358,283343.486690041,457636.323576547
"SENr109",3863.67341096278,5993.15341750998,29219.3296920943,54732.7712490037,187814.166604029,473554.2244264
"SENr110",3815.45330959055,4754.81772800968,32915.4102378372,91380.1303094827,317714.729732516,746173.511682564
"SLEr101",2831.55769819726,8301.21150013476,75362.7751812271,179516.376466375,257023.17512344,68052.8122306253
"SLEr102",244.178687612239,4148.53223399693,34017.8483646031,86819.9441120385,168458.227481495,102449.754720255
"SLEr103",1545.6417335907,4614.72739927258,44994.1022865768,116027.04007423,167055.661194277,55747.5358120527
"SLEr104",3083.24287610738,10043.3836810416,68857.0575063859,159423.704589364,257838.767263792,153565.33998331
"SLEr105",1593.45348190179,6288.74214485923,63854.7508389802,132711.244315844,181391.550944259,115289.477974156
"SLEr106",4906.72051421663,10165.1575214227,108675.396385652,175561.332243595,176900.678875133,34605.3736599804
"SLEr107",5691.51889525652,15903.1200167481,115926.126486914,205841.616612807,261770.941027366,100750.083560909
"SLEr108",1654.58401812737,3984.89087958117,55045.2665042684,126339.180922643,203879.462259713,35912.6206156667
"SLEr109",2538.67602207983,13185.5156451274,110298.102988145,216447.428953813,246747.270038403,133862.567752431
"SLEr110",1603.57997715299,3814.98500923292,30498.8727715226,57587.4774995657,81740.2791658157,21953.9178767101
"SLEr111",2246.45700784677,7122.24503371696,66066.7493899275,105655.186985867,127221.661035113,52524.1130475285
"SLEr112",3374.7355704887,6027.67149181908,69367.8298278648,125981.928759177,116942.80878669,32582.1080639609
"SLEr113",6334.17303963896,15319.119593761,71863.1495319843,156884.518614004,186262.397755053,123991.244865559
"SLEr114",12864.3462199574,27542.8631069726,176568.295132498,250973.494161082,232456.823134684,164831.520544807
"ZAFr101",267560.617934663,890965.519575314,2573506.26473101,2064173.57163839,664492.888354211,18424.2297664024
"ZAFr102",376075.182360836,629278.983209064,1948159.08268706,1814547.39509446,1575588.61641504,479209.847233535
"ZAFr103",47780.550596989,121817.135241795,429542.7035004,320825.321341784,289138.891819458,52802.4134995742
"ZAFr104",159996.394474093,318554.053058575,1006034.24318223,780862.24473128,472754.840518757,100595.613035062
"ZAFr105",866869.742568461,1038888.77053184,2763493.21891481,2422219.2095702,2425332.07018185,1217377.29823285
"ZAFr106",409798.804981409,465566.855348532,1030139.10103242,927745.544714029,862131.032043739,155242.728879868
"ZAFr107",1033982.10037135,2109722.21036219,5135999.07266973,3196707.82091167,1684705.53771913,438537.697965927
"ZAFr108",291261.981972362,440936.930668013,1278498.24723618,1129757.04162978,1066313.57561296,246897.5068807
"ZAFr109",341758.406522992,510158.237897445,1725771.00977185,1630116.07664121,1392860.79818905,190979.416977461
"TJKr101",13429.4190235472,37121.6229334414,186206.351970284,267239.907366736,174944.613670521,39705.0850354702
"TJKr102",3621.42466760228,26452.1955672579,198160.758980947,795442.361453908,1225398.03577328,827888.420557
"TJKr103",17118.1012233656,70920.580428335,407529.192698431,971304.532190113,768073.750980235,233001.897479521
"TJKr104",4313.26733922346,32250.3298047388,273972.193156317,834829.243470108,1148478.20612902,475824.08110059
"TJKr105",1517.15601327834,7416.20678013046,57230.3286939648,91609.1288482504,67571.1551625689,11221.0507018071
"TZAr201",42871.1496376107,121652.664945708,678919.439075424,749680.410359827,752481.020593733,45315.8623876967
"TZAr202",64840.8735875792,149597.477534331,810466.338192444,1232811.39351695,1273542.76523996,99245.5609287309
"TZAr203",55366.8002020097,130435.31578337,606612.418618829,625815.520288716,428348.746802663,11801.1773044117
"TZAr204",45179.2087552706,113626.290003434,437505.144923403,794659.173440811,727803.554768617,238840.627108464
"TZAr205",85259.5320657498,131756.932337788,584431.840806895,856716.748613007,675712.343639803,229999.512536757
"TZAr206",35188.4910694688,68862.5728727805,292140.122024184,424500.573089341,386463.921365653,56885.0655785727
"TZAr207",142971.522256086,357432.044271881,1455525.66392264,1697433.84483756,1488971.92470996,329047.926001878
"TZAr208",18845.3545202566,53576.8233974656,282172.977556678,316864.131904368,238031.333302945,44896.206018287
"TZAr209",48332.3141199931,97890.079145592,412340.89484924,526174.199780526,279689.021405443,61894.6756992067
"TZAr210",25151.3913221697,102031.072965648,440907.169830116,552959.335227749,449409.843961808,7441.90569250968
"TZAr211",50026.49926054,120855.633078984,508632.728007249,697549.317113689,425468.37873066,25530.9548088784
"TZAr212",105104.201184797,173151.508869483,873077.035882003,957862.409853879,926479.74618513,127794.527024708
"TZAr213",15511.7163711815,51818.6355091113,282884.832591656,468828.665871665,663420.714497204,103885.485159183
"TZAr214",21933.6235588299,43333.3218417522,266419.833401995,485235.459385732,976725.830011447,907653.979800243
"TZAr215",29173.3649098271,60635.102136205,368440.40078597,536487.840770561,633479.540259826,215663.056137612
"TZAr216",16836.0369699854,63922.0168377335,376804.308745342,627867.654605765,1020845.38522619,337171.546614988
"TZAr217",30674.8552875157,80200.5444474738,347595.036583786,579539.205610305,1461739.15591956,1128131.07115136
"TZAr218",33328.7711757712,114882.646192618,559067.191787826,983984.515164911,929811.086748377,150715.405930497
"TZAr219",58571.9194323571,136775.377250286,636319.29527546,1086084.73990191,1945229.08851121,1414309.11562878
"TZAr220",11289.1918636556,35580.1419858081,277302.75182019,529563.332326413,829136.178209895,287649.996794039
"TZAr221",1686.35846125279,6953.2556137322,36892.5414430891,57349.199478921,87774.584569859,23237.2633331458
"TZAr222",1248.18878023699,3606.20962278161,27086.4457621768,38374.2085810622,41606.162240836,13667.9121129064
"TZAr223",7110.23714090298,15865.2210937488,109531.885651364,155585.962759547,311453.536647515,113005.849606922
"TZAr224",1464.73426623085,8973.23721102513,34005.4749358367,52097.0327440223,113188.066675828,21216.1996670566
"TZAr225",2400.27459158478,6485.53161340499,32419.6104675598,41045.9861631251,93629.7012549887,39347.5903093367
"TLSr101",575.69184539882,1192.60433734105,7231.67285870432,15701.1526720872,23946.2396096282,6135.2280268404
"TLSr102",857.552798395814,2999.63613871749,10480.5783081286,18819.8152283744,25536.6128756769,2517.97469070675
"TLSr103",1666.65071032899,4817.60389433254,19838.4869921957,37717.4449014381,46026.8867103913,8079.74369131339
"TLSr104",971.948731432592,3844.29198913248,19847.6005017989,31498.6075530843,35476.0810332287,6243.61678132305
"TLSr105",748.961989757963,3264.21604669702,16143.5375005567,26024.9240666328,18103.5529992541,369.405337101428
"TLSr106",1707.43381213626,4209.61626123941,37199.7647869162,74703.3282296603,109861.243483632,60510.3168264159
"TLSr107",1619.24822694275,5181.13471791856,26095.5016646893,41808.6065365727,51879.0770492561,2905.20370462056
"TLSr108",649.230165945247,1001.1788659475,11903.1294755267,22714.1456545747,26757.570564673,5836.5200233329
"TLSr109",1560.282230587,3316.63408441773,9960.03822061639,18156.8369510835,24670.2205294222,4142.0538438731
"TLSr110",296.147868800721,1100.91132943483,7317.94146546282,15455.2334541796,21402.2921466969,5114.16620542514
"TLSr111",459.812246121821,1221.30292125385,7451.06684168356,13989.8771549443,18941.9802357094,5626.03141028714
"TLSr112",1048.97721028304,3460.79085260194,14790.6082420785,26977.7722780811,18341.8715679611,960.139438994386
"TLSr113",1319.69552975035,3159.39412955299,12555.3043240563,24399.7385596517,27909.9423909077,6470.10079608099
"TGOr101",77451.3723788709,126283.966829323,507220.519389655,527069.565884244,405829.863569792,102780.290948115
"TGOr102",59985.338316691,82455.1656233295,357241.138843303,385683.17036504,352845.002946629,107931.510905008
"TGOr103",52870.280603032,79480.5341670675,356851.792288259,458167.171405514,446639.56013185,251106.964404277
"TGOr104",16132.6630509232,21006.9618592866,128912.569223229,187452.455869861,266533.296052899,145012.275843801
"TGOr105",23678.4264806747,38237.8029234834,159101.65807047,216155.027113338,288950.373619321,176588.275092712
"TGOr106",9200.2097867257,18816.7524980568,128874.227657832,239082.914212669,399103.17755441,265755.221290306
"UGAr101",202860.629354582,342757.810975123,1221408.42735465,1314299.77253065,1360030.19728126,255523.224503734
"UGAr102",147798.981440802,225479.249801224,805840.173486837,1086481.14527613,1255848.61066854,418199.624326473
"UGAr103",88793.0305809609,145370.35386308,514509.979964285,445812.954054987,334464.324382975,80930.5781537121
"UGAr104",111347.545501662,172254.962859816,794115.136088516,1146900.38396304,1570455.05289289,388296.669694078
"UGAr105",113980.940417288,197749.975773922,963566.551496964,1518188.32235257,2134685.67201502,635119.559944237
"UGAr106",102266.389029874,193132.268381893,953278.237274005,1424503.30987593,1911446.25745348,324471.847984822
"UGAr107",54865.379394099,113735.257374415,509691.995124388,877467.889046406,1053790.04971056,252668.87035013
"UGAr108",128944.932088063,206260.062449988,1125922.0941574,1500076.79030221,1631958.54134185,393122.272660489
"UGAr109",108262.28266274,250302.071795242,1202619.59860123,1602487.86609685,1252740.44028822,195463.028555723
"ZMBr101",21076.9620008442,67365.097618616,327977.363781135,549988.663069099,795120.573968337,258694.323561968
"ZMBr102",31157.6646270965,83684.5869304196,403809.163293551,684246.816226737,911908.686915938,232240.590006258
"ZMBr103",18308.3709079947,59112.2319367741,330868.335531214,599710.064581821,789022.677965891,140835.558076305
"ZMBr104",15382.6964710103,49015.2453469229,241088.311542086,407562.537307024,513684.275379486,44129.5689534706
"ZMBr105",55096.7977344047,111666.904042222,578325.490456162,806839.818225865,738779.303177475,160419.40136387
"ZMBr106",25267.6203596998,55789.3581273637,390684.647020359,666015.980386653,1045553.67681197,122020.316293954
"ZMBr107",11434.3684133662,28828.0773114724,137892.485310431,245261.061708727,369807.694523302,80157.4129327009
"ZMBr108",22590.2634362281,51197.1992927287,323170.760003538,559938.783554241,776131.780397591,247136.487315673
"ZMBr109",15629.2709765495,41485.7399261911,209683.61458551,328877.922208041,411290.535610944,44911.1296927654
"ZWEr101",48638.5917214635,104188.3417689,551754.878907415,634055.096513111,483820.877790454,86660.1312986562
"ZWEr102",21560.5266790379,49165.6381602878,379316.779455471,400128.155143497,362936.166533823,63437.7130278839
"ZWEr103",57483.8117238636,131275.996372544,443762.205283043,520651.677931391,280029.54719565,71393.6344935089
"ZWEr104",41788.4460565153,93230.7261917109,452782.252743198,599253.427670519,437592.458223642,66396.4721144139
"ZWEr105",21705.1638684544,39785.1053830209,240851.05270153,213373.888581618,238232.420273947,58974.5176914296
"ZWEr106",27822.9847365375,50433.609129108,209004.300402526,219148.205081191,188241.31175234,41027.7157982978
"ZWEr107",45044.2495820085,96903.8688896027,455448.563665671,546650.522823489,480564.268259992,129745.410779237
"ZWEr108",34424.3207894053,100400.05867266,466476.524615819,498553.219187729,449955.095598628,79788.4261357584
"ZWEr109",69774.274225351,147941.288303616,725259.057346958,822472.633768608,386719.257679162,38287.8936763042
"ZWEr110",23689.6152388289,58830.5661661034,213848.098962049,208046.0131523,128959.434134468,15039.0073462507
