"GDLcode","X1","X2","X3","X4","X5","X6","X7","X8"
"AFGr101",1130744.27076888,2183541.44895183,1794895.98621248,948442.155114494,660033.324031731,482773.494699082,262822.634595985,214342.873625517
"AFGr102",158629.046884156,342299.752977588,243965.580223198,114466.996497372,85207.9091116735,69761.791971661,49482.1932645,46739.9580698522
"AFGr103",614818.131772653,1049179.34929594,669942.425610404,393731.353606985,232886.695999814,157779.002340036,127933.925654473,72954.3677196933
"AFGr104",759453.263012864,1328416.35436602,975547.364697104,589200.273745849,386992.704492139,298713.834738332,224165.55131112,161720.247636575
"AFGr105",714775.423822392,1496022.84743033,1079381.03624063,565050.822128311,404640.869395514,309980.020309373,198329.285901247,138495.480772201
"AFGr106",679198.030781838,1271063.57266736,711661.433882124,473510.134582827,245237.093446201,169423.55849717,142244.369971432,80409.0421710439
"AFGr107",539801.783078087,1067316.72475507,729211.593225659,470718.239548692,290770.754448809,216832.264084476,100574.024181398,47525.0246778121
"AFGr108",818138.163482084,1470662.02827029,982048.860390943,584988.363454382,353327.915666072,293188.86116917,168895.413280367,101822.647286693
"ALBr201",7021.87230694737,15608.7032533042,14814.8973461111,14830.2685014038,13521.4796844558,18791.6357834848,21468.5466206527,25235.7305036402
"ALBr202",8571.42060346336,20475.474389461,18335.2386606018,15564.0418998942,14182.3565161796,19053.7763875508,17519.5789299764,13429.4001128728
"ALBr203",14365.466205318,30439.5752894227,38362.1167009238,33939.3042748913,27916.1504315303,36820.9253054712,43159.2213004815,49928.5919919611
"ALBr204",15472.8375567339,37262.9706154543,40791.3257880742,33968.0690421724,34647.2128163302,43379.3554922394,40965.9571098727,38347.743879123
"ALBr205",15726.8859374817,37654.9575938017,34865.5771712475,35752.4635533654,34368.4870682808,44574.5535635111,49925.6927435155,45666.8106687964
"ALBr206",2856.50994454213,7809.23213916457,5964.87300957217,8300.03746792464,7376.90261075635,9242.67349092251,10962.569142115,13200.2237850026
"ALBr207",10021.3617636269,23625.8814074405,28363.7386254985,28041.2488225401,23615.1581173438,30643.1058424027,35718.6611294334,35218.822191714
"ALBr208",5793.18274534193,13741.2401924534,12982.663366154,8812.20446574126,10672.27660583,11977.6477222623,9011.10637061497,7577.80149160218
"ALBr209",8350.29558330313,18165.4021309653,19332.3309921301,14848.0217845354,15401.2334748057,19763.2053736569,19278.4998219159,21164.0678386876
"ALBr210",9019.46658577999,22090.6056636588,32571.6455076992,26383.7248229648,20259.456467525,29922.8766959832,33745.7715557865,34025.4990006025
"ALBr211",38546.1476516113,104055.886785528,129319.239395877,116359.0603783,100364.129694851,113244.652686523,129025.622753697,138491.135853612
"ALBr212",7725.49090378648,19631.16692089,19030.6655831483,19870.7739428057,18888.9603741998,20316.6218394181,28166.88079028,41661.0689454717
"AGOr201",137881.140555601,228562.909194245,149167.102213925,116853.947046915,67799.8649007896,51354.4976033706,41214.6806259469,17671.3988592065
"AGOr202",127868.623368605,202566.905181197,108558.643217602,90989.0548468416,68659.9582669079,40085.2230996158,23731.730725016,17342.2759942144
"AGOr203",322896.651697709,473867.90897655,239223.96017729,138002.941490538,125730.797656715,87704.1176632347,82816.3389145772,51006.9424233858
"AGOr204",1194644.35693103,2203089.83165846,1466738.86670314,1058105.28312768,705806.204729784,438634.672033548,213568.460104545,97108.7327118105
"AGOr205",108487.290164184,149561.85519301,80726.8673326831,53140.2660264266,35528.2371532779,37421.4810032279,33713.8097651057,22141.8225620844
"AGOr206",441706.292462375,594800.099532383,335780.159426967,204069.787132259,177106.545948771,147060.967470221,84362.0975533,57888.4084737236
"AGOr207",245993.871644605,364683.525304059,160016.894279377,115810.687616793,64664.5022746852,65992.3460982161,67783.6508637257,44098.9779185381
"AGOr208",219408.945255953,277848.483310955,129077.632988512,107742.32784144,77284.208585528,58003.6278693634,41161.0058079311,23493.533140317
"AGOr209",461107.668109142,708535.050738188,381965.192988367,245226.636037445,192671.796892221,164577.734437184,75779.6047348674,54607.6970625849
"AGOr210",475881.77345599,659181.026572438,361547.950328702,210912.441777063,142603.659963203,130512.424977455,78543.1250503934,57424.7268747554
"AGOr211",338209.917354149,502612.977365675,235208.669129962,142055.112193394,93481.0661900947,104532.397201261,61886.7260587076,41086.0385067567
"AGOr212",199724.703878378,271019.765519689,133146.6639827,101323.408543532,58792.9870052991,62294.0662341989,55217.4746098134,27347.92812639
"AGOr213",124979.402532933,160305.568386115,107969.273106555,63677.0253515672,30985.2902020117,32199.3714870594,29085.0226173166,18575.4623164428
"AGOr214",109563.896913668,175790.530364976,99768.6805123584,70243.9826189571,35337.4719709811,25075.6347592508,19106.1005628761,12162.7557969332
"AGOr215",603653.353682476,945105.124074754,491406.872403548,273389.327521366,188209.345015065,153117.84227086,122862.656977114,71377.9080548171
"AGOr216",266059.048776528,350958.188394977,201059.132893245,116930.802142125,72247.1848924423,53342.1098627595,44365.4728213594,54070.3202165626
"AGOr217",138038.609286649,188805.909953025,92707.5162614162,63061.8878116072,42398.3713178955,33147.0228467329,19499.4756613424,14676.3026613321
"AGOr218",90281.5913175383,117714.373428569,94354.5702678009,65537.2028841201,29489.2467535665,21135.3532165237,17216.8518637639,12480.252968118
"ARMr101",6351.56487987014,17424.1132637849,17593.4827642373,22223.7127750312,14583.7330435619,20109.7466248076,16678.1333280549,16245.812020652
"ARMr102",16222.7742408107,35855.3609927588,33011.7748907914,42060.5321532144,31309.3790330467,34040.9745606068,38537.6285956196,28971.5951331517
"ARMr103",22265.2407957442,38781.2954205785,41995.6400641337,46681.0481865884,32790.9192418996,42939.0105394311,35256.1704587213,30246.5700929032
"ARMr104",7257.805613358,27638.278028234,30542.9949437721,30609.5635125121,24997.1975843534,30924.003457535,29038.3562331484,29571.725827087
"ARMr105",11225.5743964963,18455.8466067022,24187.3185706628,29165.2676523146,18334.1535997674,35817.3839198962,38607.5628507856,33706.509003375
"ARMr106",18033.3306868155,28646.4848565397,23566.4967157444,36690.5045964869,25110.3900961181,28166.0171258818,28113.6429957507,21272.4827266627
"ARMr107",17452.256330715,30014.0222916547,28020.4201404535,34818.8847506961,25282.2582878248,35059.22369829,33614.9058535964,29219.3188467696
"ARMr108",5731.45197797162,14016.0522065833,11746.2577266795,12525.0306715899,13688.5932199718,18797.3726014543,19922.4411096104,18923.3857861392
"ARMr109",3008.79871398949,5374.22712282619,5663.87105618462,6014.77188778557,4813.18040761466,6042.22703244421,7928.94149164017,7047.44097751509
"ARMr110",7536.13678881235,14369.9675608593,13827.0539818602,16132.7550591125,11527.8942439417,15202.6645343889,14273.1755031887,14367.1353278364
"ARMr111",63246.2094157752,137938.413425137,126273.494000922,165951.46911906,136772.284734218,123491.208314018,154974.560092697,159173.677898174
"BGDr201",376278.174375996,921365.119284894,813892.767448747,563109.526382716,499181.543790703,364725.011427447,310326.19735346,326112.207936037
"BGDr202",447987.360742219,1069109.90578608,826913.140256995,587438.393653647,483725.050990199,351183.8171111,330908.85180641,271128.734653352
"BGDr203",887477.227482288,1890448.42766917,1804501.89870549,1293686.38330916,981917.929428514,612576.508308442,445313.206920815,387800.346176115
"BGDr204",343079.848058414,763368.739417176,602094.026253506,467140.883518789,261650.440824326,191188.333620706,145529.661681784,160455.780625299
"BGDr205",134072.479336858,287623.829680245,263133.180741565,209132.829835991,163567.840323206,123006.871093175,85427.8638639243,81724.9251250359
"BGDr206",853880.80820642,1710158.23016068,1459764.41249745,921887.003477611,613624.188635021,451002.1685107,422259.208899114,400424.358613001
"BGDr207",1426895.10410731,2886810.25571636,2299770.53066595,1565203.40071445,1085884.90357623,859063.423213285,699474.659320673,649326.942685742
"BGDr208",1488565.89108532,2733853.61268566,2749319.56677153,2752896.67225284,1827945.01851855,1164597.79685572,786615.883364423,513154.168465952
"BGDr209",1098802.42676305,2245125.31770736,2203314.1352544,2019102.06473466,1184765.57288523,793523.484607195,469874.855295747,422498.142752359
"BGDr210",710751.554385845,1620513.59455179,1476235.86827828,1143889.2110946,904252.174150121,778541.899914208,575544.44107395,547775.885551209
"BGDr211",1397529.29315966,3046015.88096134,1786011.93013338,1598708.59863507,1233551.65278685,827434.247605679,687398.900124914,623720.946593114
"BGDr212",479932.969924645,1001301.39925297,917194.334262079,711837.238966175,578907.687477449,407060.890011384,298838.516021886,276295.667083412
"BGDr213",585846.859648724,1373702.82020992,810517.664467693,792455.555198073,576607.796207043,420975.512773063,389661.011468632,292322.072026854
"BGDr214",487203.75900717,1172651.40729882,1092243.76398622,916570.752203739,799176.235913598,581670.151150001,446797.859503932,436870.907936524
"BGDr215",425377.328695552,1037496.90903457,739858.815982761,824391.856762417,641413.095543125,427835.25005099,365623.827774314,285230.883156271
"BGDr216",477111.000656876,1268691.98680586,1041064.54584034,928164.959226601,804806.760171761,580956.76069379,414422.205590887,313354.076013885
"BGDr217",708225.542987266,1435106.14049384,1431726.38064762,1141256.8750673,996845.410439424,676851.357495036,543932.78160183,445589.397267686
"BGDr218",845179.624211813,1742111.68697589,1356450.05686886,1279512.28325954,991612.250097848,729047.560435639,544831.848123154,415721.885027246
"BGDr219",645981.364932405,1535555.1388344,1213425.89814616,1184128.60440564,923640.57513078,674429.342828535,610563.340360821,405654.98736126
"BGDr220",708577.976763496,1688774.9010662,1371800.96241996,1305684.38692417,934946.769896752,672297.71056253,552034.319182141,486158.400184746
"BGDr221",643896.065478703,1516481.34189182,1254887.81246019,1021770.58039733,781824.271426726,619842.935716207,484157.255033038,391636.135595985
"BGDr222",682829.110094234,1551937.63953916,1305481.06846913,826104.723200622,586333.520067622,438535.777564795,359011.449686499,265253.869377931
"BGDr223",654397.066769342,1363216.80112149,1040516.41273585,676584.078253522,473037.041256823,332283.480599392,258872.34543079,235156.597832785
"BENr101",281354.24715967,458493.948579653,244531.277665856,182861.84716649,118564.468587834,81321.8786440725,59236.4582975947,72125.8088988288
"BENr102",365430.99561479,601040.391906729,365622.594192713,326655.617598188,223076.836471272,150835.14142563,80509.5973613734,73376.6594293041
"BENr103",457702.340454594,720358.081547034,384485.435232036,315400.884015716,172300.590263792,122811.786290784,74920.63029934,71662.8898967031
"BENr104",229264.269054693,363645.853082232,216115.862151066,160252.274435047,120851.898709259,88511.2035515299,57282.951319848,53271.6406963241
"BENr105",336669.916745246,553379.478764754,272628.467617863,257825.014841129,184741.859682318,120903.303583636,83003.203558634,85270.5142064203
"BENr106",324162.756687551,508191.094335156,284410.129501176,209201.550704257,144932.85522408,101781.03577268,68918.3041994056,78356.1595756942
"BDIr101",580983.477196699,1053627.02839867,554523.827503939,427557.928591914,286408.968922134,194436.241463401,154006.768889897,93309.4880333423
"BDIr102",222215.63636987,452034.722756353,251863.557384367,144071.23589156,115144.688152586,78368.2030807525,53030.5226903502,46734.0576741617
"BDIr103",239273.337985044,428001.2329334,243218.349235802,166153.290049483,111688.432504616,75187.5230589079,54432.4976270393,37799.9296057071
"BDIr104",405180.852981496,749152.304548177,465404.308280285,361643.141606957,211863.231868266,131339.938008114,96790.7633466195,62566.6673600847
"BDIr105",373740.736824909,654574.481007657,362883.51224423,273881.814400664,179971.990876822,141553.130613361,110033.742377628,73340.2236547298
"KHMr101",91791.0327016317,182804.545667055,120755.014937012,113970.61778597,81054.2409229668,79242.7768690461,58933.4838463187,42542.6503699998
"KHMr102",197392.567373867,387821.842813756,289433.590461747,251220.38283875,190277.31598299,176487.277838099,120008.029734617,108459.029956174
"KHMr103",51061.0486439798,116244.364320593,91213.3918973563,80176.2780065297,45054.0269568234,52466.5634361066,37005.486588371,27825.0869502399
"KHMr104",80004.7701657423,179456.840092899,153485.732044945,132771.646624828,87911.4793674968,66273.6489312863,40922.4475680077,38117.5429047956
"KHMr105",67933.3312637565,168079.584047311,115401.366669722,102258.58095384,74628.3228399767,66932.5729115033,40758.4661726869,36118.7304412032
"KHMr106",132671.016450693,287258.078833609,262383.702212707,266728.670294953,144427.187951299,132857.748885648,92482.0140971703,94140.2672739205
"KHMr107",13994.451745256,33071.9818446501,23015.8905279987,22460.37095062,15587.9853885387,13238.2933139564,7710.32938057823,6590.98524840177
"KHMr108",151364.36817894,284883.46303504,364511.970043526,361065.884256599,173733.670060409,168642.651097297,121817.295287806,86418.8750403829
"KHMr109",113229.738785923,206710.380627724,135346.730042625,145686.180885475,106827.879066349,107596.495924749,69800.5650745267,63248.1987926281
"KHMr110",45389.1135543748,101597.504662296,74642.597561489,69844.4835253465,32094.3773601201,39403.7189279998,29214.0892424193,20395.2409659549
"KHMr111",52322.7913090226,99214.6928011553,71869.4112961353,77714.1127399588,60143.5572109911,55077.2182374662,35881.3301550551,29748.5463502157
"KHMr112",81729.1334893026,196118.912327273,162593.444953778,144569.838527252,91905.8590074352,88191.9432943012,59583.6804908295,56272.8000098294
"KHMr113",163747.583613609,349824.325180151,260472.82645879,230543.067362076,133496.499191209,138917.165609104,107690.837175097,77416.7134099631
"KHMr114",91203.5109280278,200556.415086981,156406.026281943,143214.786570854,98858.1791248787,98364.3491658794,58532.6847508572,47838.9914905784
"KHMr115",92741.1871283405,175542.793465107,136563.387617003,107469.629431049,78679.6769167012,61638.1837114167,41886.3582025069,31957.4827278758
"KHMr116",40397.3835658369,74131.1400733132,59958.9115661244,50931.121596389,28632.2378218191,26672.7378579492,11810.220085927,7784.11963264108
"KHMr117",174543.55885469,393718.056065418,297303.124724714,260252.394941392,158714.312554895,143783.693399461,79735.7223643617,46054.9000950679
"CMRr101",184581.583934284,372018.060777839,217733.808428841,150529.098771524,95173.1239937078,64404.4289610317,36640.0240261387,42580.8321066337
"CMRr102",767496.72806439,1151694.19447027,961072.073342786,757757.191503158,465353.821079002,282483.01776829,187029.153987514,133682.351784589
"CMRr103",170056.187108995,255761.345336465,178375.509401808,114567.90334964,74982.8879104356,46517.2504393292,36438.7681646935,29046.406788634
"CMRr104",739153.973854406,1289338.70217457,616869.100322489,497540.463579627,280919.595015483,202731.312021866,142356.896071122,145000.852960439
"CMRr105",503830.362102477,938435.712546559,655883.142700449,630105.439549048,438735.616022529,273448.502582566,149749.480605206,127693.151891164
"CMRr106",436977.608172584,755723.832739679,393584.572977029,303132.163782695,197611.926765324,120803.035436537,68342.5158856836,97675.0752404687
"CMRr107",326188.691412667,530657.292846019,354751.243483878,253274.80001503,192681.470890098,118882.596627659,92200.5008766539,119959.236847995
"CMRr108",317888.990946391,563139.029716026,376374.763170952,182430.532539586,136308.681409775,115227.533548797,95209.4133107436,100592.581357728
"CMRr109",128627.488134702,180401.685562589,173021.830918398,114121.676225238,78015.1783667035,52913.2233586083,37903.1965980138,27380.3496357476
"CMRr110",222935.98419457,293804.477155587,364849.792297203,276340.207786677,174800.598838347,117113.155354037,57068.2829983872,69817.5753751909
"TCDr101",199769.245633159,345846.260138392,276705.860270921,166359.053720097,111482.167830624,63314.8008186117,34863.1588226929,25617.6817655025
"TCDr102",301504.514558901,646967.427140642,244644.798317449,148098.964088547,139136.759605677,106267.708957077,59769.3649758922,44157.9713558146
"TCDr103",341693.911299769,622066.219116774,205760.601350867,178772.785704372,124158.340042555,79861.5975829842,59594.7948965533,55781.4500061251
"TCDr104",449308.915267443,909105.849492869,271507.073895045,228539.693075145,190802.060562929,139807.326435705,89343.50184016,90065.1364307039
"TCDr105",272641.765543172,497166.219994338,223365.382349027,159256.978708841,105496.660792939,79396.6814738886,46286.4836499844,35328.5014878099
"TCDr106",334262.702026661,555913.593289879,255605.513955479,184700.958538216,121309.989722952,85407.7116406369,50944.9647387442,44725.648087431
"TCDr107",511548.324691699,902371.470416764,410910.329276896,306483.392502368,202508.473757769,136344.327330399,89612.045522654,58393.7825014501
"TCDr108",288405.949436353,519659.740989771,241222.597314465,177327.684222376,117274.383541113,85413.2905118739,39970.1176532283,28391.5093308193
"CODr101",1217743.40747344,2017289.40484679,1607187.96167723,1228635.57746911,845806.042324389,596012.915603746,327265.272112902,230211.467492393
"CODr102",653251.122783845,933827.473168191,504896.256768175,441580.384149555,316998.37042522,215932.854927339,157260.924235299,129734.627542377
"CODr103",1332632.20501221,2056042.54758594,972949.038620371,781620.548354356,600433.882852906,410683.622696806,235111.54803077,185124.378846643
"CODr104",1619000.10864451,2503361.83237969,1218160.47079232,931465.57600954,662732.191591012,434659.248638867,258044.43116751,152254.035776552
"CODr105",1776477.08771648,2850693.49272682,1459596.06875167,1180246.5777144,783976.700941008,640810.6278271,478058.522361177,254417.753961348
"CODr106",1225977.10548227,2116871.20714256,1143579.11316666,685900.931053643,503501.584354849,333119.316373479,261539.693299189,181443.209127356
"CODr107",922328.821075069,1426527.05203821,793072.084423032,525387.88366198,317620.060172709,228264.097820983,185620.710917011,108027.177891002
"CODr108",416163.381721838,693620.293938687,316414.063311276,242022.842018723,175585.238401231,131957.853923407,107281.224311492,58517.5883733468
"CODr109",3178013.96253991,4784270.97823318,2372668.81242608,1853333.64683331,1112862.14900176,851096.22938832,552447.762262218,372227.789315218
"CODr110",1385290.03695609,2259518.77087957,1180570.9068135,798528.833110809,495266.464144536,367988.683687099,256256.957242856,152156.57716554
"CODr111",1769590.58329686,2693064.31666165,1342359.63769609,933448.51353885,667686.918298363,455833.704522494,303325.068624805,202538.796360878
"DOMr101",428250.377098214,843623.295206624,738258.728978079,665768.71461251,483547.242142647,394262.071165758,243532.835954778,208400.946841389
"DOMr102",110323.890182886,244961.964410636,236596.635558217,162220.691874666,136948.724033555,111007.362913483,70351.3432351671,74535.3767913885
"DOMr103",135267.202854066,279619.975688387,302340.861622773,241142.118552533,204829.821143349,171881.146996378,123751.868797346,123286.772345169
"DOMr104",63624.1627532985,124673.908207342,129701.274513628,97888.2198726068,80888.1025385281,65749.8935750545,51799.5270938813,51943.0071456602
"DOMr105",52152.7062807685,92725.3458832307,81011.9414018523,49477.0326997095,39898.4716796974,35216.5117451257,25369.8091468053,29343.2740628105
"DOMr106",119891.450085718,199145.926672299,219075.862275714,164900.39299888,129824.049848172,94592.6472680431,58144.8965470565,68345.1743041178
"DOMr107",28564.1587016792,70659.931108445,57311.9458592297,35597.3511279408,27227.4061046465,26734.9012556531,19497.3943197795,29786.8001226263
"DOMr108",37457.8939159257,85893.4734584385,85522.9220931354,62401.9583292253,54735.1400661492,40822.3187339492,29902.6801359956,33655.539767181
"DOMr109",62639.1665773778,146678.183363489,146401.929819289,107754.400746735,96483.7743976647,77971.1552732074,50767.4000672704,55960.8974549661
"EGYr101",959509.231906817,1756702.69365764,1532936.59106739,1567429.94609667,1177286.35627401,1003351.11439887,970405.158770827,567094.697827769
"EGYr102",471197.649647278,937118.732825821,855381.463766844,813901.381644385,629467.112124524,605656.178674902,577055.794235835,367587.696080409
"EGYr103",78109.3463497251,121735.100368463,117083.825123818,126225.986811568,84685.2872128436,74580.7927158566,75543.1255250935,51324.4164926325
"EGYr104",76722.1750454725,117740.807788157,95324.9915851127,109074.899462238,64012.1761674575,58003.8130614868,38476.6329670819,25073.3614229933
"EGYr105",201707.988149664,327617.585523573,277673.333604469,245256.621165395,184306.986811596,139840.527663863,85157.9281593917,48120.0259220487
"EGYr106",840739.648150555,1439486.05985706,1097828.9221258,1074648.39094232,765999.494984977,707993.945300273,446550.582477009,286522.030162008
"EGYr107",940109.721118476,1594305.24587482,1281849.98792742,1156210.77212469,809754.807410705,672983.769037232,441755.727012074,292415.792494578
"EGYr108",755408.725398329,1224180.27411385,944959.497510687,962747.208940491,643811.183733593,531204.214517135,375181.077132961,197054.915652956
"EGYr109",477817.561883032,738331.527629088,611584.229656433,580777.557160711,420908.892323255,344297.531514601,215793.874617958,144238.870214923
"EGYr110",662122.929344724,1102662.10278767,868141.716394042,911262.679038627,621883.07018679,503241.769349022,386369.634358758,245397.982540369
"EGYr111",585647.848714963,919822.27146953,755935.859115984,737547.364890965,483156.699244055,411179.244469608,318629.690203825,176999.832891069
"EGYr112",934605.079781416,1283675.75589144,1114883.97245037,1162839.0544493,719177.138027914,560406.64118873,360741.957266423,242894.393944414
"EGYr113",178623.615612811,251009.551296516,227910.906494587,217043.895455564,142931.458784041,123995.745504451,86267.5681538371,54127.9366981927
"EGYr114",1137062.88339142,2183140.96437115,1640945.402403,1567715.24072101,1108227.16076463,837807.84241443,621814.743912859,374312.666021507
"EGYr115",446192.713612275,728440.616639396,621543.149728103,494354.257777359,339746.563359254,257421.856307115,154200.135595111,101081.824981388
"EGYr116",595464.996524185,819035.408285851,605549.237602631,550882.659761982,366728.301212786,264467.550451335,169605.298511054,125349.055650177
"EGYr117",736590.991125653,1353923.06224472,1123068.97042918,918522.868013643,554625.218879135,397069.858969087,372484.912255502,220875.907083085
"EGYr118",692524.640218536,1071979.67247276,974878.174876594,720087.604840233,453099.143659972,353584.33864712,258935.241938019,151309.359346768
"EGYr119",788520.124833639,1091860.7956988,963063.07778117,850044.289619558,463509.741137043,393753.995732006,313895.168781187,207921.515416597
"EGYr120",689461.007744318,1012084.49655211,1000361.28473502,831919.126716392,505784.690857068,396753.443434301,272238.440396422,215509.077564372
"EGYr121",169791.040722089,292400.919700618,249355.554982385,213943.798477161,154095.271185092,116203.981073018,77243.8362501672,63177.8306094692
"EGYr122",255425.930423215,386589.252326163,293357.366256215,296212.473022962,198979.983589933,137426.791833151,74549.3341296802,51572.5444186819
"ETHr101",873008.021864539,1781219.77744248,1128530.44450895,741583.732389021,543247.509109911,385908.46545379,289789.54154716,339103.342684147
"ETHr102",331225.882913169,572347.515740954,296427.398545927,238353.541400227,154815.404551459,110083.476447357,79270.4011483624,61577.9302525441
"ETHr103",2827207.62937914,6405166.78041258,3895964.30644089,3195977.17709402,2272220.11922762,1616164.85089774,1214616.00753525,1139303.02901275
"ETHr104",6077667.06017273,12992866.7653325,5787165.45323012,4923517.29412322,3136975.59636254,2014833.27752685,1701297.96782233,1566961.25542974
"ETHr105",1140155.05117709,2313520.83418282,813807.675059249,597961.838359119,441506.171791774,326771.422083665,219736.308061658,216076.184284628
"ETHr106",171489.943313443,363696.471366062,173823.416625449,150080.278904605,103323.620089322,60407.8373089608,46950.1612543825,33737.5731377758
"ETHr107",2931467.12492556,7203154.0694205,3116172.9457931,2670538.4883247,1724460.33316652,1280044.94318516,1027870.98016929,948777.635015171
"ETHr108",68151.4349542495,152951.64576527,95371.218287799,80195.2628649569,44613.8594005284,27124.1626543634,18409.0728664856,15583.1127063471
"ETHr109",35561.7279788896,73938.2911357118,40467.5850198596,38485.846998162,25276.3049326354,15042.9147189154,14435.8682843532,12045.432131473
"ETHr110",367869.506978144,665199.633512148,1001659.79786626,956346.952505141,561324.274023257,291524.159631221,234405.837415369,206289.588068458
"ETHr111",56999.2004609902,127715.347611545,88699.634037288,75437.9678406513,41960.7523193552,28691.3951714168,22612.1575486417,23868.1544101122
"GMBr101",4290.01861071972,7162.13348664486,7089.15159108712,5786.6158676809,3549.49982089441,2313.21700253787,1411.08770846,1359.41715197512
"GMBr102",53530.5444946252,88326.6061007346,78141.2365255454,59963.7389287536,34433.9273144237,21773.0489257475,12195.1375816816,9311.61842848836
"GMBr103",157747.797926096,251720.098040097,195175.823070339,143578.086734299,85465.3969335143,54053.8950755363,34902.1529264265,30375.9250936924
"GMBr104",15740.2054282095,28121.9829993417,16411.8801330085,9423.66249685833,6446.44271173194,5962.52092950312,4711.04571332438,4735.0825080226
"GMBr105",46276.2898442911,82810.1137940326,43437.742327069,26943.9054808203,19491.789845942,16790.7345712151,11627.5033448918,13676.8852917381
"GMBr106",49699.9467647338,82891.0862803577,38465.9015074117,27777.1459215915,18314.393876607,14779.4923258483,10884.1502110348,12707.2729124153
"GMBr107",655.386686777754,1013.76918826406,613.40498916017,431.964171481118,260.018181815901,206.593031549497,152.863814009453,164.571005942044
"GMBr108",56687.8010274981,84294.3565977478,46497.0274457807,32952.8856943179,20683.7703998059,16048.8521574337,11163.9651764783,12119.4631009375
"GHAr101",392114.799096495,674992.91170164,481069.657421873,410181.595912908,307841.300395114,225985.481998566,132196.707113327,104312.315360077
"GHAr102",405962.094108389,721587.084661568,395174.073849505,339003.746760143,288586.739735206,213353.875552446,118590.079384363,129164.746948379
"GHAr103",558905.055334911,1066620.46750451,736655.629552729,792344.573425607,611321.551519625,382763.39061469,252950.697960185,203760.024087743
"GHAr104",333223.08728733,671503.545209899,393394.114595549,285901.314744688,266995.621922569,201519.381904812,145548.925433333,156254.983901821
"GHAr105",406807.864445476,766085.246209569,490197.606596041,336940.358702648,285219.284771924,275163.481061389,183034.58223623,165772.776976723
"GHAr106",829496.340289042,1595688.59865855,971758.397415949,792353.937240992,678954.695646439,491174.539645454,283572.292936598,261240.536166979
"GHAr107",385035.610809744,719374.2018536,433122.735984766,304518.011289689,247561.782827484,207394.571443578,143190.492366231,166077.425424908
"GHAr108",537877.072303937,897925.366382955,472070.762682141,386321.462189276,253281.256607203,207310.894294083,146857.877660864,114237.175879541
"GHAr109",104334.75512812,237581.68663606,123483.285525947,88375.7742240492,64797.7497923806,52503.8881103208,47322.0081981524,57811.5701849689
"GHAr110",153095.718041195,319636.258636277,200450.944819315,127368.513357446,102359.847543673,83621.936790495,64097.2929008988,75303.1549107
"GTMr101",318826.184156031,680525.313832504,684270.96282567,527969.302808754,394640.56037254,296407.176224866,214712.891468707,196804.148310928
"GTMr102",235737.81073144,408843.537516943,327617.948795319,197256.444784,141868.258167628,96096.8284008323,67408.0759136732,65461.1226901648
"GTMr103",162495.421418539,303791.671724245,261059.053646249,167766.266085065,124646.004083446,90077.4736584675,67766.9300661852,66884.8653178035
"GTMr104",157404.656417051,298573.557699728,247597.54001362,153652.102986703,120693.719315755,81458.403632474,65265.5224143911,65210.667520278
"GTMr105",219646.068082038,421502.196519858,367776.973118893,266068.398875904,193594.880322971,127773.231989143,84769.9029276713,85356.1871635218
"GTMr106",478340.317345101,987443.215432709,819249.095756296,496405.248763576,378312.494882024,293537.27421102,210508.808967189,212352.407642086
"GTMr107",349848.820904556,649187.086189598,462387.824813363,301298.380672333,202346.153714457,143488.593639332,111012.385151403,110906.831914956
"GTMr108",99596.1734579313,194669.28538291,159836.742571408,97420.5961157263,67050.683044679,46954.9942720968,32109.8551175977,30007.7844376504
"HTIr101",341789.204074198,693107.894578044,686140.585366934,553716.634917586,340494.019353189,259095.406413229,165645.032772294,159216.160524526
"HTIr102",71635.3505118326,154776.916705844,133225.787172615,70831.7923517243,52700.8703657202,47949.318180784,51634.7739708098,50533.6368406699
"HTIr103",131895.718137681,257256.204062338,227202.814547627,152962.06695688,93781.550586798,85410.6930681019,69580.7472628244,82551.4583777502
"HTIr104",50152.4004635718,108633.758324201,92644.8908890229,52535.1486765769,37092.0129697931,29261.0424564787,22949.8430430712,24435.919377284
"HTIr105",235810.347308851,464733.549773903,366399.314811362,245289.981946417,163706.762408932,153522.426570789,125192.975797582,118006.111382165
"HTIr106",108465.244724254,226420.157019457,144205.077085636,89607.2133960574,67987.1411488039,64125.9954174204,40646.1294625901,46318.1266457814
"HTIr107",82605.5706254891,176060.719718167,154596.122710582,93636.2350618925,69958.9681170286,60434.1976507274,55958.6191949539,74152.3621211598
"HTIr108",88944.4692843799,191804.001062327,162393.870542973,99207.5604040485,79218.5118674457,69537.550848883,57123.1431574079,71946.5947325346
"HTIr109",88419.3564694565,203966.803416298,154600.02619454,95981.9514528009,72176.3783998279,57012.668448127,39495.9071549498,50244.0982640006
"INDr101",4371016.73693545,8178324.30131048,9024918.29985186,8604342.54072334,7389531.97470338,6124477.51401266,4607831.30731032,3967996.3051525
"INDr102",3105404.38636311,7016380.62120585,6156559.21335767,5489486.83769834,4434212.80052523,3570825.85010299,2245828.92204059,1608933.13870623
"INDr103",14706125.1472151,30806152.2444366,20132419.9880629,14876683.6931605,11329036.175024,8789563.52352425,8677077.88638067,6975197.14219603
"INDr104",100831.582789203,247981.344147216,220318.815775181,238291.968427408,248885.663699249,201094.396567876,132919.338826906,118512.18076696
"INDr105",5568636.59700564,11889517.9497335,12048005.9909513,10748369.9840679,8953330.10501928,7389868.10919471,5713559.11087224,4286725.22315547
"INDr106",2509433.3530369,5207644.23641129,5531231.24602498,4799098.01294035,3333168.32708553,2632372.82903052,2216958.47116722,1517489.22430322
"INDr107",575438.039023231,1232431.02705318,1120643.10251664,1162202.60817517,1083744.87887703,855605.953378279,677883.035391511,687874.419584955
"INDr108",1160935.31635915,2626028.59816619,2570224.61652217,2321889.71892882,1812607.83520244,1312393.18466133,1156286.43920733,898073.160952577
"INDr109",5201686.58170455,11104742.6703115,11516501.4643945,11756594.8986345,9204635.98186566,7433452.51334774,5503805.58916865,4635238.03057289
"INDr110",2051283.61725591,5418113.12995521,5436653.062428,5285800.7951779,5020952.88473508,5575192.78043709,4785650.91818879,3579501.79182201
"INDr111",7679242.26328556,16381949.6227578,15786737.9535007,12359027.0315588,9489163.83046956,7598548.31474472,5598513.24654271,4686070.01714013
"INDr112",10009780.5696527,20089480.7873683,22440742.2257512,20476420.596071,16207616.6673812,12706821.6446205,9701049.32122901,9490738.58792612
"INDr113",325237.5869648,623950.786556304,506576.336387283,515219.167174116,437629.601990097,334323.289186403,247718.699785456,215141.642955541
"INDr114",405337.321492367,861688.6293991,687313.335924869,548771.558523871,377176.390191769,327795.9697415,170400.402251579,101122.209474944
"INDr115",114086.952501855,256765.945272144,218302.30919305,208363.697599114,166724.465702248,129001.613223962,88615.2728121813,74199.0086954454
"INDr116",216810.073837307,470289.954879122,363836.764653536,345569.622043383,255353.706634362,221968.948810805,142884.795575518,134846.275565967
"INDr117",3933416.6986847,8052091.04080609,7949526.20883386,7102462.02316823,5931177.67608294,5005200.21093167,3896373.53364462,3345852.44784789
"INDr118",2066049.76530813,4892670.31036999,5392423.05863138,5190301.27650897,4057394.26736213,3381556.37976173,2755429.58484304,2288886.99721464
"INDr119",7583143.80227098,16045814.4374875,15142503.9533681,11063244.744464,8274618.94397991,6658105.34960789,6219580.34113077,4744191.16769083
"INDr120",33604.5622427408,114344.969546103,120367.535243626,128383.870810139,90950.9024397377,70270.5203799452,48200.8541624883,36345.6993752191
"INDr121",6118190.0877502,12032118.9619412,12920870.5934664,13480390.5356817,11557454.708104,10167323.852383,6971215.232785,5109759.63788854
"INDr122",8062022.26135514,16614784.2142631,18169349.2622284,16004992.4215775,13289187.6999915,10963377.0010722,8334079.91317411,6146831.65633799
"INDr123",22788126.1501863,51185564.8414086,45785798.683144,30064831.0346212,23450986.6880961,18525696.7622971,15053326.8602839,12682656.879963
"INDr124",1329074.81446188,3255844.15660774,3691653.56494761,3458657.89261835,2521743.34425943,1816018.56824272,1324695.3957862,843863.943076067
"INDr125",136375.44097757,346753.9561344,282487.328714045,254481.920700904,204098.233369893,177057.327538861,93425.1846965532,48512.8278677736
"INDr126",301779.110445656,689192.040813014,707063.010137176,738172.795132183,573044.735100834,472602.994532591,333079.210808969,239862.120029577
"INDr127",1004231.89994982,2216451.68193462,2264803.23102455,1721647.16400256,1332944.80578529,1039814.00240305,898434.576826144,716051.968073974
"INDr128",3752979.08359159,8262636.57785761,6966516.88579092,5400336.02405556,4085765.35849013,3213944.54002734,2958069.02313913,2092471.2370477
"INDr129",2763074.27043728,5336645.80861291,5504030.38578265,4596464.84057698,3386483.38802639,2850156.33711036,1969368.58248787,1525640.16696556
"INDr130",3347009.1853602,6228864.12176296,6841870.89817057,6793337.63369205,5054326.94733417,3944218.41231095,2930245.09523422,2827807.78613488
"INDr131",56660.9510816063,140210.122184664,163021.999733336,148554.359544989,127762.687140858,93080.1239190717,64380.7179275146,60300.8582679608
"INDr132",48606.138181056,94612.9205976291,103048.898646414,100851.674045648,59421.4402437215,44757.4199527902,27009.1727429285,14928.131989812
"INDr133",93189.3042531024,191272.335497745,197237.038832049,211707.383041693,183937.834271582,146802.637947112,107986.419336972,67102.5478197446
"INDr134",10590.4639447639,24598.5529715644,36501.0521551976,33662.8257226818,24098.5792906753,13600.8890487669,10405.7245718998,7411.72749445028
"INDr135",3742.14082429595,7469.46883260035,7639.24279502176,8985.40802011669,7676.56102322758,5720.63184560959,4459.95912047787,3408.43967865021
"INDr136",24903.3132033897,63891.0929627341,62207.1375239933,73605.0480443393,60863.3899199369,43460.7868064668,26370.1224808765,16557.8404582633
"IDNr101",478646.218624838,907894.041552598,742205.514752738,726541.965627518,682309.439009746,526164.846450465,326270.543621221,232994.447360876
"IDNr102",1392427.55664811,3031516.6288005,2148304.14547733,1949243.9802865,1954674.18763767,1518416.88113411,1078949.57178632,660881.868229464
"IDNr103",463867.118596384,1017598.94168984,881029.733458058,708763.082479168,693946.483515958,612233.46436318,466435.329844494,322791.196052914
"IDNr104",697614.338779393,1455820.95846415,1064229.82615477,1046407.76905459,1074251.25051855,734405.425810695,393841.327917881,212366.134299963
"IDNr105",310600.101611736,615099.04224257,576539.188080251,547236.990561381,584261.391330617,437317.161400078,267305.533703464,161583.030069902
"IDNr106",776195.078994595,1567313.8697115,1143092.56431412,1316112.5765012,1134921.44976266,949063.099901238,605448.37461548,398448.513199198
"IDNr107",169682.349163516,351390.550884505,279073.388592134,284316.519459256,295973.708428724,217434.57401357,139022.257524088,87751.4869342081
"IDNr108",753647.619107626,1469537.54230476,1082296.41725302,1233385.48753648,1342107.70802611,981068.541490509,691327.317405423,556493.075876078
"IDNr109",125851.200265823,258206.831283959,222937.592154765,217857.64947327,230466.553790473,161276.974328875,107185.195077324,62141.2446255103
"IDNr110",825973.82916926,1571046.07969831,1712138.21717907,1663384.04607616,1671412.7088726,1340119.38164898,801584.365264856,413341.454090756
"IDNr111",4386006.25186384,9023334.68855446,7536767.08477726,6909225.1755211,7766600.915117,6171992.7785307,3745917.84370351,2408478.23193213
"IDNr112",2670537.45098355,5452762.33357484,4606855.35906775,4191930.26904501,4942203.03343988,4948202.84910061,3556075.71813463,2887243.59665373
"IDNr113",254018.511225041,513096.539718228,598026.340000331,454265.582948615,566144.248471806,524062.102503091,379053.441079306,387727.266053582
"IDNr114",2837593.45276755,6089972.20982917,5443631.39101133,4919345.17381418,5996931.37767699,6058126.59188604,4219771.93290076,3186992.140114
"IDNr115",1117478.57608875,2301839.59747516,2025130.43948902,1902377.5665707,1971932.74256041,1544614.4524622,834365.40912991,523847.026223851
"IDNr116",355345.113064185,649469.682434499,616274.752579895,571943.998487195,709130.20151573,596653.553626237,408799.908025525,346498.241266733
"IDNr117",499432.063436112,942461.030041842,734656.702757641,732684.518161263,705296.551761757,565514.363381549,331871.925123903,285717.368335932
"IDNr118",556641.477887972,1224936.30466955,781238.190513363,662155.490002296,621160.521754138,501396.33790454,347785.719160242,333529.7441079
"IDNr120",468671.217458895,972625.913405088,812594.048838623,736971.135461579,702249.079908129,526158.053183197,306752.058977099,221942.949767391
"IDNr121",247993.124615956,501341.429784736,353816.874252249,379007.998252744,399305.122051603,268153.561745043,192788.13000882,112957.279288849
"IDNr122",373797.925402673,759946.710823586,592835.244520051,689120.876906669,593009.784350691,490936.215032153,313047.299371233,163707.671592942
"IDNr123",432978.126329003,880618.389766982,659300.537488375,612576.565164595,661274.27726219,461846.295408039,285475.408341803,149365.303239013
"IDNr124",175998.574957497,442237.199247975,326476.921037944,273117.253450308,365478.633685386,355648.205872284,247529.027891528,194471.712857077
"IDNr125",256257.924432739,569550.819897316,446255.429660954,410307.6768387,421303.360401815,321907.099432797,173276.544458002,128177.691877676
"IDNr126",886839.684627149,1968568.48564201,1592071.86913306,1282411.2292635,1453971.50107765,1205723.91271956,806554.431387254,622266.647149828
"IDNr127",259859.593614975,556644.95529693,398524.471303299,380211.998894903,340732.847475043,233650.214431585,136329.634306933,100054.761676332
"IDNr128",97832.462985825,216615.011283757,212423.488544438,171536.010525024,162433.032056921,146749.212844134,84316.8185056236,48938.3412542776
"IDNr129",284383.137591639,606317.177979582,429023.709887954,370673.247601576,324913.590053986,258777.25169096,158061.101746016,111845.818448285
"IDNr130",826809.018814617,1719039.03300801,1194772.67954484,1131056.86504737,919960.693864312,637084.540027626,336498.917893144,147197.471800078
"JORr101",308340.53105545,723487.525836732,666238.254023753,504079.59177532,425519.630873615,337469.2119707,205637.156708622,177406.439755809
"JORr102",106997.173022628,224074.703608865,204457.200489989,158171.896510976,129443.702960715,110280.856393264,67010.3047140346,51457.2602995298
"JORr103",101452.303528233,270744.255369738,233917.553346243,146471.697185713,130025.373802689,117434.363530334,55927.9502210209,45812.1080160298
"JORr104",27720.5451890701,55980.2187105274,47714.7630449557,36431.1260745528,30397.2015687967,22541.4007321143,13759.7270479458,10724.2811320371
"JORr105",205339.393145647,419098.236869242,416200.998915562,266527.991702962,203029.930708095,182795.906585771,102458.134215942,84116.6948567791
"JORr106",67154.0584224183,132951.198234931,106163.16632836,66113.2996930827,57485.7225062788,36091.7921653184,19292.6175082775,17741.8869413339
"JORr107",19410.2871043073,43936.0905757837,37693.3992171781,25657.2384746917,18264.3707884867,14797.4888209665,8251.48816657963,5127.93635200632
"JORr108",35774.1239535803,70588.8660223608,62742.4873229201,42681.3069370456,33485.870566459,27237.7378688984,12075.4933089001,9214.30161983571
"JORr109",34798.6486699166,85726.2669489724,80149.1003774877,60590.7643417367,45974.198131946,36779.2919574681,21061.9232045928,16013.1812678798
"JORr110",16020.1532319902,34318.3911156365,29851.2494696268,22090.0187544927,16264.034876533,12126.7950215187,5479.27841680663,4054.51901339551
"JORr111",18835.4409368054,39282.336155671,34702.5782926174,31729.1846158725,19000.8402150627,14951.3615818994,9030.36343053308,5422.83847153867
"JORr112",21985.9456849917,46406.1753477637,37545.6554108274,34207.5687817611,23757.2451165826,18351.5900851091,8915.9249571357,4751.90821582864
"KENr101",571460.734585129,773921.732629977,858408.840951785,1105219.18463301,511903.614847646,217793.366671614,101590.382559274,37619.9721215669
"KENr102",531044.499364813,1134706.92972238,872448.074196988,807301.66808106,581001.35347951,433102.434197678,230985.696412089,257423.870545476
"KENr103",585082.007700816,1130334.35914976,753057.818047723,619748.496284165,414313.269698766,237358.238097019,167543.321303584,114548.584718164
"KENr104",771096.136482701,1836563.71945685,1212276.89535842,905458.647538801,630247.460230688,452674.783621186,336556.276704611,362234.787606747
"KENr105",905785.620719372,2074278.23740718,1120561.99203931,769802.173595993,523280.972266139,359871.804050165,246447.775759218,247291.630162625
"KENr106",1883751.27824217,3722369.8148977,2307029.98656835,1808416.47898375,1155013.17133707,683220.908960757,481519.715067638,416388.405942557
"KENr107",773839.092644597,1625580.83106059,927621.277035904,529500.668161848,399435.070195981,319202.306336163,222032.521887444,208533.374677468
"KENr108",604604.581878947,1447988.96020616,576908.961841599,377247.674941464,245732.212289324,170315.0168491,150572.407423839,132400.70056957
"LSOr101",14152.1040782809,31983.1690593709,24452.1646674379,16433.4531677375,11510.7721635545,9086.12510221201,7328.34777231216,8319.50618909416
"LSOr102",35007.995726174,73560.3619900479,71808.3063658821,46192.4063004743,32799.4250792036,25028.8945881174,17216.5092268749,21446.8741232257
"LSOr103",33912.4646032193,66658.1663781076,66882.9254366982,49078.595641205,29477.8591230414,24802.0758950737,17153.5554352433,18358.2630874116
"LSOr104",52351.5927748563,101319.478951643,102218.015299496,87480.3424003505,54346.8218315226,40568.6467651557,26244.1907352706,23102.4549417048
"LSOr105",21020.4331204897,50177.4873070124,42108.2188066976,32328.9799209527,18119.204921466,14857.8557232836,13809.2019820785,16875.6530180195
"LSOr106",18253.7626251191,43469.9653863191,36449.742482184,28345.4485542617,16781.4285911129,12568.1760466087,11794.6852056236,15168.073408771
"LSOr107",14515.1627690918,34440.3834308698,28219.3583095249,19157.990113823,11050.0650786119,10686.3344371855,8802.24136161345,10771.3571992796
"LSOr108",7571.93300477825,22321.847593639,15405.5461845282,10108.4019367271,7457.57941555508,5888.50215466561,5103.99591607644,6107.37105403037
"LSOr109",13660.8940475432,36034.5813259144,26391.1496087931,15864.8825959956,10679.8455004331,6282.66081302545,6512.16496731565,7328.98634097944
"LSOr110",17198.5596211967,39977.9437672079,27870.0630793787,20271.9229848483,13175.9405231925,7235.70327213552,6891.68688526791,10902.7187667725
"LBRr101",26335.3255522118,57517.127658023,26423.8758839937,18547.9466404409,16709.8902968473,12499.4817767996,8563.21568179681,6679.79300988691
"LBRr102",72369.7310977208,114903.459516191,48013.0242137109,52239.0112694412,39227.8948069724,31206.8138076482,18394.0843685997,18294.6705197158
"LBRr103",18384.392032865,29947.8609317323,14670.3380645871,14004.6404414278,10884.7711543422,6338.85605748705,4250.50910279262,4098.73791476587
"LBRr104",44165.1388904899,75209.2812157936,38047.0866134156,31036.29023149,27689.5422501032,23386.6760006151,11454.5417992906,11790.267898802
"LBRr105",32766.2423283721,47800.2392358544,22148.2956080679,22761.1668659876,17703.341972882,11341.5521422478,7194.66099541757,5792.08035117051
"LBRr106",28330.6881204795,46818.8454587458,25376.6762481346,20406.5521272548,15776.6290322679,12166.4392008428,7579.6680385408,9984.43147373373
"LBRr107",10812.593794227,18784.9732113848,9168.10436335511,7439.36560619451,6720.46653659488,4718.27437046751,2486.05956551221,2137.65014226401
"LBRr108",56515.7363957566,113264.26958609,54087.3959945381,45072.2173282194,35173.4875524768,27026.6206612542,16047.7997735701,18611.8450080946
"LBRr109",63560.0832589852,122727.635212396,74901.586483932,47996.8995468179,41132.8125684184,30085.4522002167,18165.4016932433,14777.9742359902
"LBRr110",26336.9116459119,54885.1845710325,32162.8002421995,19950.9368808448,15684.6717389075,9759.92551629919,6352.9500111712,5181.69559363339
"LBRr111",177333.382185175,392566.940795662,299027.521663071,205356.583635921,131053.381716596,87307.7498666855,47767.82841571,29942.421721179
"LBRr112",112662.162413988,164208.68523862,92991.7299277768,69530.9054183704,54421.528911049,40584.7668445258,26813.2843048358,31595.2517408337
"LBRr113",19743.0465461141,29049.3840374845,13031.2602134648,11852.7567483465,9986.33384240285,6867.95202298633,3342.13646144342,3576.33548775753
"LBRr114",18476.8928889203,29375.4659124465,13815.3189610677,15941.1014730463,11522.9946881258,6822.94443219858,4735.41026823345,4289.99867596135
"LBRr115",20550.2598747982,36787.1969666444,14965.8665562003,15273.7456954775,12560.4054435758,10668.4671343559,5310.61737478702,3620.67225416085
"MWIr101",168649.267824299,350093.544408841,252678.032200841,185497.122471827,122575.882085545,57967.3785884012,38880.0313418268,30297.2530784187
"MWIr102",127563.143897519,256596.059930701,154592.174834379,101103.500827298,72172.4050236758,41197.3960683707,27325.5910473217,22568.3799707346
"MWIr103",119366.882894833,230370.614259249,106736.639892958,65491.9378779861,44030.3315841667,33532.5701091356,25952.2900169811,27412.1167646913
"MWIr104",175570.687000044,361966.417311025,181197.343339365,108008.427589405,73822.983747793,41671.6223369105,37527.0479887965,48122.7706866619
"MWIr105",159797.816528338,380051.51049282,217551.313313855,131879.826333764,93063.102658444,66018.4004645594,41970.8870034534,48062.3232047662
"MWIr106",74893.270059326,156412.377075434,80069.7541686672,48227.9766895358,34251.3510087212,21760.88002165,14541.2605754446,21789.6495012211
"MWIr107",96393.6534548052,256594.423712244,138905.720956711,86272.7400188675,64704.325407972,51044.3753781464,31429.5501580343,34566.6589132188
"MWIr108",126723.291726425,268177.811738165,145872.675424411,103768.617265994,65297.3436682012,38156.6093573744,30485.3585987374,35978.1647206917
"MWIr109",377417.344524347,732804.287266334,525618.584402699,379319.090073279,258333.113878664,128636.27727298,97088.2027871304,96522.1847945679
"MWIr110",88038.9979658979,235713.751594178,112357.630127115,69437.3850198325,57571.3123618695,32796.4401848083,21709.5805045469,28367.4593417516
"MWIr111",156103.396413765,378598.702708494,187906.250158074,136355.051546874,92777.9627024829,58296.0247436975,39584.5463182592,41308.663408353
"MWIr112",512557.987293027,1095582.10174718,655886.984667152,401765.806209842,298692.026040918,187731.451564609,138832.962275302,150877.708201972
"MWIr113",340617.240536061,773915.780543866,398860.395317817,259734.970528667,190544.580615362,118129.551853306,86491.1374854556,104961.570119467
"MDVr101",15917.9897148248,27724.2160972229,38305.9524921151,39739.5030772917,25363.1683596426,16234.8215429525,9510.19767960394,7574.15103634646
"MDVr102",7563.25669490445,13637.8142633881,8126.37712862902,10309.9411828416,6862.89529819214,6124.05121446047,4046.83010910356,4040.83410848068
"MDVr103",6890.46929616614,12901.8884942139,7611.63357921278,9563.10665839238,6358.16537593885,5767.62220221351,4754.81729276262,3543.29710109983
"MDVr104",4272.1116991222,6802.39688259308,4974.41585879149,6867.64669921927,3674.74148020622,3495.40687407544,2178.99610282769,1560.2844031646
"MDVr105",5864.76733224913,12182.1962987671,7634.30515473749,9808.90331196808,6332.92375756277,5631.01530643882,3813.29311576862,3216.59572250803
"MDVr106",6677.69668110067,14780.6927451406,10193.6238108124,10167.3365571538,7927.78502952974,7522.84301082231,4817.04375154037,6055.9784139001
"MLIr101",459664.720281218,810671.444783443,316868.086422924,276349.836538735,204447.715874106,162925.810592959,121046.577927514,98559.8155791015
"MLIr102",617416.954725829,1040983.71771366,416194.052673025,385842.724620651,277929.789909649,212976.290754033,143552.6604086,104854.771194555
"MLIr103",617943.328467886,1154786.66765117,424346.564864363,395168.091800727,277487.08948133,229920.636414735,145975.424851394,92575.5354683971
"MLIr104",535095.67243316,920458.085980261,365217.115806809,320111.716562397,254431.951470138,199771.897467952,135740.605452274,96919.6228270109
"MLIr105",469723.322325853,824843.360874427,286827.641146436,287386.157191476,202905.01913066,181937.026691228,114641.246444053,89438.4671958681
"MLIr108",359153.271996168,606990.906630983,408449.182639513,302733.343583963,208017.193208014,140408.016205851,84626.0174770465,67051.4272584623
"MMRr101",176977.814836336,372155.028162865,273758.600747452,252430.065555627,217096.869462041,209154.539345918,114900.625959258,97878.1089305028
"MMRr102",34169.2887624258,70454.6065043565,43565.9188936386,41256.1861967637,34404.8248658984,30270.7569274478,22414.903818592,15977.6889308773
"MMRr103",190583.845720077,391469.652492258,173435.415948682,156711.315254658,183891.162456775,168920.024504547,137277.899399653,115024.267223349
"MMRr104",69135.9670756267,139917.346878209,92033.2932292714,64111.9716152303,55636.4434152319,56614.8964347609,43100.4569692896,30635.7716823795
"MMRr105",486588.509444785,1176971.13052163,791908.017132601,799387.94384673,791529.284911574,724190.674814543,453230.683467384,386688.859860754
"MMRr106",151745.179597086,344879.578810737,189015.242599461,187698.518272582,138868.157761275,141284.812839441,97476.8857197778,99270.6613996403
"MMRr107",418527.253835605,939714.667315414,712525.930495721,762530.056479141,660616.070963663,611322.624701197,496433.835213605,368434.694995653
"MMRr108",315975.651060044,769960.253067042,515411.09324519,567206.6964372,597595.827724768,519594.905066871,319005.366356519,362474.962042365
"MMRr109",538193.560670812,1280263.11750363,1041107.4520523,1148867.82654866,1056805.13329579,863923.643299552,687572.470678169,597866.055951103
"MMRr110",197975.62031112,465162.936864495,302720.941983225,221596.00228928,266146.847146095,258760.752948702,169183.851724356,165590.076732726
"MMRr111",185332.598366879,455292.353050444,321020.908087106,253245.471390462,200028.102382655,233641.704218359,157613.053637587,143363.667866508
"MMRr112",520939.218859762,1179714.5760505,1286755.90581599,1188398.58189344,1029324.17099943,1126456.62740402,776383.419084597,464463.873892263
"MMRr113",664123.432111148,1239897.78181777,968341.153619871,925565.159359721,745368.49804041,639543.541795086,505706.374242134,358539.525013858
"MMRr114",528160.258728831,1298551.50341466,896033.476565032,980190.802995237,909572.859230537,722026.531481742,523340.837439945,409536.677144019
"NAMr101",15815.074766589,22650.2121687631,18615.7180864588,16126.7633009806,9925.69760086596,5942.02199283536,3879.30077366747,4968.93308983972
"NAMr102",17732.6689454441,32357.9573259885,34206.3796876478,36084.8364986169,26863.1189861789,14452.7892975508,7604.60455820153,5761.49520037134
"NAMr103",11692.6087052871,18263.9549535379,14237.2187855926,12758.5479316636,10338.197761432,7318.68132049128,5694.08372677301,5489.8545352225
"NAMr104",10323.9347816245,18670.0719150774,15776.8327696406,12907.5366019995,12777.3099617082,7542.25949997604,4714.983847138,3619.34031283578
"NAMr105",39730.0090088204,67910.9970745069,90791.8759030614,81209.3251634468,55344.0461880599,33558.7346133918,12416.2410506583,7699.67199805452
"NAMr106",16633.5663938339,21604.7222248637,15760.9534658466,13218.8936338903,10716.8835508514,7474.84932194501,4563.93817114016,5569.22998762896
"NAMr107",44091.8242433951,80919.3372108499,46856.171004958,25696.6822496456,18744.6252036926,13772.3662431376,8977.96013893617,17092.470905385
"NAMr108",37798.3482866894,71502.3134227326,43563.0163693262,29019.2022609903,18952.0624555107,13771.5099520926,8602.70409103107,12160.7239616271
"NAMr109",11695.3281644098,14995.240380636,11144.6175799874,10630.5377863144,8995.84432087615,7379.33511433024,4411.30561092856,4474.93227251739
"NAMr110",35159.2267146295,73987.9537390432,49664.1279706425,20863.632460744,21150.1521496531,15748.2033269736,12548.9415062471,24129.575732067
"NAMr111",22561.6068324343,44474.2344781776,41901.4633834479,28146.5218623679,20918.3855911434,11741.0942156941,6392.09086849863,11148.9044682361
"NAMr112",28086.3094230245,48556.306020412,41183.8777668726,26117.6714405416,17099.7944643211,14042.4510649707,8313.11281383553,11383.067606022
"NAMr113",22810.1051362979,33110.1141201419,26315.1156591266,21265.2928239822,17942.4183990237,13167.9667517099,9010.98005387283,6854.85925584506
"NPLr101",651326.108783212,1377092.80535035,1125780.99052756,821322.228377824,715902.792050525,592631.497147853,477264.365728238,446552.237034438
"NPLr102",1137484.89341592,2236517.30833409,1951793.82906943,1484815.0665145,1188077.51725026,992944.744596661,695030.27738844,702258.403430707
"NPLr103",478286.053589982,1031204.90647011,915752.291675788,655860.758603121,526120.067801192,442721.042604892,388236.740905391,343160.336349528
"NPLr104",380934.44997232,912818.671056597,617280.959247657,429428.488652984,344755.995611237,290768.327737253,193477.752384181,180627.52533777
"NPLr105",296008.02973095,817909.704533291,513672.385569782,393998.604701002,304401.238121575,241604.701765231,179468.841573129,164030.47700504
"NGAr101",707229.618260296,1397105.56092432,1066705.45485319,815129.066447897,510027.762406169,459240.592030063,306876.356703488,184475.915374579
"NGAr102",824219.737998559,1366935.63950099,947961.806088175,816381.348278574,630395.855421973,465176.810731725,339552.264658731,329943.372321279
"NGAr103",1350508.47821518,1972060.74084353,932845.535966127,738140.248656281,533250.895149153,338689.871956792,196827.58866516,154732.849547775
"NGAr104",554255.034287054,1033037.61371503,810029.715657133,563190.248725825,446304.899178102,336643.850605562,199767.823459602,175488.773371696
"NGAr105",803590.795912031,1670339.05568411,1068592.07402779,760167.611836979,451706.838327656,322811.470019193,229482.780730249,214905.06646199
"NGAr106",917014.914503668,1597808.99710089,922276.361783118,803300.492824956,511147.645789601,305915.932694331,238203.256051394,191393.532252047
"NGAr107",595196.374077572,984533.247595748,543832.55875854,550314.856059257,344721.276055994,306169.732327963,206171.392773431,134577.561351495
"NGAr108",773783.961297852,1204800.17019044,684604.638691967,544482.813519923,367096.786173229,266572.017814617,127082.52763572,129441.575676254
"NGAr109",675247.783288418,1168194.20653755,786769.382172453,662515.896958204,470243.577583455,471990.226611459,432130.481486044,492331.554362417
"NGAr110",1227029.88956573,2244986.03268082,1385573.78835996,1194882.99237114,760754.274254148,417805.980325954,275651.322501727,182416.19294052
"NGAr111",2230570.43280618,3809589.55177511,2075947.94484594,1332593.70064513,1066398.68388329,755381.858965834,541521.802907935,465854.614170577
"NGAr112",1629442.08215407,2400141.12744583,1016272.02207321,924063.19820799,654678.047738131,442056.849093312,258218.153223208,219252.634064245
"NGAr113",462314.975421836,859866.989571293,505864.010345612,363371.774393674,303987.123272572,246786.630295016,137580.717812192,141411.131887803
"NGAr114",1639733.16626883,2558268.30800944,1603964.63662898,1931264.84581133,1452120.38331354,830682.90246039,466273.72451398,341097.472993512
"NGAr115",894452.194752258,1704862.70526735,786638.852477101,701649.219289322,413305.467096634,362146.376276599,249751.403949052,140333.665891685
"NGAr116",855778.62510938,1350747.4250224,561699.71624033,681169.153701616,539422.867273679,382623.066460393,262425.829947635,310306.920244567
"NGAr117",685604.969182828,1114600.6430685,760147.695864123,606897.566001911,487951.903540412,388623.776979655,214079.382928364,214211.596434209
"NGAr118",1112335.7579079,2086671.5721144,1038120.65006147,1051472.41768732,736206.768622465,518771.321808275,330272.141224485,363024.165573685
"NGAr119",642281.365213073,1093556.79240848,616120.487396187,609450.24654955,437273.543857289,296824.485573072,188640.872598634,216581.641403716
"NGAr120",1005777.80445226,1553772.15646407,1189642.83359783,1392714.42471185,898004.878414993,580241.925428318,241638.531670469,200166.300260219
"NGAr121",989426.830945309,1499870.40758477,718223.018925852,611728.823518477,448484.097609742,281932.182383725,169166.889423068,121680.656609058
"NGAr122",499921.356165148,834344.164310952,550608.457965099,545119.058027325,414975.566750355,337600.969344592,281325.888131312,347458.032305216
"NGAr123",811668.636127016,1306054.82115511,1108016.56071574,823876.723162541,617109.05540041,401146.73324323,216384.325469779,224626.368726179
"NGAr124",605604.097130134,992917.084186552,736937.504213215,491459.933454227,357539.228812752,388675.816063603,336225.943730972,355348.096408545
"NGAr125",1222612.04162675,1728362.15373902,714292.850326114,705729.303182938,514855.859177924,332780.521307046,243948.481806934,147952.165833274
"NGAr126",783233.712809111,1421845.46879919,648860.000931815,488491.606439889,337261.857521265,282027.192814335,184875.790283765,135155.96240063
"NGAr127",540414.716677987,1244135.51987807,832068.160259124,590567.592195201,379079.936688323,294655.785473754,275303.080922252,289862.454905288
"NGAr128",622776.307687243,1071525.975111,746550.299430392,606507.860428209,468499.252226606,339322.158436939,249965.441990729,302683.030688885
"NGAr129",566018.769751695,877599.810970581,469690.686076854,392671.359167297,285985.593760443,180554.996547655,91938.8506623684,79150.6330631061
"NGAr130",608410.684725473,1063388.01062905,495472.695273786,364211.177564591,281821.626646393,167751.493146549,104719.384968305,72706.9770458538
"NGAr131",339711.589093544,586304.769744831,432713.182919204,338669.269155661,215268.745162046,148353.848184083,79335.4435044265,56975.6852362041
"NGAr132",466316.103160326,788320.673925177,513324.29100467,320092.646111958,233049.456722528,189699.401693659,185840.861290449,188812.665091233
"NGAr133",455370.530550266,716922.953686024,537950.477941214,446143.080349909,321650.199297061,233829.071064241,163053.86364243,289081.270468854
"NGAr134",617969.83909922,1013768.62368038,501138.946980672,362749.611203395,263110.44468319,178392.407281385,117360.970033036,83724.1940387232
"NGAr135",376393.949204881,693973.196400645,435609.055808325,355673.452555723,216025.656886115,135787.359580583,95584.0670768072,115729.846486922
"NGAr136",961113.950285501,1318899.44511217,572346.19201857,512488.560855537,370205.737219597,295632.681247778,170511.38125549,100436.894005359
"NGAr137",329979.291800739,591905.835157537,353730.358202622,418016.494049303,275840.089722207,145221.168568281,82015.3789311287,29328.022568183
"PAKr101",15446720.1746696,27038980.281159,22866465.2955916,17325213.5038592,11879933.0342538,8778399.54451836,6491386.42516011,5445313.64078834
"PAKr102",6103504.19663117,11614486.635552,9613121.47993696,7194886.36279199,4618010.03867092,3260874.64718216,2686061.40212592,1849166.74710884
"PAKr103",4093617.87578867,8061336.89550239,5980613.23101292,3981089.69289711,2688469.7513657,1838123.37190734,1468315.71906025,1156969.03246561
"PAKr104",981122.460126252,2454198.97606158,1706788.85210711,1079132.9183208,733491.55364387,475957.905309351,327923.486821956,234652.117609088
"PAKr105",266488.413933235,466417.148031958,468227.748275287,405604.019145431,264362.637526448,206674.331739546,141565.39531227,99635.8440358247
"PAKr106",138322.191135054,280883.060241559,205010.724552567,132388.041975021,96783.147014823,68384.0046060939,56091.8384888828,51570.5819860006
"PAKr107",459639.286075594,866150.98874946,717736.513827214,527505.489388769,369493.773593953,283461.364343413,222107.574479482,203941.368542117
"PAKr108",680782.883073892,1324466.48571346,894273.633566271,532316.054031133,309037.78270147,222449.67191747,221030.436273902,159016.7077224
"PNGr101",30242.8182464347,52841.5619918263,36759.8234387855,28783.4685586589,20385.9395089418,17787.9206803431,9615.92427929383,5633.8255957159
"PNGr102",19435.4570288681,33958.4723573664,23623.5909964349,18497.6103005725,13100.9632796326,11431.3542209804,6179.64508466723,3620.56123147789
"PNGr103",38042.7398904174,66469.9229376681,46240.5451140205,36207.0094988637,25643.6747343111,22375.6011797428,12095.966162355,7086.84488262145
"PNGr104",55381.1764138605,96764.3902366233,67315.2300231061,52708.789804595,37331.08809858,32573.5506924847,17608.8483075375,10316.7597232129
"PNGr105",39704.0653336216,69372.6627114662,48259.8684941671,37788.1686445001,26763.5333306183,23352.7430904983,12624.1966842244,7396.32721090417
"PNGr106",31153.5828034826,54432.8892751849,37866.8480566163,29650.2846992222,20999.863483076,18323.6051382936,9905.50850208266,5803.4886420417
"PNGr107",84511.2551039546,177792.142304641,115055.168696835,85109.9596040967,64967.1559671636,58460.1837746702,34991.4073803855,21877.8679682534
"PNGr108",76336.7067517882,160594.782472311,103926.189029902,76877.5001621111,58683.0562090539,52805.4860855312,31606.7818510467,19761.6801382559
"PNGr109",57182.9666227955,120299.741456873,77849.9368312345,57588.0688710869,43958.8159787539,39555.9944463898,23676.284038806,14803.2518540601
"PNGr110",68372.5136275819,143839.961406895,93083.5908184254,68856.8861711503,52560.6648634695,47296.3004381832,28309.252714574,17699.9480597212
"PNGr111",93233.6828088238,196142.113629035,126930.041337115,93894.1797496609,71672.4323284897,64493.873914057,38602.8792582036,24135.8881746156
"PNGr112",106178.985983201,200148.233550814,133989.95964494,97588.2871739075,75584.2552516022,71292.8943849602,32779.954013412,15415.275997163
"PNGr113",79854.9410053694,150527.199280824,100770.978585644,73394.0604435644,56845.2993608963,53617.8587739927,24653.1012672685,11593.4988824408
"PNGr114",71848.1177497582,135434.273725689,90666.964924473,66035.0509372678,51145.5861162969,48241.7516334363,22181.2063279631,10431.0523851153
"PNGr115",36416.1163950299,68644.6692041233,45954.4223465035,33469.771740699,25923.0676521009,24451.2632704181,11242.512910841,5286.96408028435
"PNGr116",5855.10459114818,11799.1887119054,7024.48781992486,5456.80468844616,4083.33678239735,4086.04373663711,2169.63321470517,1057.05781483575
"PNGr117",21879.9783703922,44092.464922824,26249.8541521185,20391.5688773791,15259.0477398049,15269.1633746827,8107.71644988232,3950.12621291619
"PNGr118",42002.3750827716,84643.0567097129,50391.101915224,39145.1175140487,29292.361981513,29311.780679427,15564.1537495089,7582.94546779388
"PNGr119",36853.4474474988,74266.9536210719,44213.828922641,34346.4513206039,25701.5114209957,25718.549647088,13656.1973255554,6653.37809454537
"PNGr120",35818.6198742039,72181.5722873126,42972.3252789108,33382.0190263925,24979.8249971764,24996.3847978463,13272.7376896835,6466.55434847386
"PNGr121",68468.4858982751,137977.481589917,82143.0322471516,63810.8421539317,47749.7681811105,47781.4227921096,25371.2805387033,12361.0341988017
"PNGr122",65689.0598467962,132376.390784166,78808.4983987705,61220.4896038118,45811.402699627,45841.7723157952,24341.3527235414,11859.2474274918
"PHLr101",892559.472299549,2016641.00208591,2589523.33600755,2040599.15275111,1603886.2529294,1440991.43808336,878056.909575821,709698.726267302
"PHLr102",155846.925997478,384446.956976643,366710.749032152,274152.920360797,213334.684548033,195171.473626696,156930.331479173,106212.381979029
"PHLr103",431598.69939902,1049111.76854328,973778.194109867,685224.50609846,672720.914981748,577530.584801555,392022.514545978,399585.222520089
"PHLr104",356625.566871394,786741.36634739,620269.378209133,472286.515871412,460817.908770664,413638.787972182,295986.511359657,248611.711598168
"PHLr105",1030403.94908474,2346412.12438881,2057500.82147125,1594765.46765381,1518069.54364677,1272804.54221142,931992.808337124,664103.153206081
"PHLr106",1358700.53006644,3244331.47984082,2363396.47847073,2234210.54750715,1970070.45187549,1292414.76790168,1010337.09368963,724365.62064805
"PHLr107",280768.82210644,707608.521660497,513171.019509918,365162.838582911,317894.777843731,295855.664673088,211857.306273901,170427.543349514
"PHLr108",590688.95236741,1486698.38040642,1074456.30390478,681992.000801448,622247.154811568,564059.257244719,390199.446181556,356656.769282093
"PHLr109",669309.927817673,1671079.95870576,1266189.24091492,945629.217745361,861201.085053942,732583.443818267,646395.495656174,632343.264287901
"PHLr110",644737.879067711,1629603.87701784,1200392.8980731,984804.934952737,916189.296275646,768695.139074994,497372.19934872,520977.949189244
"PHLr111",417674.078097991,993426.498305193,744837.657697432,500544.135993643,449742.554000769,431035.640452146,288801.112235432,290116.342217395
"PHLr112",406592.140233131,846908.972073159,558966.156553422,472917.340715208,363560.989459964,367629.650892804,258021.448894858,217295.038177455
"PHLr113",514593.992405911,1132809.96808316,824307.642792186,723233.086493962,540137.84081688,497653.238281894,376405.695324226,268487.671801778
"PHLr114",464480.94821674,1096262.89091371,1018336.10106413,714909.328075494,642744.135763851,478691.639211746,353353.033705225,283603.8470491
"PHLr115",515889.75649983,1067234.04318816,759810.049931668,636578.828995322,541761.918984757,380007.840999556,272941.526621627,213632.07577908
"PHLr116",289793.367696184,634982.978070556,452288.338954667,350699.800243866,288018.693576142,248823.251843069,174923.265484744,169946.813130773
"PHLr117",281348.520857938,737512.939010526,552395.591002387,356244.558298661,283551.405700013,225751.946033653,153145.307098464,95968.1949983582
"RWAr101",193749.939396983,288616.925902211,280633.152507915,275080.40205424,141207.701592397,68057.7361658782,29138.0450664587,28935.5743139174
"RWAr102",390362.084872314,814262.71188965,494981.595216061,411935.52173657,257607.102819833,195559.977191683,146847.54976171,114861.286512179
"RWAr103",402671.125082048,783826.231897136,493629.524336485,384139.079677135,218395.906959253,149962.246473994,115219.74343282,100905.808141129
"RWAr104",232855.008806368,548069.275962451,342871.931644159,258489.727366726,161506.094593531,116851.80030119,84651.0200931055,69477.7632324697
"RWAr105",476414.276044316,875553.956772123,527013.044614842,455912.540211033,287932.496954394,185173.167044046,129848.831326589,89233.4930326572
"SENr101",414832.458904783,720578.660020928,634460.601133156,550476.556838435,358182.962357657,243415.078398931,192147.794969813,109390.309376297
"SENr102",73993.4630893979,151882.388910092,120371.590950127,82176.8704382667,51030.0646436782,33872.1709104526,36066.8179145318,33554.1513434535
"SENr103",309286.823940111,482808.742632271,263217.117375916,177822.096495411,128996.909606977,85453.2376675829,80037.7639307623,74514.5663509693
"SENr104",257415.324125423,479681.585456117,272975.487911298,171010.899278862,115801.713336174,96055.3549069276,81292.8894012017,76326.4985839966
"SENr105",177968.99505604,273271.224845742,151129.144794887,106412.395732422,71210.7682867151,51676.7435006944,40753.5177580895,29077.1480254102
"SENr106",329055.351453984,474870.916796109,278006.773216676,196463.109623575,121878.869621164,95086.9963064137,70417.1249740517,66310.3600080264
"SENr107",296863.570681681,508846.83732822,331744.339213931,265969.837177949,175848.059962822,119568.845167126,79382.8935669015,92899.3969013705
"SENr108",164720.747374708,282422.960442967,162408.597129712,103171.33957516,69740.3119395592,48783.2100273404,45150.5902592367,42968.3143513163
"SENr109",128150.814997079,228151.738034883,142166.726156919,84782.3546008794,57576.4553864662,39453.4409920266,42314.178863538,32581.6097682089
"SENr110",207254.103675837,394282.656556276,193696.458768003,137684.545031014,95825.5516949686,71601.7722579024,51068.5343878199,45340.4306281793
"SLEr101",86662.4728744319,188042.887408993,103181.793739994,66888.7410997526,52558.0209169114,42352.1134998921,25178.7479248334,26223.1307351913
"SLEr102",73486.511317379,124377.000700684,51944.5131631728,42582.5983869964,40163.955423911,28675.369740043,16543.8302321877,18364.7066356262
"SLEr103",70766.5266155336,118835.898246088,58913.7497999043,42164.8258164387,36219.1635572426,27699.1760675759,18621.7819378128,16763.5864594044
"SLEr104",117727.135108531,195461.48368141,106003.031315632,71092.2492932155,63413.2206078993,41302.9526453865,31077.8084908225,26733.6147571035
"SLEr105",88458.6029716165,156065.54307469,72539.0719644282,63740.7521790271,44234.8998419047,33029.3947551858,20354.6960378028,22706.2588753447
"SLEr106",91084.5374313602,144896.659562539,58416.139906776,65892.6220720199,50917.254226157,38384.5838642265,28309.6048960993,32913.2572408221
"SLEr107",109305.19380949,205835.309572479,108125.903400151,87765.3744190871,71978.9321935993,52327.1170012052,36468.3070335681,34077.2691704205
"SLEr108",80210.5149942421,122805.386231441,73301.4782724199,46236.1853151763,42743.0274227409,26924.8840714716,18258.2868289529,16336.2420635549
"SLEr109",125049.447849745,219905.881820986,113125.883226827,86023.8793217421,71153.9106279571,48152.1656399619,34310.3820180905,25358.0108946903
"SLEr110",34678.1668323382,52999.4942248386,36330.5998270719,25118.0196861957,17475.8474676472,14214.4621651261,9512.90871035148,6869.6133864308
"SLEr111",61489.7095726348,100678.44251148,50849.7074818295,41567.469881106,38571.6182397044,28760.2321751988,18461.6630081934,20457.5696298528
"SLEr112",66768.6392424087,109893.077458936,41515.830435982,41651.6521951558,34889.8295835041,23233.6660909405,18478.2553849223,17846.1321081504
"SLEr113",72277.4227892343,150630.936187216,125404.335722987,83639.1175318459,52638.5399845163,32621.1036575497,22823.7488881046,20619.398638546
"SLEr114",101130.402254088,199778.239684208,214860.841352685,146235.844376594,95049.6950604106,56749.7920107062,29984.1388638778,21448.3886974301
"ZAFr101",516071.420768556,1113527.17594009,1054336.52235047,983823.389983501,965403.913880266,823270.843069556,525615.25980289,497074.566204675
"ZAFr102",739098.426793055,1640875.69904325,1232339.38699831,842016.916539034,686428.070441826,594557.895750804,542427.4576128,545115.253820928
"ZAFr103",122531.129448083,276876.341614659,208068.005792337,185705.167960908,152766.113167866,129966.963680954,95498.2620883346,90495.032246858
"ZAFr104",281080.676914805,615300.275566121,523547.709997175,426173.47667585,307874.131773704,289190.740716625,199022.78424068,196607.593115039
"ZAFr105",1171390.73770284,2212557.13975096,2171085.57592414,1727001.57714378,1075861.49274806,897426.231581351,757076.771147547,721780.784001335
"ZAFr106",442143.712029916,785490.052118627,620575.562967397,670385.038232742,521833.618906691,329841.064035396,247663.757424608,232691.261284622
"ZAFr107",1423784.64316339,2161693.0052551,2179379.00814413,2830541.04652643,2203705.09467243,1236373.30143786,870782.636680616,693395.704120057
"ZAFr108",557651.501554348,942381.909024779,806357.758716152,851376.516727541,485242.386543943,346029.70782691,264328.688659962,200296.814946368
"ZAFr109",716568.047991707,1344102.17262557,1131906.28517407,699089.023485802,537772.874157399,490174.877454273,388768.777718425,483261.887392754
"TJKr101",78535.2695133026,155030.450392417,144263.244641471,109550.424860294,76871.5408021815,81016.855311102,50489.4278142128,22889.7866650198
"TJKr102",471808.596493393,672020.097212746,615909.231685332,477139.322908017,293372.893208162,251432.709562158,173123.960713614,122156.385216578
"TJKr103",341707.851293574,514802.432413362,403809.904016579,364992.921812043,269014.053994888,252468.771160451,213869.782279239,107282.338029863
"TJKr104",419551.9160714,604694.569145096,480773.662722033,458204.155003585,265710.096492559,229694.145990223,201073.466821934,109965.30875317
"TJKr105",28266.4433018238,47158.8778744156,27834.472515225,31377.4487650529,31886.7172322451,28643.8922251218,23646.8262193489,17750.3480667668
"TZAr201",357058.165430015,762660.467016994,399490.044479142,248583.570734045,212170.97385591,167232.235219078,104181.401653136,139543.688611681
"TZAr202",617126.105297665,1043454.61822635,581395.794788521,502202.316585008,355634.006644922,255999.62343511,136217.601781437,138474.342240989
"TZAr203",210604.015661336,466116.345906709,301321.836223749,199066.314969832,178364.296641084,214027.499130226,147862.759663521,141016.910803544
"TZAr204",352341.395186584,606120.548383531,463374.435668961,285755.700096901,249742.503145827,163330.595924721,124935.483704209,112013.336889265
"TZAr205",380993.670864095,741934.52505716,422672.128279553,306043.190503745,267782.653567194,185899.223903163,128083.457216895,130468.060608194
"TZAr206",196678.793783602,351400.630525079,181778.491106339,171564.280939389,132957.580554337,80429.2266427019,62399.872565614,86831.8698829382
"TZAr207",748854.788258051,1061395.07708389,1226754.12541746,1029498.84325833,758870.203961605,338369.166255554,176722.915075855,130917.806689254
"TZAr208",143255.676629097,264582.610778568,152507.972718822,128683.739155434,100419.221678333,64286.6333781272,44821.8973694346,55829.0749921845
"TZAr209",167174.146747399,388106.676420677,223806.928023487,169973.874190897,157355.907521725,125956.086627853,85272.2054499306,108675.360018031
"TZAr210",238356.706906024,451648.337494125,258933.743347983,204175.381775612,169991.891697992,102361.054590397,76321.4081478575,76112.1950400101
"TZAr211",260028.495322039,524390.784000872,300549.750121669,246593.558314851,177661.226493168,132146.855250862,92432.2556593976,94260.5858371411
"TZAr212",486099.163414143,910529.257923056,552823.127263744,362659.745328623,324358.937725585,209899.000205049,143741.33448962,173358.862650181
"TZAr213",280777.002686687,470445.477424444,247136.665728846,173007.492343119,140792.417207065,94691.7799955195,85501.5946380101,93997.6199763099
"TZAr214",508717.683272844,866549.239472485,497273.721199441,279368.763922581,223583.72651019,131918.725664969,89836.6878354537,104053.500122036
"TZAr215",371546.980632234,590840.850582752,299185.314676341,224565.150677009,178128.009872585,80378.5246526733,59070.5779671575,40163.8959392486
"TZAr216",487001.69449723,730296.444747462,412742.013837064,257914.258715103,221197.799352747,139518.131698126,99556.8688000197,95219.7373522486
"TZAr217",709466.469681272,1116638.62919338,676467.080492324,369413.40452266,299538.945713885,205055.111083509,124981.066707673,126319.161605295
"TZAr218",495115.802806428,860392.583182295,483822.169242667,325824.896219118,257853.19219353,171138.91597322,98798.7388847732,78843.3184979686
"TZAr219",993981.944231704,1595515.3483306,1011227.30847533,548270.857432996,471816.395004433,283064.50495486,184817.47130988,188595.706260205
"TZAr220",385877.82068263,634566.100943194,320247.993033882,219918.409134083,169269.260276053,107354.765143015,71477.7210089995,61809.5227781437
"TZAr221",35032.8423984876,58798.5244115986,42560.5979531471,26068.0367667846,18077.2547847342,16352.0556546042,9962.19045108075,7041.70047956311
"TZAr222",21186.2661336111,33618.1567183935,22601.0975397237,14534.5903537241,11311.4409707371,9931.60665714033,6223.00384905543,6182.96487761482
"TZAr223",99558.1707962942,161845.071292298,161893.845641608,104553.026953954,71876.3210357323,59756.5442096766,31472.8869309438,21596.8260394933
"TZAr224",41631.6814511239,70758.470676156,42010.0616882634,22976.9034330699,18488.8037489926,17207.3584645463,9254.0828392861,8617.383198562
"TZAr225",37439.055113959,64934.2432310265,38488.9963175114,25300.4039007144,15998.536045599,14060.1209166516,10988.3090074761,8119.02986706214
"TLSr101",6830.39725896847,14733.737571883,10998.1089671512,7626.65752111114,3948.15472310037,4675.70159937968,2868.53091972021,3101.30078868594
"TLSr102",7873.09909202208,19192.339291415,9294.30093650732,6116.92810393944,5416.67402595788,4912.71842789706,3227.53239306064,5178.57776920058
"TLSr103",13721.6813751528,34671.6380077036,19110.4754006924,11334.0360349036,8834.90673130109,11007.4322156629,9820.22173247647,9646.42540210716
"TLSr104",13359.9082420816,28414.6644044585,15383.8765943913,11709.9766252533,8262.39768315418,8839.76918061486,5501.79533606513,6409.75852398126
"TLSr105",7847.25941660445,16144.5270631584,10753.2322298316,7799.09937938474,6162.7550610208,5848.51812136521,3862.33474612241,6236.87192251244
"TLSr106",36302.6755394875,66668.5413163473,69320.642535159,51605.2218332818,26786.2417206333,20461.1880700946,10489.2679564636,6557.92442853286
"TLSr107",16325.019075294,39782.7539715871,21053.100445195,15307.2602309156,12319.4097347682,10816.290112824,7394.45520668031,6490.48312273584
"TLSr108",9056.19389334496,19452.8966182776,11998.5709120485,8589.33365481757,4671.58271374019,5620.15246618571,5435.23476718273,4037.80972440275
"TLSr109",8008.6803282119,20245.1107171141,9294.22614250437,4614.53985668401,6512.87093756726,5343.84878847313,3864.59496929467,3922.19412015055
"TLSr110",6238.62230098346,14397.8925349736,9525.68288207793,5970.64074699588,4123.33214996375,3883.50565333242,3205.87697347671,3341.13922819628
"TLSr111",5979.59790925348,13480.3738962345,7549.14298979536,5370.17298237694,4473.62190537242,4067.08982984633,3198.44763635493,3571.62366076605
"TLSr112",8216.56224506851,20366.9257539044,8626.66640114798,7812.19116776863,6531.29282957121,5279.6350081298,3272.22213229524,5474.66405211426
"TLSr113",9128.75871231249,23092.9472482232,12020.4180314412,7325.4681431239,7903.3258307762,6337.77408060461,4018.59607714384,5986.8876063745
"TGOr101",247589.005510481,413111.933641443,332428.067535026,321292.092525016,194492.371208473,122717.642288026,66737.3979820746,48267.0683094608
"TGOr102",205015.793410661,431710.281747854,178358.953190687,153989.988376627,125132.769826747,93431.0979451538,78134.3797845832,80368.0627176861
"TGOr103",257252.40621239,518293.177944569,242398.875465739,189875.555484668,165955.293768632,130531.688063998,73509.816431258,67299.4896287457
"TGOr104",115848.979141518,232592.24746334,127094.309060903,90859.5683828867,71080.7272535003,55932.0495735112,37647.3216005504,33995.0194237906
"TGOr105",137866.442786999,279252.886462121,140780.39035248,112605.895145138,78796.0134828668,60824.101919662,44229.7162405577,48356.116910176
"TGOr106",182195.568547639,377944.943179473,159040.01369642,106023.207577597,87421.4437613814,64326.8163697802,43613.0369999264,40267.472867783
"UGAr101",852211.522122043,1251693.57348154,874792.823310771,723701.786369558,474667.001568488,235846.716777404,138776.349673475,145190.288696717
"UGAr102",688515.644858,1218964.48644576,715491.651778242,492342.935702986,339913.732763795,224866.525580304,124466.661498648,135086.146372267
"UGAr103",247505.359325717,328078.736865937,388159.766120505,322219.182420467,172093.054154562,90869.0331127115,40092.3947804567,20863.6942196435
"UGAr104",764023.040787534,1451329.10971703,690659.309855144,463947.650423469,343272.968386643,231866.938611539,123849.123038506,114421.610180136
"UGAr105",1001130.54655899,1800972.85336213,1025249.89714049,578551.158289582,419062.738486836,331263.322452859,198239.366712829,208821.138996293
"UGAr106",848031.299914043,1660972.02134632,880922.72543372,575139.478362672,354318.541084297,248009.340865582,166273.07396476,175431.829028609
"UGAr107",508251.027638512,962460.70520884,504379.966946081,313844.558082865,223851.183966435,158849.17646351,85426.0954113949,105156.72728236
"UGAr108",936318.249336345,1544459.57969338,902618.595433188,623852.669046168,410546.872819062,265581.814380177,154178.570325294,148728.341966387
"UGAr109",778420.771303453,1459339.05894767,750197.881066395,566518.781256128,393706.164276517,289435.303952838,176579.977624419,197677.349572576
"ZMBr101",346824.461569056,664653.82149175,353780.956210868,220837.643306125,176861.715226171,108439.972633739,74398.029494166,74426.3840681258
"ZMBr102",331908.445206279,687094.984856035,480520.334715865,319512.893996969,217055.976584189,146688.181061756,92806.2935218838,71460.3980570229
"ZMBr103",329897.210067277,644879.200926719,328032.619121632,233433.685847808,159199.587233974,98893.3719261598,69489.1541014836,74032.4097749467
"ZMBr104",241212.361295178,464264.318115516,159307.141758408,141452.204959088,110097.486258947,68128.2565298469,45431.1116698008,40969.7544132159
"ZMBr105",363609.339318281,677604.429347741,488732.828207634,387752.884709842,278968.149440618,130596.665172702,68237.1638580299,55626.2549451527
"ZMBr106",434959.642896975,788543.275807027,356911.353876275,247196.121766922,206040.838937083,125683.496066535,71359.5062053048,74637.3634438776
"ZMBr107",163237.743986031,297335.53952855,140809.125268662,97351.344442878,70845.3055445071,47417.7575815121,29172.4092817542,27211.8745661062
"ZMBr108",361455.19156464,645934.385098536,349101.236758371,245496.287868066,179873.061530002,96782.1508104102,49142.4350127841,52380.5253571898
"ZMBr109",188298.225382012,346195.210574065,155332.24566744,125381.584718538,92518.4841221869,50581.9711115301,39939.061354726,53631.4300695027
"ZWEr101",316673.44772457,567308.339471663,336264.038824724,240832.06404993,155457.550549235,102186.406159387,90864.5160361228,99531.5551843695
"ZWEr102",193584.444025337,361600.102440055,224696.470111386,178424.552569159,131599.121119705,69819.8568095897,61989.8575931555,54830.5743316122
"ZWEr103",212644.110521022,408037.761666331,256338.448014037,183749.739419306,149832.085666352,98330.229934081,90068.2348573227,105596.262921548
"ZWEr104",279311.983577475,449276.689122891,301577.889152711,243864.54117371,186901.72079818,87012.6672927841,72266.6346507591,70831.6572314906
"ZWEr105",121768.638789547,244077.745523808,147723.634483929,90167.5570783056,70981.1677147754,50539.2564524561,42367.0129557824,45297.1355013969
"ZWEr106",109791.180626994,223545.513856217,136273.242324584,78200.323123544,50914.1070182708,41479.3756153625,42162.679449114,53311.7048859144
"ZWEr107",289205.830405716,481510.645439632,337804.660114338,237237.39008468,169074.780947974,89221.7007811441,79857.3211462129,70444.555080304
"ZWEr108",262021.883936579,490535.518509659,278215.226659388,188376.548420496,145567.671174173,86359.5089253556,79976.7081089764,98544.5792653721
"ZWEr109",312626.339235323,453773.10862622,423636.734872618,424552.944073355,294795.818155882,139617.080379895,88261.7325204673,53190.6471362393
"ZWEr110",85020.8766844811,144344.997887146,139996.057939786,102295.892395338,69965.4827708049,44724.3408197609,38137.6691896011,23927.4173130812
