"GDLcode","X1","X2","X3","X4","X5"
"AFGr101",5460284.93759229,302887.54229202,1042529.5907496,546392.62212818,325501.495237908
"AFGr102",873738.088026142,49203.8323652783,130342.193470813,33735.1157089957,23533.9994287715
"AFGr103",2682686.81976919,117755.969837113,318378.597759325,126216.139902017,74187.7247323567
"AFGr104",3717267.03698171,198046.974952947,482564.428984198,213163.699090866,113167.45399028
"AFGr105",3976996.55637995,184860.115155709,493407.500761104,159725.575503426,91686.0381998088
"AFGr106",3383227.42798906,83695.3296193511,207194.605730359,76311.154311322,22318.7183499079
"AFGr107",2887930.12650615,110460.764180768,305746.807413529,115393.745672625,43218.9642269297
"AFGr108",4098614.68587083,147769.005765208,338661.604650716,103553.92245338,84473.0342598622
"ALBr201",38877.8362457089,40224.303859932,22731.6227990982,19546.4006150658,9912.97048019512
"ALBr202",43420.5318937339,43209.4657094764,15719.9217801226,16507.947839909,8273.42027675804
"ALBr203",81966.6982304662,66560.9389514449,32547.1521150937,51475.1661211022,42381.3960818931
"ALBr204",86521.4285293354,107125.27147905,29985.2826125885,36433.7634666281,24769.7262123981
"ALBr205",84484.5602001163,96697.3782420334,46578.7965039479,42989.0585348565,27785.6348190459
"ALBr206",18837.5054648944,17753.6420513502,6485.79320234162,13545.6415614803,9090.43930993352
"ALBr207",55685.7703071553,73919.5399244463,26769.062033237,37011.3092808692,21862.2963542922
"ALBr208",22740.3754068208,26529.0063768313,11324.5444639688,11946.2097524246,8027.98695995448
"ALBr209",41632.4475846946,42427.1791242483,19581.2963147231,19788.2891549744,12873.8448213597
"ALBr210",63047.1338454778,53692.6959962464,28932.5172489028,34717.5134330636,27629.1857763093
"ALBr211",200493.904286556,166298.859304043,106608.218270317,180122.252091975,215882.641247109
"ALBr212",50194.3477633347,42191.2284982904,20185.1049944227,39366.0146278577,23354.9334160944
"AGOr201",487195.106099669,39609.5580297392,170079.282904147,79457.7552411745,34163.8387252708
"AGOr202",442188.555144515,28139.7150663352,151211.734439161,42876.4070796017,15386.0029703874
"AGOr203",1194669.72958473,34202.6358520119,240128.591080903,41599.0709790449,10649.6315033103
"AGOr204",4123755.71490401,331673.823981414,1859733.53494838,612185.493889113,450347.840277083
"AGOr205",412650.013219125,21177.4438500594,68426.8565527249,11985.7800535082,6481.53552458216
"AGOr206",1781992.77621436,70280.9441969492,163650.070041586,14481.232464731,12369.3350823763
"AGOr207",913756.340841591,30044.1834244626,138049.946770193,35959.0691072979,11234.9158564559
"AGOr208",777303.347265973,33404.7373177527,90178.7015095811,19876.278886716,13256.6998199767
"AGOr209",1749142.65627262,62895.8453351151,370732.730166517,60776.8082857186,40923.3409400305
"AGOr210",1706342.58117486,75930.8760160932,263053.739788971,46727.4761712173,24552.4558488581
"AGOr211",1318403.70476547,42679.6655141214,130563.314820106,24450.7051871173,2975.51371318426
"AGOr212",747942.085581455,31504.6098973794,93156.4320149467,25725.2525771066,10538.6178291116
"AGOr213",471421.877355646,16415.1300839445,64667.1878363911,11538.9298257624,3733.29089825629
"AGOr214",391569.596563713,20803.9348471004,97858.6247765414,18791.6513816405,18025.2459310048
"AGOr215",2324496.85439425,97883.6688649847,335689.890891618,58543.9831392457,32508.0327099008
"AGOr216",957321.615974207,49349.2379460852,129765.120447628,17227.9664428956,5368.31918918401
"AGOr217",462116.570181216,22286.1039603907,82614.2469942695,16701.7803690858,8616.39429503765
"AGOr218",362701.114870158,22201.6736896839,48349.5239092988,10484.8926600674,4472.23757079172
"ARMr101",15585.4190015986,1782.3848406152,19130.2102907337,61869.4869480387,32842.7976190139
"ARMr102",37555.8035603976,6067.28977620869,51571.775013621,98809.5406825727,66005.6105672
"ARMr103",49332.171189705,6030.38788040042,62309.1739917599,100026.589014967,73257.5727231675
"ARMr104",24241.881076559,4785.0313663843,37149.4753625882,104817.021479288,39586.5159151807
"ARMr105",24075.031242783,3126.90647213031,30806.8539764124,88180.0250667646,63310.7998419096
"ARMr106",36011.5680415082,3851.86888167319,27737.8351871508,70438.4785797354,71559.5991099324
"ARMr107",34750.9851683919,3181.51834154048,30553.2370903549,79195.7800993626,85799.7695003502
"ARMr108",12129.6327787431,2017.4830803405,17701.7943859949,46015.3954200424,37486.2796348791
"ARMr109",6452.98919649634,899.531575354274,5699.94298707459,16637.3034323821,16203.6914986927
"ARMr110",16650.5571783548,2435.57131025724,20507.811344091,30249.3768938394,37393.4662734575
"ARMr111",137168.154284349,14780.2404428972,108217.80805826,235664.147332727,571990.966881768
"BGDr201",1937436.02880774,399003.812613372,1035017.11256413,291223.780322038,512309.813692716
"BGDr202",2688190.94258529,430247.271682545,781449.532638357,174505.67657434,294001.831519472
"BGDr203",4296551.61125009,642284.859092973,2106822.01708239,490273.957721272,767789.482853279
"BGDr204",2005795.03635264,191571.033980788,481364.73090617,75235.4059306591,180541.506829742
"BGDr205",808689.727517241,66327.6006311637,299436.129813722,79545.5828406803,93690.7791971926
"BGDr206",4213991.54532002,514560.254648195,1449219.02709589,305725.270383211,349504.281552683
"BGDr207",6445379.31289036,1005036.10693432,2627686.90487128,588535.409711041,805791.485592996
"BGDr208",6932324.77270571,1059256.01477719,3050096.70185155,676139.399530401,2299131.72113515
"BGDr209",5169391.30986267,920937.888529243,2822570.64232332,384185.905620756,1139920.25366402
"BGDr210",5013843.25686117,510465.844653672,1484481.25490834,198234.740289959,550479.53228686
"BGDr211",7541563.41437953,938025.264721248,1829447.94189643,319214.344414329,572120.484588466
"BGDr212",2893342.35702467,242673.697802458,1042887.37657086,155647.105085161,336818.166516848
"BGDr213",3386473.88856238,308212.231566407,1099963.39215875,171230.773426285,276209.006286185
"BGDr214",2948435.38007352,499021.838464783,1500872.47444503,390519.221247485,594335.922769174
"BGDr215",2679852.13681036,222988.899098118,1219456.71736133,169971.334959898,454958.878770296
"BGDr216",3403126.1140053,295842.748980664,1471816.77786948,153944.309543897,503842.344600665
"BGDr217",4136828.70800491,596136.784698164,1615002.38621766,288999.467713291,742566.539365978
"BGDr218",4928370.12416055,513456.484228846,1566543.12332767,181683.783352845,714413.679930084
"BGDr219",4127772.79334514,574140.809411663,1484794.43286874,338003.64741202,668667.568962444
"BGDr220",4389325.84944253,459418.719414494,1912636.14191434,241525.49833308,717369.217895557
"BGDr221",4146316.22438984,492655.39076756,1270628.18917078,231130.74504742,573765.848624396
"BGDr222",3558094.35899294,579490.767535784,1255663.77701136,223481.334338507,398756.920121408
"BGDr223",3580807.62934184,515267.18217342,654381.438576482,70364.6222845494,213242.951623706
"BENr101",1295192.15801185,19078.5633583428,166913.657685384,5559.69621297324,11745.8597314454
"BENr102",1559830.41857903,49660.4686212264,428040.719385042,29873.0969369577,119143.130477741
"BENr103",2065802.74498935,27225.2682601212,196021.975722711,7181.28547627612,23411.3635515448
"BENr104",1011927.63580938,22873.5380931342,226403.930587485,7923.34136346598,20067.5071465329
"BENr105",1512925.7893806,24251.1088089182,311495.529238978,6052.14277802985,39697.1887934771
"BENr106",1407492.82347348,19003.1779744959,266066.488293277,5732.13965961942,21659.2565991325
"BDIr101",2856662.86296762,213463.335407676,255540.273756413,11413.7151968167,7773.54167147856
"BDIr102",1064470.14530655,86429.43310301,197298.753960661,9504.32155999111,5759.97006978325
"BDIr103",1111884.35206801,97022.3697186449,136181.435381331,5633.69214075268,5032.74369125937
"BDIr104",1819965.8417896,197528.699931536,387759.482184122,11803.6703259451,66883.5137688023
"BDIr105",1725109.96572077,202708.933478098,226703.185736882,6420.01436812756,9037.53269612593
"KHMr101",541805.189692308,38529.7325131124,160064.310744441,18294.6524426766,12400.477707462
"KHMr102",1232501.97277405,104916.368072419,326973.549574729,26334.9399690814,30373.2066097163
"KHMr103",336132.205688856,31594.6046675601,105520.421734157,15587.4256098601,12211.589099567
"KHMr104",496888.283422905,48687.8929392565,201546.45454589,20986.2548503334,10835.2219416152
"KHMr105",485827.786846187,40972.9770842499,117986.427774345,11042.2602730651,16281.5033221527
"KHMr106",850571.381188312,75134.7551518153,383463.074957161,48445.4607853476,55334.0139173641
"KHMr107",87791.2330439397,6679.16146781443,32200.9888618235,4573.45115009458,4425.45387632778
"KHMr108",743208.848127624,81600.2692500607,512584.374511234,109973.001926116,265071.683184965
"KHMr109",649359.522606715,51987.8798830389,222003.465263641,14965.3167401863,10129.9847064192
"KHMr110",300213.657614083,26222.7006516259,71109.7529106394,10727.6016732103,4307.41295044147
"KHMr111",315912.868513873,23698.5016197613,117315.5840674,13182.1690150554,11862.5368839101
"KHMr112",533389.053709406,45129.7482037143,245942.073682254,28023.3828901487,28481.3536144767
"KHMr113",922035.724971735,91891.9110181324,353945.41407432,51277.2842375901,42958.6836982228
"KHMr114",576146.122509356,49033.8851444307,218045.786970168,26331.9996405854,25417.1491354598
"KHMr115",564470.342083418,29067.7600482235,111836.514653112,11498.8720329598,9605.21038228693
"KHMr116",229934.719067165,9945.73676827432,50012.2812675229,5764.77435675869,4660.36074027935
"KHMr117",1153807.63820556,74192.2087279051,254651.3461989,42226.6717311881,29227.8981364517
"CMRr101",895292.504725304,62150.081768177,170983.372752774,7505.21268565659,27729.7890680876
"CMRr102",2055902.37022684,559775.320111013,1531761.73481723,174569.940412442,384559.166432471
"CMRr103",577147.269161759,84239.4701982438,213685.087581127,13566.0036044754,17108.427954395
"CMRr104",3268378.87212053,146565.685196893,445959.802881222,22684.741249797,30321.7945515574
"CMRr105",1433385.0726206,428750.097414201,1334962.60251567,193122.393344578,327661.242104952
"CMRr106",1963643.14146556,104150.14503798,259641.607974344,20773.8280004697,25642.0085216424
"CMRr107",1041556.60175691,379114.82587465,400184.238162104,77264.2386070723,90475.9285992619
"CMRr108",971745.295377577,259802.772898854,538344.578306987,46469.8212778642,70809.058138718
"CMRr109",333587.338602929,107367.693110661,300752.461047341,19138.0862850084,31539.0497540609
"CMRr110",457991.460904145,252186.84530087,502035.507424814,168317.830501608,196198.429868563
"TCDr101",798038.395849958,56267.707036165,232151.918426071,59164.7179405714,78335.4897472349
"TCDr102",1649519.29319057,9633.47010245251,25877.0549192815,4139.48030695535,1378.21048074522
"TCDr103",1585338.61801589,22711.9410074722,48090.9707556255,8915.19910872823,2632.97111228486
"TCDr104",2305155.56333737,14098.6876661845,36627.4652867148,6183.05940443432,6414.78130529767
"TCDr105",1340208.10163959,13832.7950490076,44752.6852079174,9175.75500392984,10969.3370995602
"TCDr106",1306157.2783603,84437.5796812275,213951.405663686,19339.7857446846,8985.03255010452
"TCDr107",2163807.24528486,107324.558341388,299946.907199836,31308.0791878495,15785.3559860642
"TCDr108",1248941.45534736,57077.8712545879,163702.209918268,18774.8103326839,9168.9261470989
"CODr101",3192254.71722075,361224.887111314,2196794.76489897,1330291.777497,989585.90227197
"CODr102",2197450.60669316,177741.514108783,770520.752515071,162701.380579965,45067.7601030268
"CODr103",4337826.8240914,260429.410770499,1386014.65364508,492900.523561047,97426.3599319789
"CODr104",5612089.13368388,300893.732715108,1438212.48852731,350504.42618226,77978.1138914377
"CODr105",6892414.71324964,452712.555411525,1656291.78850735,275623.663015048,147234.111816435
"CODr106",4568728.51271419,319508.530171911,1132296.22859197,205879.895217906,225518.993304021
"CODr107",3311337.49091382,145107.173261612,803355.123550837,178972.328329481,68075.7719442493
"CODr108",1437214.51064137,122060.062487785,466257.243042217,85058.1643268572,30972.5055017676
"CODr109",10450107.23444,665382.458492962,2891610.55256027,666655.157025783,403165.927480932
"CODr110",4532372.65582333,317031.749780606,1535930.84296593,388940.523023131,121301.458407007
"CODr111",5784480.13600847,431916.739310591,1650690.06314456,333769.880038034,166990.720498344
"DOMr101",2053677.84666451,259791.24675526,575935.381007464,416455.593078632,699784.144494137
"DOMr102",674640.919337914,80930.4402347322,164548.057180583,112292.271618589,114534.300628182
"DOMr103",833529.610765131,133152.430397784,221459.686373835,158562.841527155,235415.198936095
"DOMr104",379760.700328646,56359.260365795,85583.8953336998,62961.9554790528,81602.2841928065
"DOMr105",270414.198138261,25785.0114972636,41640.5664499317,29503.9126660194,37851.4041485242
"DOMr106",605169.49651412,92930.6891317171,134733.694157205,120639.329376577,100447.19082038
"DOMr107",204557.66750683,18610.8809064274,30065.6043059945,16966.511423391,25179.2244573574
"DOMr108",272265.325368599,30866.728519266,54962.5620504855,32582.0601977915,39715.2503638577
"DOMr109",426588.334584294,61192.6822429777,96567.7329906997,74625.7141478571,85682.4437341712
"EGYr101",3775182.25951958,460799.385991867,1585561.32151211,1969715.93311171,1743456.88986472
"EGYr102",1912467.81694676,346757.403279899,920314.802461033,1003186.38000629,1074639.60630602
"EGYr103",251650.029615439,31436.2051017374,104413.109802199,204816.499565912,136972.036514713
"EGYr104",235366.070131969,23109.0888691182,88507.8103687228,155524.168089166,81921.7200410241
"EGYr105",724099.731213414,46816.4476279136,261114.440104432,322946.598833351,154703.779220889
"EGYr106",3200667.7902938,147919.199990037,1077201.19498474,1578391.03618035,655589.852551076
"EGYr107",3576886.55719314,219490.98040005,1172745.01778122,1378178.36127327,842084.906352322
"EGYr108",2723851.0944881,155277.129090702,1004481.12377227,1110607.93795154,640329.811697389
"EGYr109",1801415.13310027,118062.160526107,537587.108911684,740368.382268412,336317.260193528
"EGYr110",2473415.30302457,234694.059209254,795119.808526509,1129580.30797812,668272.405261545
"EGYr111",2072583.94628704,143389.558239161,743963.215098694,909352.82620028,519629.265174831
"EGYr112",3525883.58286594,150263.999176493,1040870.76801844,1221431.76524226,440773.877696861
"EGYr113",580455.547050024,37844.9665857768,231694.132698426,271449.136435156,160466.895230618
"EGYr114",4582932.05562308,431027.407046813,1680663.40786254,1633208.13137906,1143195.90208851
"EGYr115",1734860.84407284,87887.0621211911,466781.183347856,611462.302282058,241989.72617606
"EGYr116",2101249.10259201,56494.9313304548,530898.204458625,614712.179162944,193728.090455963
"EGYr117",3217085.60143661,109843.882990422,943851.146047054,1047827.46764877,358553.690877142
"EGYr118",2668101.64393674,110012.606448082,798555.203601727,765446.151483378,334282.570530068
"EGYr119",2783932.72918398,175392.968569999,916559.247511146,817802.198625306,378881.565109569
"EGYr120",2475749.05864787,123502.22236075,881125.095423115,1063858.5899702,379876.601598066
"EGYr121",610088.415282719,47876.8843021257,233212.033939551,335703.872361052,109331.027114552
"EGYr122",821242.200375672,79591.4294690958,270773.306127098,331141.54479563,191365.195232505
"ETHr101",5273691.46322897,112057.81385976,475525.933507481,24518.2174834687,196597.406920319
"ETHr102",1711580.67960484,36387.649832621,55854.2929586408,7002.1117334843,33276.8168704166
"ETHr103",20267594.1521696,244334.266007351,1290023.13531657,69951.4128545132,694716.933651992
"ETHr104",34708312.0988217,833283.234312189,1634589.24536254,217452.943888663,807647.147614895
"ETHr105",5701443.27524669,87295.6422373824,155344.512829455,18271.5009318287,107180.55375465
"ETHr106",988152.82660332,11028.7327070361,59694.9488299049,2774.76186676601,41858.031992973
"ETHr107",19061693.9937671,307387.305799348,1017003.93291042,59813.6815586337,456587.605964479
"ETHr108",392809.54443414,11654.3012637616,48137.2763784289,5132.06015354866,44666.5872701213
"ETHr109",197492.571646043,8847.52886316044,21279.1636437805,6253.82268598565,21380.8843610308
"ETHr110",2269500.32527621,195618.474410449,708093.336203783,285121.333437091,826286.280672463
"ETHr111",359847.366747652,18448.0010029922,45749.2694052938,12109.6640646612,29830.3081794008
"GMBr101",18924.9488883292,1321.86484143126,7401.93350796334,3483.41783642937,1828.97616584685
"GMBr102",222909.313167903,11012.9245483072,67738.0930340006,33647.1765006355,22368.3510491538
"GMBr103",646710.631742864,33213.2637629661,168574.896478063,66140.8176713937,38379.5661447138
"GMBr104",73370.0670564679,2580.76589055721,11013.3791033306,2946.98838262354,1641.6224870208
"GMBr105",220283.744412951,6435.87698808698,25003.3334379061,7048.26574728948,2283.74391376635
"GMBr106",231973.647192235,4838.05381196403,15214.9657888076,2823.52955425738,669.193452735873
"GMBr107",2959.84955279665,85.0890843398757,332.267097093057,72.3060070992974,49.0593276711203
"GMBr108",258984.931850379,5401.06370119717,12799.0809082247,2177.19044845824,1085.85469174062
"GHAr101",1425275.18110189,111476.240121642,898780.387969845,191200.571427243,101962.38837938
"GHAr102",1447010.39129917,131372.838817629,762346.61923433,154194.795399863,116497.796249005
"GHAr103",1994639.05782468,139534.273967548,1533414.93404466,486743.384776933,450989.739386177
"GHAr104",1469712.96468306,101612.83847537,692080.057567523,105087.003174983,85848.111099061
"GHAr105",1557477.56295708,148228.305635933,938282.114383731,149558.215028046,115675.002995209
"GHAr106",2919050.74417931,230351.928804874,2084622.25110826,383731.356763638,286483.057143917
"GHAr107",1648003.80865234,105928.800903908,660332.634729764,115217.656954673,76791.9307593132
"GHAr108",2484506.79265665,49720.9501399362,335200.205136602,76483.6014825117,69970.3185843002
"GHAr109",618975.192414335,19053.2144952581,93966.9829324235,19996.7026085194,24218.6253494637
"GHAr110",873317.293518952,48999.6789702751,143207.120757254,35070.6407117781,25338.9330417412
"GTMr101",1467393.80920715,448214.305451149,823240.269325039,279652.245766824,295655.910249842
"GTMr102",1131506.90380093,164339.810426611,174995.056678699,37352.9491877596,32095.3069059979
"GTMr103",793276.536048068,160696.44418057,183075.578139698,68493.8519656929,38945.2756659711
"GTMr104",771994.562242652,163195.937000961,168749.433413393,57346.6543166089,28569.583026385
"GTMr105",1038795.15853526,259201.691740789,307168.251051335,100464.258005417,60858.4796671975
"GTMr106",2547809.22315731,486417.470418529,526831.586271294,196548.116903046,118542.466249819
"GTMr107",1772870.6887065,249103.875197989,183204.788187715,81334.3650697406,43962.3598380522
"GTMr108",493850.503705797,78915.4959445044,101493.22144721,36286.1221683886,17100.7711341003
"HTIr101",1696477.10187531,175883.00300151,946294.943609884,130610.559306781,249939.330206515
"HTIr102",442287.545790268,29673.7137018629,136043.277061868,10130.4315329355,15153.4780130654
"HTIr103",706283.578972491,62910.5488565493,273137.654768543,19322.1125564577,38987.3578459585
"HTIr104",278641.144726089,24064.361854429,96020.1806560872,8550.24770758663,10429.0812558084
"HTIr105",1298842.38859815,103295.487584037,404247.906591275,28652.0524879881,37623.6347385474
"HTIr106",586841.980471094,30033.2887897453,145921.343284257,10066.0748787657,14912.3974761383
"HTIr107",513152.181122317,45219.2094408255,176433.308138406,11120.0503426818,21478.0461557694
"HTIr108",566444.39495537,48206.0226767301,175854.072193848,12564.9138005851,17106.2982734667
"HTIr109",488287.778991271,41475.5237866547,205614.252577467,11324.3762503647,15195.2581942428
"INDr101",25264503.547978,4162163.23874195,15240176.687903,2517163.99150843,5084431.51386861
"INDr102",16709968.7379475,1627898.2280317,11614168.5246403,1870534.93957383,1805061.3398067
"INDr103",71716682.0405435,6630477.0109438,27920126.7295153,4982677.70254777,5042292.31644963
"INDr104",507995.179458585,67666.7587722202,594586.66729502,139964.20059668,198622.484877494
"INDr105",28351716.1877144,3852664.84090662,24358168.7270658,3635450.2834774,6400013.03083579
"INDr106",11244132.9418442,1959250.33875784,8840231.25537598,2626737.29325651,3077043.8707655
"INDr107",2468995.5287151,597497.122149232,2676913.39143999,824311.508560823,828105.51313485
"INDr108",6165973.71862522,633235.343009011,4885115.34032273,861596.574361365,1312517.89368168
"INDr109",28802625.9355645,3391457.59585042,22643131.8275591,4758938.33369726,6760504.03732872
"INDr110",8715759.4182034,1912712.6708787,16423823.4700186,3883581.78435555,6217271.6365437
"INDr111",39587180.243535,7109617.98877484,24238698.0599803,3387744.74932745,5256011.23838238
"INDr112",47947232.7490512,5264069.85181784,45654315.6622076,8385675.97622312,13871356.1607002
"INDr113",1251358.29577498,155307.101330151,1165333.44554336,212229.635352852,421568.632998659
"INDr114",1885166.30033945,185061.634236587,1004661.06263122,187548.464593905,217168.355198841
"INDr115",491132.977991559,69006.6689250562,515593.345002079,83258.7018407204,97067.5712405848
"INDr116",970898.826076514,121721.789697959,802206.151943931,95681.4046801529,161051.969601443
"INDr117",22142066.9970841,3056449.78812575,15632353.9965258,1721503.96493505,2663725.0933293
"INDr118",10729673.5746939,2579487.0972497,10222560.6312118,3149200.31331507,3343790.02352956
"INDr119",39773023.7270711,6004414.31058784,20436217.9337963,3067197.94569837,6450348.82284638
"INDr120",242718.499314389,53461.6468514293,239621.569774067,49314.0210757814,57353.1771843332
"INDr121",28045856.5527814,5970211.63657237,27866840.1634271,5600345.97024484,10874069.2869743
"INDr122",46886282.953402,6102736.41568788,33360172.3285053,4347281.30752664,6888151.42487818
"INDr123",113460509.971644,17733812.8484471,56336191.7675944,12667138.1339659,19339335.1783489
"INDr124",5960406.52164577,1314025.34194124,5935556.02825969,1906299.5924377,3125264.1957156
"INDr125",795375.808186652,86657.8243746873,458553.687611367,105077.074049289,97527.8257780046
"INDr126",1649101.48262628,306096.785693119,1670061.12202775,153931.432859206,275605.193793647
"INDr127",4499741.04240913,976452.034030491,3476626.16018227,901163.305500103,1340396.78787801
"INDr128",19799952.2243487,2189202.33128432,10633943.7703883,1894830.04989042,2214790.35408825
"INDr129",13380000.0231377,2327873.43308207,8831388.58851354,1618145.63751371,1774456.09775302
"INDr130",18444817.1068005,1785512.05907977,10734989.7597008,2257916.68601415,4744444.46840472
"INDr131",234732.897451698,51609.6688114652,267097.925946775,86538.6699735171,213992.657616544
"INDr132",218017.654898081,23798.6772345069,165026.190885687,35948.2253935177,50445.0479882078
"INDr133",373206.519661727,78206.6722959814,439771.901351611,96623.0784833594,211427.329207322
"INDr134",52580.7280867274,9694.63355046776,67959.1191823512,15140.033648739,15495.3007317146
"INDr135",14085.3592580606,3179.13826644109,22113.665766327,5590.76001636651,4132.92883280483
"INDr136",118414.780485311,28257.0016097285,146411.078562132,38114.9540282072,40660.916714621
"IDNr101",1584660.67332735,637958.877633671,1000339.26242479,838809.332200224,561258.871413957
"IDNr102",4800894.77362629,1552613.61092346,3188159.44435055,2982145.5652301,1210601.42586959
"IDNr103",1837027.24623177,493275.564041511,1266786.57755401,895371.205110388,674204.757062329
"IDNr104",2344903.98177791,980642.352276274,1498894.90662763,1263362.42283505,591133.367483143
"IDNr105",1259808.88217463,522354.379084871,791241.716198553,606239.81159298,320297.649948969
"IDNr106",3039569.26265878,1303635.06619542,1659719.01298016,1306478.30310933,581193.882056313
"IDNr107",660063.267967947,224026.92923614,457807.298885318,291988.209081425,190759.129829171
"IDNr108",3044336.74181735,1255811.03909731,1968147.83070164,1370336.47236203,471231.625021665
"IDNr109",527598.455725497,202515.92401902,301978.228689695,242971.300557917,110859.332007872
"IDNr110",2440642.62046941,1188517.31146826,1966904.41407993,2838974.92009546,1563960.81588694
"IDNr111",16050822.4815205,9146586.65572693,10893924.6148754,8094260.60934274,3762728.60853442
"IDNr112",11944153.4730743,6747696.5963669,7682411.74700005,4583694.63965225,2297854.1539065
"IDNr113",1094830.89704588,371309.450989358,741434.660718643,816397.367368415,652421.6558777
"IDNr114",13972594.686066,6791988.68257307,8165131.53789112,6619108.04322326,3203541.3202466
"IDNr115",4150944.83945685,2032194.45765797,2644612.15600035,2390476.72605429,1003357.63083054
"IDNr116",1484813.03110463,555257.82158711,724621.553220342,935795.017398933,553628.027688982
"IDNr117",1988796.00913608,529885.561740739,1073702.86773913,682199.212314645,523050.872069407
"IDNr118",2358069.04067972,758740.848096139,1021822.68670537,471647.990966617,418563.21955216
"IDNr120",1992653.48994872,890610.85225654,940915.5151421,646321.688305435,277462.911347205
"IDNr121",925565.610496498,356156.209009785,640480.875023677,326789.60685332,206371.218616721
"IDNr122",1606069.75461206,510271.138306331,926095.769004668,534410.242270777,399554.823806168
"IDNr123",1509997.51615593,495212.899393979,910092.633384168,869156.185730554,358975.668335372
"IDNr124",675314.910460112,253648.396143784,680664.056310739,493926.120943661,277404.045141705
"IDNr125",951733.053606963,441142.935578065,632863.950875088,411128.335486114,290168.271453769
"IDNr126",3809534.19210723,1388145.65352435,2143254.98759711,1332865.58082249,1144607.34694881
"IDNr127",929231.166804135,263225.070067918,579007.730454299,344299.673439056,290244.836234592
"IDNr128",472560.3712235,148939.333502389,260137.297639962,127557.510246249,131649.8653879
"IDNr129",914174.016687837,308139.737630906,584283.960328124,439262.622323124,298134.698030009
"IDNr130",3222592.68579706,631308.201170924,1335423.5200109,1063685.77004837,659409.042972742
"JORr101",1020307.91999774,149040.399495263,1004757.8502154,315724.804104209,858347.36818739
"JORr102",340526.045899724,43434.9599974208,267045.363303204,107967.304120674,292919.424678976
"JORr103",359973.642540299,55492.1334087266,419614.475862372,70776.4168945297,195928.936294073
"JORr104",88969.4138731988,11534.7328420196,78158.9857677473,19314.6238824472,47291.5071345871
"JORr105",631620.987483926,83058.0992922574,639371.890675956,125223.732275608,400292.577272252
"JORr106",221564.102464183,32697.3543853374,168953.219581495,25939.8269842715,53839.2383847138
"JORr107",62436.7354712376,7306.19772477562,59162.0801208218,10753.7595596713,33479.5266234936
"JORr108",103381.45012307,12477.4099394276,111683.001708344,18098.131808158,48160.1940210005
"JORr109",124943.899311379,14397.9766070675,130820.967395327,23998.8272821427,86931.7043040837
"JORr110",50317.4169174153,5220.80527318612,50753.3454827844,7207.29911694951,26705.5731096648
"JORr111",68814.9976284041,6711.9822741137,52098.7965914031,16788.5195734798,28540.6476325993
"JORr112",70131.7437620635,7695.70512687901,60685.9232369255,20061.3596295192,37347.2818446127
"KENr101",1577693.94218731,614628.371768231,415111.959421658,852677.673757037,717805.881865766
"KENr102",2332109.96437331,835930.977699189,601379.437558848,682395.184242849,396198.9621258
"KENr103",2682090.21446175,526723.780720896,265256.224688654,375611.336078484,172304.539050213
"KENr104",4125590.11380495,1003533.37852307,616801.858136145,458899.17983247,302284.176703359
"KENr105",4107823.35324296,763631.460251776,608307.014276161,468478.345697385,299080.032531723
"KENr106",8276514.25617503,1460984.86187715,1003143.91495527,984880.670817302,732186.056175251
"KENr107",3540165.87248582,487556.091037646,499851.477059796,277218.767972995,200952.933443739
"KENr108",3346471.43628785,112968.503920687,119534.691750413,71062.4423556445,55733.4416854044
"LSOr101",79161.9720110226,12051.2881552994,23190.47393641,4813.41309520685,4048.49500206122
"LSOr102",177799.207477605,39090.4697648507,77882.11504819,14921.9282536326,13367.0528557218
"LSOr103",167935.97370151,34607.5138883538,62974.1774628342,18722.3359808996,22083.9045664023
"LSOr104",250045.7517072,45577.8997274725,116185.31622497,35014.4769697878,40808.0990705701
"LSOr105",135821.208153823,17948.319324549,38954.7138163854,8912.05767190997,7660.73583333282
"LSOr106",121253.853827338,17046.9516406115,30966.4728441336,7514.34830475418,6049.65568316222
"LSOr107",93815.3399692247,11819.7032083432,23149.6359034085,4895.75836516778,3962.45525385571
"LSOr108",53249.9753824101,7353.93760976932,13939.7244774642,2993.26377966302,2428.27601069336
"LSOr109",90201.7107624879,10728.0011005399,16626.3662939661,3241.00694343942,1958.08009956678
"LSOr110",105730.532857577,15794.4579824473,16653.3712870434,3114.01313550876,2232.16363742338
"LBRr101",137728.415390279,3126.03408833982,24238.8347984502,7010.46320626711,1172.90901666356
"LBRr102",344633.633933569,4209.03614249272,33517.1249402001,10485.9211692143,1802.97341452396
"LBRr103",88550.6552561575,720.492865768902,9451.73654234621,2792.17329194724,1065.04774378015
"LBRr104",218294.774876985,3288.61901966036,28007.9720131717,9887.08087037364,3300.37811980913
"LBRr105",145709.708628206,2367.71514701398,14769.4020473966,4411.36680014414,249.386877239241
"LBRr106",128209.363643089,2776.20369353755,26726.4256134677,6261.54227658364,2466.39447332199
"LBRr107",50308.0339337979,794.911146496928,7774.25907622879,3250.3029579403,139.98047553613
"LBRr108",303871.434964401,6320.99419751706,39462.7235951166,13283.9245522707,2860.29499069488
"LBRr109",325267.959584429,4866.63506848868,50864.8597150949,20807.4884841852,11540.9023478024
"LBRr110",126741.046594924,3230.35739384004,29028.170111222,8101.46977035449,3214.03232965927
"LBRr111",822213.70619504,24877.1844527747,276324.529005607,137726.066579799,109214.323766778
"LBRr112",465656.888760198,11204.5788800876,86861.4404841341,25300.0957822848,3785.31089329507
"LBRr113",85922.6891481529,638.178334670633,8576.5579358015,2010.62779839516,301.152142979842
"LBRr114",83923.9377895693,2478.8172573243,13863.5409955545,4119.39627084149,594.434986710363
"LBRr115",96383.6601168537,1703.3007203305,16558.0125282274,4695.33836291425,396.919571674206
"MWIr101",783135.850966871,69911.0458191163,184861.153922207,117842.463708005,50887.9975838011
"MWIr102",645640.201416817,47153.8536881914,69995.5520296383,30876.8513716008,9452.19309375238
"MWIr103",596201.354536055,18929.6914148621,25529.6292047044,9514.40295661326,2718.30528776479
"MWIr104",929450.241189918,29915.1415992614,43894.5580531477,19492.6600334726,5134.69912420035
"MWIr105",853929.757596992,89254.7243684349,116121.058945591,54579.893377097,24509.7457118849
"MWIr106",411512.838640554,9968.28145624069,17778.5397725217,9018.5502054504,3668.30902523283
"MWIr107",629447.096502427,35930.0472404741,62693.7872822561,24502.7159812271,7337.80099361585
"MWIr108",662712.818733893,41976.173770942,66112.1097376661,34394.21476458,9264.55549291912
"MWIr109",1946174.63711692,108057.545371641,246143.820025979,161902.802833871,133460.279651585
"MWIr110",563020.77659139,21545.0483238951,42756.0214594093,14149.0008038016,4521.70992150369
"MWIr111",826899.363463451,69226.2471739264,123054.58898805,50457.530234744,21292.8681398289
"MWIr112",2929039.24061679,149375.229965701,230916.115447467,101681.312436302,30915.1295337371
"MWIr113",1935679.59537954,89749.9238923051,165425.581762261,60933.5205848144,21466.6053810829
"MDVr101",68808.802744166,13749.8644573169,59142.6368649109,9316.35512819775,29352.3408054085
"MDVr102",35018.1190810168,6885.46410298279,15228.6483937775,997.305720460861,2582.46270176209
"MDVr103",32989.6427069842,5613.9915252383,15667.7813833031,920.656714965959,2198.92766950839
"MDVr104",18938.9196554043,4077.02239125686,9169.73948325449,445.344848467928,1194.97362161638
"MDVr105",30130.1961485037,6013.5165122032,14168.980748007,829.975260270327,3341.33133101577
"MDVr106",36901.0971504681,7185.22844686345,18065.2734543623,1781.84355635749,4209.55739194866
"MLIr101",2244993.82131268,41138.3438352771,147907.35528594,10107.8145948899,6386.67297120898
"MLIr102",2807520.66286938,69880.1503302694,267167.253785431,17984.2215701945,37198.6734447239
"MLIr103",3005699.30231054,72885.7635518335,223475.535400335,18223.9184237028,17918.8193135856
"MLIr104",2572560.22093925,62414.1430841943,171866.116777824,9336.68431662397,11569.5028821057
"MLIr105",2318325.88277336,26883.815550428,100496.34267903,5752.19253466089,6244.00746251833
"MLIr108",1503163.59356838,70676.8608456314,438233.115358105,44114.3479759342,121241.44125195
"MMRr101",864873.083482056,157513.060794603,557754.845621117,59478.1294248341,74732.5336773898
"MMRr102",161348.841572306,24835.883263461,85719.5711937963,9357.69564036587,11252.1832300712
"MMRr103",974603.569846874,154959.272676101,300471.565402447,37533.7339840107,49745.4410905665
"MMRr104",276383.566967154,65600.264864364,171144.845965226,21419.0741748144,16638.3953284406
"MMRr105",2609260.46861837,1222033.44420688,1502986.86336389,116173.077389654,160041.250421214
"MMRr106",734300.378384209,196270.468569134,354576.927217434,9616.23925429535,55475.0235749273
"MMRr107",2246000.15070002,893337.887813177,1461999.54863392,127086.845233198,241680.701619686
"MMRr108",1922851.77443448,758326.109470102,1000106.51638401,107396.0529051,178544.301806306
"MMRr109",3271053.67492783,1282872.99234919,1985810.9473235,191341.230427892,483520.414971583
"MMRr110",1111944.74163902,245278.752013122,531356.732112334,56196.4227959253,102360.381439596
"MMRr111",1206990.34733723,233426.841066487,411735.02198923,44499.3481731099,52886.300433947
"MMRr112",2800074.17324542,838466.548239547,2731593.75691287,363345.193148784,838956.702453372
"MMRr113",4230929.96573065,529038.340437798,1002969.48300948,154158.431501779,129989.245320287
"MMRr114",3131831.35821737,1143486.75163207,1628493.73347854,175497.462253364,188103.641418649
"NAMr101",54009.2083132623,3560.85969075016,27181.1657002028,9291.64801864972,3880.84005713506
"NAMr102",70434.7472479705,6151.44544213471,57588.8651118281,27925.791261252,12963.0014368146
"NAMr103",44924.5088540599,4436.06391723654,24089.5362046579,9394.14920109923,2948.88954294641
"NAMr104",41108.8918040844,5539.4997608641,26247.4159901525,9366.14628191385,4070.31585298517
"NAMr105",137203.135306906,13703.9974032384,106522.204176397,69650.1463069197,61581.4178065381
"NAMr106",68207.0240543289,2317.32370355791,17737.4453309686,4382.64825057259,2898.59541057203
"NAMr107",182396.447321507,9556.54665062195,51729.5799283562,8164.0509015632,4304.81239795164
"NAMr108",166137.132884562,14290.8983994959,40936.8309894609,9286.30196525471,4718.71656122628
"NAMr109",48252.852600009,3846.14647612512,14995.5694049347,4143.78152044815,2488.79122848306
"NAMr110",166714.810626165,16640.1779949834,55530.2420342851,7694.64127607648,6671.94166848983
"NAMr111",96697.7713268967,5453.57768124383,52672.5353003036,20192.3704258901,12268.0469656657
"NAMr112",116504.94716684,11862.6765147168,46668.2393552924,13151.7604926228,6594.96707052832
"NAMr113",88785.6547977134,8222.18831239813,36804.4692299839,12574.7948342917,4089.74502561285
"NPLr101",3578757.43685273,374517.687189316,1289805.59218291,447456.290548592,517336.018226452
"NPLr102",6130132.90873648,561040.314214411,1751206.41495017,685397.48695884,1261144.9151401
"NPLr103",2630202.22512678,297480.893426215,1053017.47261849,323913.024322583,476728.582505935
"NPLr104",2078791.10935817,219034.143974111,698218.761990152,149775.641749403,204272.512928165
"NPLr105",1770924.98667468,172394.994001733,617511.309386589,140530.395918106,209732.297018895
"NGAr101",2375765.45937087,724112.413006591,1094955.27386819,795719.658464936,456237.522289408
"NGAr102",2475124.16696519,731079.645845572,882196.744652664,1064476.08726405,567690.190272519
"NGAr103",5245990.71634096,295401.633808508,340360.261050338,207609.374259444,127694.223540753
"NGAr104",1783187.22312637,432948.105220978,752098.917476042,757548.514540982,392935.198635632
"NGAr105",3331505.83054177,450836.30201309,1045980.38151437,391143.186040045,302129.992890724
"NGAr106",4512479.76708525,196269.388627096,258132.169617515,279182.996364385,240996.811305751
"NGAr107",1869870.88156062,466249.642404295,623845.510677364,495922.531251565,209628.433106152
"NGAr108",2738457.45948247,263015.547342411,525207.413651782,325358.450931398,245825.619591937
"NGAr109",2240856.36279541,618312.546006589,935474.845716042,930039.41654422,434739.937937737
"NGAr110",4953131.40897614,528970.331220164,844248.738520005,906448.68308866,456301.311195027
"NGAr111",9169906.61180772,888508.693140251,1066416.3838135,875950.601529614,277076.299708912
"NGAr112",6512642.79410233,501101.165810204,178832.077022117,262232.540230924,89315.536834426
"NGAr113",1573701.97536508,291019.649185345,398533.95904351,376440.802002301,381486.967403769
"NGAr114",4102896.61718282,945654.261232009,1642543.27776553,2660301.61344394,1472009.67037571
"NGAr115",4060784.80982777,217023.563582543,374595.543241345,371889.846538155,228846.12181019
"NGAr116",2718722.46366856,856274.882306749,656074.268102395,535855.393936911,177246.595985383
"NGAr117",2004726.85910198,447916.166612427,816498.803006467,714446.99064508,488528.714634048
"NGAr118",3895936.6053153,670378.288602983,1080615.56085773,1074913.87009435,515030.470129624
"NGAr119",2478232.27520745,345030.079165661,576405.044863998,344844.661985468,356217.373777426
"NGAr120",2682899.00108801,678164.048249461,1195925.88286513,1647877.96164452,857091.961152881
"NGAr121",4316850.43854795,161959.226763234,207065.661715596,103589.299732839,51048.2802403819
"NGAr122",1619615.00471394,491887.755348597,583598.83022025,750035.417201453,366216.485515756
"NGAr123",2467229.74737734,603887.655369751,969247.54017468,963045.700955393,505472.580122837
"NGAr124",2242277.85641904,615571.201667658,627053.139818477,543132.323193386,236673.18290144
"NGAr125",4896000.59581894,323057.467717055,212796.447213696,110828.979650148,67849.8866001602
"NGAr126",3609640.549275,153666.326477051,271429.691641088,150041.162820235,96973.8617866297
"NGAr127",2299663.31784478,403145.852111161,676688.18909694,679474.708042344,387115.179904774
"NGAr128",1926410.89029665,321063.42610998,818482.145248821,773811.402560981,568062.461783566
"NGAr129",2183853.51867381,217112.12222675,255869.700405705,183015.797515589,103759.56117814
"NGAr130",2874251.52186563,31986.5875842667,85636.8330637267,89382.7344047414,77224.3730816334
"NGAr131",995784.567300618,192750.304103947,432424.840007259,434246.708832678,142126.112755498
"NGAr132",1753541.32580143,327606.78361988,426533.74017579,263093.046805282,114681.202597619
"NGAr133",1282821.71005098,294650.547558636,559602.235426322,522320.029947011,504606.924017055
"NGAr134",2641888.04540704,84516.1490730276,197229.968562524,131242.182421347,83338.6915360615
"NGAr135",1552413.445958,168889.405962101,315622.750806739,228054.467491614,159796.513781546
"NGAr136",3807214.65456975,144670.020650352,173639.300124451,114201.293339443,61909.5733160049
"NGAr137",1034384.55394241,200124.225024483,270375.450395789,332084.96767421,389067.44196311
"PAKr101",65593445.3461969,9884545.18457412,17481188.9045708,9815664.07314026,12497568.3915179
"PAKr102",30060439.1169929,3651235.94850036,4543806.66731255,3388497.42187738,5296132.35531676
"PAKr103",20390912.1288471,1599524.23814646,3244887.89347735,1698439.76380188,2334771.5457272
"PAKr104",6178181.38777243,381852.257343915,572002.320257949,406580.9751181,454651.3295076
"PAKr105",1000362.75363236,166638.339454189,329940.409103581,248930.74081755,573103.294992318
"PAKr106",603729.032400494,59482.7808660445,163189.101900906,81100.0385204502,121932.636312105
"PAKr107",1814221.28351836,258097.22775162,661524.10300216,381490.324684665,534703.420043197
"PAKr108",3571842.41860141,175583.165868964,316418.658232236,133113.50316728,146415.909130113
"PNGr101",152642.910119059,13761.8246188204,22684.039481467,5012.02156891958,7950.48651173398
"PNGr102",98095.5113444194,8843.99558395766,14577.8303791239,3220.96072650175,5109.35646599727
"PNGr103",192011.024847538,17311.1351635705,28534.4773964358,6304.67145349616,10000.9955389599
"PNGr104",279522.360143313,25200.8933420532,41539.4088628033,9178.10134084087,14559.0696109899
"PNGr105",200396.141215964,18067.1119775652,29780.5772684163,6579.99628884995,10437.7387492046
"PNGr106",157239.761883609,14176.262916237,23367.1708947516,5162.95894409856,8189.91596130351
"PNGr107",525027.258379205,25992.2930848234,58047.7931068197,14852.3754483213,18845.4207808302
"PNGr108",474242.77169105,23478.1278846473,52432.9848673188,13415.744775904,17022.5534810803
"PNGr109",355249.914996838,17587.2009721203,39276.9579823562,10049.5832003191,12751.4029483668
"PNGr110",424765.119559849,21028.65956692,46962.6621964743,12016.0828459261,15246.5939308306
"PNGr111",579215.452586772,28674.9641330438,64038.9203025835,16385.292820501,20790.4613570994
"PNGr112",584261.461528186,46634.9499235831,65784.5773278486,22054.9191879599,14241.9380324226
"PNGr113",439410.530341906,35073.1469174633,49475.1715034239,16587.0323051622,10711.0565320445
"PNGr114",395352.111303497,31556.4642319507,44514.4395965237,14923.8986990199,9637.08996900903
"PNGr115",200383.655872424,15994.3490585066,22562.0804605141,7564.15685076136,4884.54535779386
"PNGr116",31295.2391789026,3034.28991995134,5400.9935535042,851.962607222179,949.172100419663
"PNGr117",116947.382522566,11338.857706898,20183.0078847705,3183.70459967288,3546.96738609232
"PNGr118",224500.579594181,21766.8841510271,38744.7488806393,6111.66759328968,6809.01288086313
"PNGr119",196979.820681636,19098.5562024731,33995.1625098663,5362.45914717973,5974.31925884495
"PNGr120",191448.719415888,18562.2776739421,33040.5942412134,5211.88380157403,5806.56316738223
"PNGr121",365960.609080025,35482.4125446966,63158.197295714,9962.68962413369,11099.4390554304
"PNGr122",351104.716805683,34042.0310246119,60594.3383666738,9558.26182467488,10648.8657783566
"PHLr101",2786117.69567758,673509.742983346,1500019.84781176,2449930.56152993,4762378.44199738
"PHLr102",610901.498905493,145654.75876394,280645.164009969,278601.913628421,537003.088692178
"PHLr103",1574148.11257594,504091.625348871,871704.214141991,1071861.07375547,1159767.37917772
"PHLr104",1418144.32382613,361432.576604408,660325.352637686,534502.80185255,680572.692079226
"PHLr105",3667548.19274108,1271638.12792031,1932409.44581439,2167850.65337569,2376605.99014852
"PHLr106",4529444.41407429,1442739.23072343,2097307.95939068,2707310.32097488,3421025.04483673
"PHLr107",1167470.06473065,335339.810364984,490806.296820259,368786.708130846,500343.613953261
"PHLr108",2151417.43204068,845524.919344108,1158432.46921968,730291.504903744,881331.939491789
"PHLr109",2951707.65917033,748391.794559579,1231398.41977277,1081664.34831176,1411569.41218556
"PHLr110",2832407.93517905,770235.032107249,1229429.29757805,990605.892877461,1340096.01525819
"PHLr111",1716035.94395504,491761.730511358,771900.526875279,404866.106800844,731613.71085748
"PHLr112",1681313.30203309,349566.715429745,585184.109719151,309412.103630913,566415.506187099
"PHLr113",1881091.27148624,538847.98096729,842024.646999693,717384.42299978,898280.813547001
"PHLr114",1888136.85967519,575060.092592299,866990.320205757,666289.433327234,1055905.21819952
"PHLr115",2037955.12330267,396481.383175083,745408.856703124,564676.150280575,643334.527538551
"PHLr116",1092266.80881368,260072.753244449,487768.935030132,340245.109209619,429122.902702118
"PHLr117",1527933.49271835,269095.471534742,354061.424305135,205028.89756919,329799.176872581
"RWAr101",767505.586804283,191718.557923424,160939.276637945,93006.1160024864,92249.939631862
"RWAr102",2192039.40376089,338359.672146737,209255.439668727,51869.6945754022,34893.6198482413
"RWAr103",2068589.78509617,264046.324398203,221041.425619857,63149.9308053354,31922.2000804362
"RWAr104",1359109.53336175,236654.596157074,160788.530492709,36991.2770572231,21228.6849312401
"RWAr105",2389102.03754898,332478.67069618,231757.347633724,47766.3642841099,25977.3858370049
"SENr101",2273041.98119034,59807.3097284032,660298.948686099,32230.5600962099,198105.622298947
"SENr102",401657.13461508,8180.11001980931,153017.331112037,7350.2209698897,12742.7214831838
"SENr103",1483376.84394411,19729.639969178,89540.7475322493,2203.33609896054,7286.6904555004
"SENr104",1307556.46084208,58171.6201822932,165890.953505822,3434.62222551112,15506.0962442889
"SENr105",814295.688217148,7520.30651492098,70794.1701946266,4636.35379079423,4253.41928251032
"SENr106",1448907.00577676,17863.3742320346,148470.845975497,6315.65024238731,10532.6257733228
"SENr107",1555126.38415648,32838.5054200548,238469.814010242,13791.062732007,30898.0136812149
"SENr108",847685.424342058,17837.251160232,51853.9534724541,882.167694086259,1107.27443116986
"SENr109",632250.382019525,9777.84623892513,101963.989988593,3201.67034854223,7983.430204415
"SENr110",1045964.06483655,10089.7336428202,129694.190529024,3768.63620848707,7237.42778311672
"SLEr101",452042.143246035,22115.3715191518,94205.2223145384,10746.2259541243,11978.9451661507
"SLEr102",341609.992101217,13872.2895727808,35610.4361717385,3482.45849490159,1563.30925936245
"SLEr103",351133.732681051,7044.86326540524,27665.6850177089,2500.21015645675,1640.21737937851
"SLEr104",540270.536583809,19506.3009009361,76098.2850083676,10110.0220525103,6826.35135437683
"SLEr105",420609.678529569,12630.4194253387,56292.3475712342,6495.05527783017,5101.71889602809
"SLEr106",426153.730953917,18055.6886921113,55163.0243949176,8136.46979295225,3305.74536610147
"SLEr107",560736.962587731,21735.6221290871,94645.0867776926,17937.9563626063,10827.7787428835
"SLEr108",354007.728904783,10756.6365496601,51434.4301252296,7406.67233271273,3210.53728761501
"SLEr109",572593.388191887,26376.0312835167,94138.71838041,17948.5312080033,12022.8923361829
"SLEr110",168696.493401227,5615.90383315179,18172.5831728378,1989.01398287375,2725.11790991007
"SLEr111",306522.770839404,14893.0905412332,33049.3760712504,4031.89321006781,2339.28183804433
"SLEr112",312401.200615577,7714.36199113812,29272.8423998863,2535.72245299401,2352.95504040409
"SLEr113",343315.232764806,26166.3805859039,128229.930965946,42090.6057053587,20852.4533779863
"SLEr114",431517.168861731,37549.6771229761,231763.060575103,83586.3483151908,80821.087425
"ZAFr101",2046098.15148762,320975.921388953,2027357.0782481,1182267.29142188,902424.649453452
"ZAFr102",3356751.45609472,427680.255479941,1935108.261262,725080.232339957,378238.901823389
"ZAFr103",578970.951613489,68869.0060002178,380223.14997661,182109.824353669,51734.0840560139
"ZAFr104",1206689.06660644,155226.667483133,844995.630689687,463957.736161371,167928.288059371
"ZAFr105",4703164.59385264,530586.016729753,3001711.25627413,1858987.87213032,639730.571013157
"ZAFr106",1764588.98853345,219964.545573898,1125893.15222795,572362.653131878,167814.727532823
"ZAFr107",4525418.50964586,575239.623063751,4000671.8780115,3005366.41311583,1492958.01616305
"ZAFr108",2058458.75836035,196482.743371549,1306314.7194721,657481.208525925,234927.854270069
"ZAFr109",2782490.89951742,301633.452010707,1713448.76149428,626525.135830834,367545.697146754
"TJKr101",198134.585235431,17038.8577069235,143291.655791266,146398.22248943,213783.678776949
"TJKr102",984253.828432245,92552.0474033472,728925.54588406,885943.411203211,385288.364077137
"TJKr103",698369.153325662,58877.8924303204,510680.973656727,743641.76533927,456378.27024802
"TJKr104",864473.430498488,81513.0065854602,800094.390690487,670545.080479514,353041.412746051
"TJKr105",59120.7036883446,4646.6397438922,33340.720131061,69113.6955240068,70343.2671126954
"TZAr201",1602484.76855732,620780.641495409,72692.03539272,91927.6315957887,3035.46995875936
"TZAr202",2223858.98794199,959150.87028545,158426.64329656,256081.996865344,32985.9106106537
"TZAr203",885008.559396076,609753.115498185,157661.018705696,174905.391770632,31051.8936294109
"TZAr204",1377989.65876542,655777.112252552,118163.466531888,200186.558126481,5497.20332366129
"TZAr205",1543011.52663578,757350.491413482,107143.864383686,139922.989354988,16448.0382120651
"TZAr206",793958.304641892,330899.859311146,54618.5876202774,73802.6493084109,10761.3451182737
"TZAr207",2042827.92562243,1673442.87465529,474209.865454151,998676.121530839,282226.138737292
"TZAr208",616182.362339337,266630.18391729,31984.6987160173,33227.1786844726,6362.40304288354
"TZAr209",848038.335254555,471890.682698288,48305.0304209157,52886.4370752578,5200.69955098366
"TZAr210",901917.653121383,537875.739614801,62473.3122808777,70223.3627153534,5410.65126758434
"TZAr211",1000699.76311066,565399.991991623,107507.224286891,138502.919386286,15953.6122245444
"TZAr212",1791862.35825958,955633.524528239,177619.96765518,189193.42608037,49160.1524766348
"TZAr213",992961.418310443,454896.998804665,60824.5619425091,70890.793764542,6776.27717784149
"TZAr214",2001428.55996821,549782.109829166,68834.4940461906,75336.8620508042,5920.02210562954
"TZAr215",1339220.40272153,385964.729937224,50151.6001146263,60478.7805806187,8063.79164600525
"TZAr216",1741419.34684695,522070.014241826,73293.7102728946,91834.7157061178,14829.161932213
"TZAr217",2504002.10162824,841604.169090694,130330.293588717,140089.188135929,11854.1165564208
"TZAr218",1883427.95437579,705425.343948326,85201.9186875716,95295.5291035751,2438.87088473789
"TZAr219",3606494.51329047,1137787.02529718,246625.104107187,253945.751209728,32437.1420954334
"TZAr220",1291626.93587389,498421.933572398,91496.0532922591,73938.6982896919,15037.9719717605
"TZAr221",148585.219943106,15150.8251011949,37800.1498107106,11990.5949916901,366.413053298742
"TZAr222",71306.4807598321,11367.3756301627,30898.4074573711,11648.5388250314,368.32442760263
"TZAr223",314549.303198879,61906.6062506243,175921.253576734,135916.033203672,24259.4966700902
"TZAr224",170281.972008468,13084.9195240136,33262.8937560366,13096.6214885175,1218.3387229639
"TZAr225",146196.499716865,16752.2255621742,34869.7241002766,17012.936715958,497.308304725822
"TLSr101",36448.582692129,2653.3233935992,9466.09161959947,4488.52312699295,1726.06851767934
"TLSr102",43468.7865492058,2642.92906026131,9439.3365938255,4079.58582228093,1581.53201442649
"TLSr103",75936.911070225,3673.65382751971,23500.2236594347,10724.3902515517,4311.63809126885
"TLSr104",71345.4127302925,4158.42796978918,13813.339084062,6529.06529428791,2035.90151156845
"TLSr105",40717.1639067105,3889.63721083031,11539.2987906912,6643.47463978676,1865.02339198119
"TLSr106",126181.67301532,11660.1708550313,53286.8327185423,47444.5863721255,49618.4404389806
"TLSr107",97768.2220334931,3437.88922078207,18988.1061060661,7293.9169898465,2000.63754981224
"TLSr108",48221.9497535516,2556.41064211576,11166.4488125569,5223.56687594365,1693.39866583209
"TLSr109",41631.2406282384,2957.07572253495,10847.478742281,5056.00613376909,1314.2646331765
"TLSr110",31155.8700716405,1832.02093903828,11151.5991785078,5044.36831718168,1502.83396363171
"TLSr111",31267.7569749448,2057.22714859241,8288.90430712102,4582.41968734014,1493.76269200161
"TLSr112",49029.1099888877,3360.81142769419,8116.14534565927,3427.08751236766,1647.00531539117
"TLSr113",49210.6424433575,4136.89507298393,14142.1251682481,6024.79863651159,2299.71440889892
"TGOr101",910903.737184424,113036.247506692,526160.062154412,46017.0901302564,150518.442024216
"TGOr102",999400.230101518,82513.9395769177,239123.075898034,9584.70031601573,15519.3811075143
"TGOr103",1232016.65399024,92231.2345389334,292150.5165801,14292.1076246504,14425.790266079
"TGOr104",557085.33293651,15480.0024617056,181606.957076554,5018.01297646643,5859.91644876448
"TGOr105",678601.885870105,17889.4414392292,178394.937333469,2418.97571036194,25406.3229468348
"TGOr106",907153.530319005,27310.8024805033,118694.948934918,4261.98842504646,3411.23284052755
"UGAr101",3042775.06610341,334141.089858048,768728.627343485,119455.181341618,431780.097353439
"UGAr102",2868320.31496982,333295.2367353,520314.111269152,54064.9158776666,163653.20614806
"UGAr103",772861.582836341,119527.199557283,388599.09996124,85361.059130807,243532.279514329
"UGAr104",3209348.7381766,261900.221558761,567535.475303122,32403.6286022483,112181.687359273
"UGAr105",4462057.93062168,311663.979502648,574162.79130419,29155.5430123882,186250.777559096
"UGAr106",4117047.54509705,297572.624919729,308071.860341617,20925.4919425119,165480.787699086
"UGAr107",2425894.18381118,125599.333399726,212002.034542523,11522.6603665902,87201.2288799836
"UGAr108",4041880.66123813,313502.632436621,487423.316494469,31129.5674217152,112348.515409064
"UGAr109",3590491.0260855,392913.425661742,415151.682174884,35776.9867600153,177542.16731786
"ZMBr101",1369896.14270848,193920.975745726,314619.512192382,93068.0737445845,48718.2796088238
"ZMBr102",1225763.71063104,198279.432059632,559163.024378525,204027.277243412,159814.063687389
"ZMBr103",1527086.99399018,144436.685405312,198467.577791492,45061.779549653,22804.2022633647
"ZMBr104",996501.799226196,84055.3065468716,151465.04266238,25437.5616142212,13402.9249503322
"ZMBr105",1252279.89543376,246268.06642012,549871.964254682,238429.355334001,164278.433557433
"ZMBr106",1734631.58980446,191268.20848384,300569.618233444,49626.7301255072,29235.452352745
"ZMBr107",637056.698986185,60005.0523825335,123541.774655917,33723.0457004383,19054.5284749265
"ZMBr108",1318002.30820444,236227.113624467,309665.499896879,72891.5387567071,43378.813517506
"ZMBr109",791040.187789044,87960.0015303897,120107.082216206,31341.2885311183,21429.6529332428
"ZWEr101",1117893.7939356,188581.124678887,543547.786810385,13656.2007892174,45439.0117859096
"ZWEr102",784388.467895106,120829.327736796,338993.024435201,4834.71190396709,27499.4470289291
"ZWEr103",793708.119734284,164630.658621595,486124.501244223,12982.1497146424,47151.4436852555
"ZWEr104",899285.593246933,154557.348337472,549289.548714699,15641.0255381558,72270.2671627402
"ZWEr105",476963.847389743,126277.947114372,190743.226968042,4427.14758716791,14509.9794406763
"ZWEr106",427117.216406581,91562.7048407208,194191.565928771,6916.47460707291,15890.1651168549
"ZWEr107",935670.990325057,165379.202034413,571594.942765023,18469.5500713791,63242.198804128
"ZWEr108",961029.069598868,121404.907482821,476653.659375924,12028.8248107607,58481.1837316258
"ZWEr109",802931.913143886,111797.967584717,976066.645833342,71137.6904136011,228520.188024453
"ZWEr110",244093.257149056,43790.4179648385,272330.515895555,17442.7207644795,70755.8232260715
