GDLCODE,X1est,X2est
AFGr101,3378318.81389513,3214983.18610487
AFGr102,424477.861204961,407299.138795039
AFGr103,1424052.19507398,1365514.80492602
AFGr104,3307862.02120906,3142279.97879094
AFGr105,2513302.86079903,2418510.13920097
AFGr106,2268182.06869547,2184937.93130453
AFGr107,1894558.59271097,1811442.40728903
AFGr108,2374072.78709178,2283808.21290822
AGOr201,285903.405373946,283688.594626054
AGOr202,278167.300906315,266854.699093685
AGOr203,834157.463741848,791405.536258152
AGOr204,4460288.5829473,4454474.4170527
AGOr205,224265.397713385,213178.602286615
AGOr206,974038.798191662,938630.201808338
AGOr207,582250.180835405,553343.819164595
AGOr208,390129.509310215,371871.490689785
AGOr209,1274447.77094528,1210217.22905472
AGOr210,1101213.31836345,1046773.68163655
AGOr211,709410.574532177,681336.425467823
AGOr212,333584.339760313,318949.660239687
AGOr213,221870.478549217,212462.521450783
AGOr214,207007.277802021,197103.722197979
AGOr215,1290305.37024446,1224682.62975553
AGOr216,511749.003829539,485582.996170461
AGOr217,268454.685526479,255122.314473521
AGOr218,221340.766955463,210348.233044537
ALBr201,69544.6059857715,66593.3940142285
ALBr202,68046.5026761986,66104.4973238013
ALBr203,138765.583399878,131406.416600122
ALBr204,152766.379811475,146244.620188525
ALBr205,153510.499116443,147068.500883557
ALBr206,37031.6177282012,35273.3822717988
ALBr207,119711.925968679,114548.074031321
ALBr208,40455.0206724314,39306.9793275686
ALBr209,63363.5270021934,60735.4729978066
ALBr210,117780.261999662,112837.738000338
ALBr211,429084.001385368,398062.998614632
ALBr212,88738.0014480839,83693.9985519161
ANDt,40252.8762309119,37758.1237690881
AREt,4782563.82089738,4480336.17910262
ARGr101,1715399.89946864,1626033.10053136
ARGr102,8907736.48941751,8270000.51058249
ARGr103,696474.396151307,647517.603848693
ARGr104,1788770.14694468,1664806.85305532
ARGr105,1836238.20607897,1706621.79392103
ARGr106,858637.075276353,797629.924723647
ARGr107,1133800.19820146,1054715.80179854
ARGr108,1040428.37546532,965639.624534678
ARGr109,1362503.00428739,1266821.99571261
ARGr110,1715081.74044523,1595296.25955477
ARGr111,1285519.76627155,1196293.23372845
ARMr101,74059.9710130711,71857.0289869289
ARMr102,135378.763450438,131594.236549562
ARMr103,134046.184074824,130812.815925175
ARMr104,114962.932306746,112422.067693254
ARMr105,107346.77950176,104219.22049824
ARMr106,156144.882643588,149463.117356412
ARMr107,127591.149686255,122275.850313745
ARMr108,67533.7431595089,64777.2568404911
ARMr109,31420.7412471843,30138.2587528156
ARMr110,72031.1278820684,69452.8721179316
ARMr111,474463.866010039,443590.133989961
ATGt,47785.6515602524,45780.3484397476
AUSr101,3882416.50012466,3747090.49987534
AUSr102,3077487.4993216,2969483.5006784
AUSr103,2427864.9524588,2343426.0475412
AUSr104,864082.700080866,833071.299919134
AUSr105,1280839.723201,1235377.276799
AUSr106,264260.466436056,251764.533563944
AUSr107,123621.708961546,119102.291038454
AUSr108,201631.377340769,194474.622659231
AUTr101,148782.311446432,140919.688553568
AUTr102,844700.267054535,800808.732945465
AUTr103,925340.11836833,891660.88163167
AUTr104,286519.724255212,272943.275744788
AUTr105,627621.669803341,599439.330196659
AUTr106,740354.384026049,705970.615973951
AUTr107,276062.119793658,266204.880206342
AUTr108,373544.446146162,360244.553853838
AUTr109,195267.861955594,186314.138044406
AZEr101,1451146.33442481,1350346.66557519
AZEr102,317634.190766712,301853.809233288
AZEr103,679873.747659811,678174.252340189
AZEr104,351676.967498461,341242.032501539
AZEr105,410034.978089643,409484.021910357
AZEr106,246234.565853206,242890.434146794
AZEr107,1160426.75517779,1160432.24482221
AZEr108,121454.77978667,121322.22021333
AZEr109,152930.126077962,152567.873922038
BDIr101,1529748.82517273,1472850.17482727
BDIr102,771206.416704637,743480.583295363
BDIr103,637197.700822191,613260.299177809
BDIr104,1209729.70225739,1160002.29774261
BDIr105,1029917.69805815,992763.301941851
BELr101,607124.718520636,585575.281479364
BELr102,927666.938022437,895332.061977563
BELr103,440690.727678056,423509.272321944
BELr104,756761.349127539,727337.65087246
BELr105,569405.307401009,549194.692598991
BELr106,602133.648000129,580566.351999871
BELr107,201517.24555627,194482.75444373
BELr108,687558.125707796,651941.874292204
BELr109,564668.504070706,536531.495929294
BELr110,144520.620583608,137279.379416392
BELr111,251552.038311781,238947.961688219
BENr101,800559.526505809,769492.473494191
BENr102,1054187.34370979,1028104.65629021
BENr103,1137801.64756968,1096587.35243032
BENr104,647037.272284394,614570.727715606
BENr105,897239.207215436,853884.792784564
BENr106,859827.895378005,816684.104621995
BFAr101,1030460.73916191,997386.260838088
BFAr102,364401.693201402,352598.306798598
BFAr103,1107783.09788832,1068026.90211168
BFAr104,707250.737963115,684550.262036885
BFAr105,711024.29753098,688202.70246902
BFAr106,705700.217407617,682841.782592383
BFAr107,450186.527507062,435604.472492938
BFAr108,873917.471238988,845867.528761012
BFAr109,1004581.76763861,969476.232361386
BFAr110,684151.532835665,662192.467164335
BFAr111,445793.773786298,431485.226213702
BFAr112,729430.182409466,706017.817590534
BFAr113,392140.220463779,379553.779536221
BGDr201,3311068.90153782,3272008.09846218
BGDr202,2138444.13330557,2035160.86669443
BGDr203,4482766.05522138,4406653.94477862
BGDr204,1465635.19990577,1392291.80009423
BGDr205,1308206.08025712,1245021.91974288
BGDr206,3220303.77905313,3073699.22094687
BGDr207,5032276.19607777,4875933.80392223
BGDr208,6858235.27185548,6839189.72814452
BGDr209,4228973.3916077,4144800.6083923
BGDr210,4622316.72258605,4390545.27741395
BGDr211,5117392.2863462,4865820.7136538
BGDr212,4216132.64115092,4020135.35884908
BGDr213,2692226.36903097,2609548.63096903
BGDr214,2754094.31073636,2655497.68926364
BGDr215,2110250.96406426,2036791.03593574
BGDr216,2760505.0845861,2652211.9154139
BGDr217,2912639.29756679,2771963.70243321
BGDr218,2902013.41445624,2777902.58554376
BGDr219,3032252.33577997,2913298.66422003
BGDr220,4555895.77762705,4378838.22237295
BGDr221,3207708.69245383,3055043.30754617
BGDr222,3413777.73688428,3258365.26311572
BGDr223,3200324.70618215,3042113.29381785
BGRr101,402342.004133694,388187.995866306
BGRr102,420695.279298679,399794.720701321
BGRr103,486894.424733611,460315.575266389
BGRr104,539132.307886554,516417.692113446
BGRr105,1092192.45922579,1031007.54077421
BGRr106,735867.0909434,705162.9090566
BHRt,710722.20539791,661128.79460209
BHSt,193640.902855752,180565.097144248
BIHr101,171935.257362769,165719.742637231
BIHr102,277252.615389744,267467.384610256
BIHr103,559441.35084336,535964.64915664
BIHr104,176281.508880003,168677.491119997
BIHr105,564101.354571503,542313.645428497
BLRr101,749802.397116458,701729.602883542
BLRr102,653327.561010754,609265.438989246
BLRr103,740104.007662142,689506.992337858
BLRr104,547506.145869682,508972.854130318
BLRr105,1654885.47667508,1539319.52332492
BLRr106,564618.794891922,530957.205108078
BLZr101,50999.0932266003,50884.9067733997
BLZr102,52629.8227081462,51257.1772918538
BLZr103,18233.7416858688,17946.2583141312
BLZr104,59856.7959634753,59103.2040365247
BOLr101,336233.541569589,334972.458430411
BOLr102,1603042.11039102,1600375.88960898
BOLr103,1009709.63561157,1009234.36438843
BOLr104,304138.398555383,303262.601444617
BOLr105,581931.646177438,564390.353822562
BOLr106,250630.827792857,247203.172207143
BOLr107,1169371.28454425,1126750.71545575
BOLr108,182542.644778721,182028.355221279
BOLr109,32238.0556372411,31784.9443627589
BRAr101,835433.667179463,822832.332820537
BRAr102,379870.075079187,378719.924920813
BRAr103,1867787.83016408,1835196.16983592
BRAr104,248836.027213488,239851.972786512
BRAr105,4111769.27272041,4095727.72727959
BRAr106,340531.947292377,332180.052707623
BRAr107,766102.410668486,746988.589331514
BRAr108,3484754.2213059,3493866.7786941
BRAr109,1631086.75832868,1626148.24167132
BRAr110,4661745.09595486,4590602.90404514
BRAr111,1704829.97938554,1660775.02061446
BRAr112,2046988.92696007,2011776.07303993
BRAr113,4791087.79020228,4708670.20979772
BRAr114,1622581.64808015,1616251.35191985
BRAr115,1123712.0151935,1096850.9848065
BRAr116,7581837.08786479,7452971.91213521
BRAr117,10597015.0551293,10232523.9448707
BRAr118,1905077.60525404,1834711.39474596
BRAr119,8891001.14363884,8485009.85636116
BRAr120,22570604.764475,21611655.235525
BRAr121,5753560.08480132,5527146.91519868
BRAr122,3411571.74007657,3272610.25992343
BRAr123,5855714.12388436,5617196.87611564
BRAr124,1344699.50363372,1295031.49636628
BRAr125,1619982.49569959,1571821.50430041
BRAr126,3233727.65435083,3106942.34564917
BRAr127,1461403.06115268,1360306.93884732
BRBr101,45376.9262725316,42374.0737274685
BRBr102,39888.5641523911,37054.4358476089
BRBr103,28323.5386478206,26307.4613521794
BRBr104,34120.4492609919,31912.5507390081
BRNt,215011.659886624,199895.340113376
BTNr101,8740.07075425327,8604.92924574673
BTNr102,37228.130388292,36971.869611708
BTNr103,14047.7999090143,13429.2000909857
BTNr104,2689.78984913702,2551.21015086298
BTNr105,7109.07332196439,7076.92667803561
BTNr106,8644.15091776381,8264.84908223619
BTNr107,26256.1696175436,25007.8303824564
BTNr108,20415.4726704914,20411.5273295086
BTNr109,14511.3035117748,13890.6964882252
BTNr110,13896.8842751651,13660.1157248349
BTNr111,21479.7733411553,20606.2266588447
BTNr112,41516.7406454848,39903.2593545152
BTNr113,22392.5558014445,22226.4441985555
BTNr114,46280.5089521312,44238.4910478687
BTNr115,29188.1850003048,27738.8149996952
BTNr116,9484.67173043942,9025.32826956059
BTNr117,8332.43310287749,7993.56689712251
BTNr118,12153.6651510353,11720.3348489647
BTNr119,15712.1483340479,14996.8516659521
BTNr120,9963.0791026616,9499.9208973384
BWAr101,332597.109932719,332777.890067281
BWAr102,23039.4045704211,22916.5954295789
BWAr103,26993.4216876235,26915.5783123765
BWAr104,49105.1474072303,48086.8525927697
BWAr105,160968.595633656,160680.404366344
BWAr106,84450.4216919623,82555.5783080377
BWAr107,79170.1305602331,78992.8694397669
BWAr108,184967.275380319,174663.724619681
BWAr109,114113.538187339,113863.461812661
BWAr110,12381.2566468006,12367.7433531994
CAFr101,534028.889707701,514317.110292298
CAFr102,401208.595029602,386399.404970398
CAFr103,469369.554880862,452044.445119138
CAFr104,183243.389388926,176479.610611074
CAFr105,261475.723746705,251824.276253295
CAFr106,443088.752242011,419690.247757989
CANr101,270534.124798474,256893.875201526
CANr102,74764.7769250177,71654.2230749822
CANr103,482042.068176334,457014.931823666
CANr104,385809.468311025,366134.531688975
CANr105,4216308.22330514,4017169.77669486
CANr106,7007169.58757907,6746645.41242093
CANr107,662892.013614571,629145.986385429
CANr108,576882.842241735,551381.157758265
CANr109,2124036.71741788,2042622.28258212
CANr110,2386156.58182194,2296360.41817806
CHEr101,804949.507860318,774172.492139682
CHEr102,935476.858913202,900690.141086798
CHEr103,572557.792252212,550666.207747788
CHEr104,741275.22378039,712932.77621961
CHEr105,586263.495461254,564523.504538746
CHEr106,400762.391281414,385859.608718586
CHEr107,179565.314387625,172699.685612375
CHLr101,263861.922050564,250241.077949436
CHLr102,302404.107302818,285552.892697182
CHLr103,156111.3144964,145773.6855036
CHLr104,372351.237138075,347860.762861925
CHLr105,945599.70330826,882243.29669174
CHLr106,479906.748013289,449109.251986711
CHLr107,552010.11494954,529744.88505046
CHLr108,1145758.18655358,1070401.81344642
CHLr109,516743.564935963,496009.435064037
CHLr110,649599.489291009,621552.510708991
CHLr111,57356.4659078854,53873.5340921146
CHLr112,94216.298286751,87813.701713249
CHLr113,3701015.4758504,3512421.5241496
CHNr101,11147894.2362337,10567489.7637663
CHNr102,8010744.72539085,7463092.27460915
CHNr103,37339960.4151375,36928454.5848625
CHNr104,18487667.9108151,18161419.0891849
CHNr105,12730054.9974903,12386173.0025097
CHNr106,22327459.6745463,21503408.3254537
CHNr107,13915618.2114025,13621209.7885975
CHNr108,19172349.3045425,18957104.6954575
CHNr109,12513626.3230426,11642363.6769574
CHNr110,40769193.8725406,39010588.1274595
CHNr111,28310020.3591854,27093717.6408146
CHNr112,30840770.1513398,30614467.8486602
CHNr113,19509876.7777355,18889644.2222645
CHNr114,22862739.9769146,22808584.0230854
CHNr115,49950728.7176681,48543693.2823319
CHNr116,47529510.6333408,47294001.3666592
CHNr117,29684472.9327719,28850041.0672281
CHNr118,34278832.0492146,33567990.9507854
CHNr119,55472174.479977,53044732.520023
CHNr120,24012258.5699501,23959636.4300499
CHNr121,4607823.16273894,4504435.83726106
CHNr122,15289491.0849856,14887991.9150144
CHNr123,41066935.7398918,40993411.2601082
CHNr124,17723025.0670907,17585729.9329093
CHNr125,23784622.473264,23647138.526736
CHNr126,1659902.09437307,1580901.90562693
CHNr127,19240123.8725057,18699283.1274943
CHNr128,13032690.3761352,12973757.6238648
CHNr129,2951863.07413514,2929594.92586486
CHNr130,3344789.97381226,3336867.02618774
CHNr131,11823850.1611322,11782002.8388678
CIVr101,857577.286138571,824459.713861429
CIVr102,297996.60434236,284050.39565764
CIVr103,956825.975806879,908930.024193121
CIVr104,1777080.89905839,1690814.10094161
CIVr105,629641.178300682,606221.821699318
CIVr106,508333.350733649,489926.649266351
CIVr107,549294.439201033,528863.560798967
CIVr108,1389752.79712744,1339551.20287256
CIVr109,3933140.85703922,3750299.14296078
CIVr110,969983.133138538,933398.866861462
CMRr101,576459.790825234,552432.209174766
CMRr102,2191600.07797023,2157712.92202977
CMRr103,660551.016558959,627895.983441041
CMRr104,2107836.15560536,2030476.84439464
CMRr105,1650078.20486438,1640881.79513562
CMRr106,1530884.02615906,1474565.97384094
CMRr107,862150.151712396,819332.848287604
CMRr108,1338070.55275073,1283653.44724927
CMRr109,462694.404149409,444076.595850591
CMRr110,449522.314095269,436884.685904732
CODr101,4401487.59254899,4222486.40745101
CODr102,2158631.48321973,2075578.51678027
CODr103,5632200.11446442,5422387.88553558
CODr104,4045334.58707956,3898853.41292044
CODr105,4189362.28567825,4037051.71432175
CODr106,3324764.3922159,3201330.6077841
CODr107,3018188.39083054,2908457.60916946
CODr108,935916.887733014,901894.112266986
CODr109,4887113.02239054,4705056.97760946
CODr110,3451686.0741252,3327001.9258748
CODr111,2802637.99821992,2697792.00178008
COGr201,57010.9697450323,54922.0302549677
COGr202,129314.140893812,122959.859106188
COGr203,49603.2750133275,47761.7249866725
COGr204,166353.154778779,158567.845221221
COGr205,168727.325741663,162652.674258337
COGr206,89366.5146045002,84821.4853954997
COGr207,87941.4687523412,83575.5312476588
COGr208,38326.0686940944,36700.9313059056
COGr209,48126.3423981834,46178.6576018166
COGr210,100014.575254476,95540.4247455242
COGr211,941467.35046148,926623.64953852
COGr212,585561.991784018,573831.008215982
COLr101,3250649.89584108,3125673.10415892
COLr102,1241008.97229484,1188723.02770516
COLr103,4023651.08251828,3757382.91748172
COLr104,1050706.25528358,1020719.74471642
COLr105,639854.357429314,620868.642570686
COLr106,498751.602682329,477323.397317671
COLr107,236234.578766867,235645.421233133
COLr108,681557.48337317,680384.51662683
COLr109,510833.739515358,505633.260484642
COLr110,845119.739262615,843289.260737386
COLr111,1351477.3123525,1295423.6876475
COLr112,247186.547993659,246553.452006341
COLr113,572347.876913639,568148.123086361
COLr114,473674.589404401,472461.410595599
COLr115,624574.490203298,619991.509796703
COLr116,485440.966771809,464022.033228191
COLr117,862838.892539495,859785.107460505
COLr118,678474.304023928,660657.695976073
COLr119,285478.81925405,272889.18074595
COLr120,477570.651626708,462388.348373292
COLr121,1040612.27670834,994697.72329166
COLr122,424807.896686305,416308.103313695
COLr123,704355.937806835,686574.062193165
COLr124,2326924.15683641,2229832.84316359
COLr125,130754.438492577,128233.561507423
COLr126,178406.460100526,173721.539899474
COLr127,170574.201875865,170148.798124135
COLr128,38598.6693871402,36959.3306128598
COLr129,37582.2003928283,37500.7996071717
COLr130,20493.2292359407,20374.7707640593
COLr131,32540.84789667,31612.15210333
COLr132,21811.8313161546,21432.1686838454
COLr133,15664.1601217951,15223.8398782049
COMr101,183070.751768724,173891.248231276
COMr102,26409.633061072,25094.366938928
COMr103,189188.772008996,179738.227991004
CPVr101,28834.7109568246,28477.2890431754
CPVr102,50830.904940666,50717.095059334
CPVr103,75695.1607371821,72707.8392628178
CPVr104,85717.8800564312,85784.1199435688
CPVr105,23042.0131344702,22935.9868655298
CRIr101,814377.783962009,756224.216037991
CRIr102,482569.345884412,456157.654115588
CRIr103,275190.000313165,257722.999686835
CRIr104,236348.722152523,219743.277847477
CRIr105,192864.148887155,184630.851112845
CRIr106,283462.134225076,270699.865774924
CRIr107,212721.334757208,204762.665242792
CUBr101,414382.848102427,396924.151897573
CUBr102,391697.159272579,375329.840727421
CUBr103,1055122.49362337,981299.506376626
CUBr104,253674.087593795,242577.912406205
CUBr105,510230.615635621,489068.384364379
CUBr106,172733.125557716,165311.874442284
CUBr107,215568.220846721,209450.779153279
CUBr108,137837.356010381,131805.643989619
CUBr109,392913.394162121,377737.605837879
CUBr110,300484.553865816,292367.446134184
CUBr111,531130.063637615,513580.936362385
CUBr112,410174.604154891,399094.395845109
CUBr113,686817.349722139,656528.650277861
CUBr114,277344.604105088,265565.395894912
CUBr115,40194.7084008984,38286.2915991016
CYPt,597220.733927213,563764.266072787
CZEr101,643135.550825873,620228.449174127
CZEr102,685193.818512802,636187.181487198
CZEr103,623449.792467012,589899.207532988
CZEr104,581562.98883816,540759.01116184
CZEr105,775454.50677168,731981.49322832
CZEr106,863000.424679091,820487.575320909
CZEr107,627096.35214067,593254.64785933
CZEr108,625752.189145778,589596.810854222
DEUr101,5503022.34748116,5295106.65251884
DEUr102,6506687.63443531,6260851.3655647
DEUr103,1781118.69493065,1713824.30506935
DEUr104,1260097.88539865,1211250.11460135
DEUr105,339761.958740739,326925.041259261
DEUr106,904640.607188384,870461.392811616
DEUr107,3126579.86355689,3008451.13644311
DEUr108,820785.225369063,784966.774630937
DEUr109,4016334.53355098,3860337.46644902
DEUr110,9046806.12938851,8704998.87061149
DEUr111,2056024.16339965,1976166.83660035
DEUr112,505983.872714345,486331.127285655
DEUr113,2075334.17006053,1994726.82993947
DEUr114,1146182.71164062,1094326.28835938
DEUr115,1449980.38270724,1394805.61729276
DEUr116,1102701.47977546,1061038.52022454
DJIr101,396081.068050616,375164.931949384
DJIr102,72679.3643177387,70095.6356822613
DMAt,36061.7658593854,35121.2341406146
DNKr101,906067.514464388,872396.485535612
DNKr102,422054.061127779,402160.938872222
DNKr103,616059.300215055,593256.699784945
DNKr104,656604.347011534,631731.652988466
DNKr105,297934.02373913,286217.97626087
DOMr101,1995439.042204,1918590.957796
DOMr102,440642.178711705,428879.821288295
DOMr103,801470.753113222,776973.246886778
DOMr104,329400.608511193,320401.391488807
DOMr105,195272.368222216,194608.631777784
DOMr106,534254.673330926,525375.326669074
DOMr107,284314.043305219,283748.956694781
DOMr108,251035.656286944,249990.343713056
DOMr109,379916.374604367,371263.625395633
DZAr101,6839448.12215463,6592199.87784537
DZAr102,2865849.93256107,2771159.06743893
DZAr103,3062556.29345257,3007091.70654743
DZAr104,1378755.92586415,1376383.07413585
DZAr105,2836229.63395496,2764627.36604504
DZAr106,1134423.64821278,1120141.35178722
DZAr107,2010146.91492643,1969409.08507357
ECUr101,3811597.58704825,3651119.41295175
ECUr102,3435326.10658516,3288770.89341484
ECUr103,1022142.47355039,1003063.5264496
EGYr101,4264831.89142465,4145591.10857535
EGYr102,2084769.98388107,2026150.01611893
EGYr103,193411.492317804,186527.507682197
EGYr104,40814.488207145,39610.511792855
EGYr105,821138.955378234,807699.044621766
EGYr106,3388432.65457757,3348780.34542243
EGYr107,4047392.59348028,4005277.40651972
EGYr108,2167208.98488887,2146160.01511113
EGYr109,1830224.07512111,1812011.92487889
EGYr110,2888961.06561503,2863738.93438497
EGYr111,2186577.56502063,2152675.43497937
EGYr112,3925361.86126846,3887882.13873154
EGYr113,358392.476270718,355263.523729282
EGYr114,4422921.96446733,4374835.03553267
EGYr115,1585957.52292741,1564484.47707259
EGYr116,1528728.04956611,1508933.95043389
EGYr117,2573875.57769015,2537272.42230985
EGYr118,2533531.36074014,2486098.63925986
EGYr119,2354115.5355661,2316081.4644339
EGYr120,2121041.1401005,2096187.8598995
EGYr121,829223.603140084,822724.396859917
EGYr122,407852.223105737,403793.776894263
ERIr101,50916.5334067811,49106.4665932189
ERIr102,385331.284912029,377661.715087971
ERIr103,209119.450832841,201400.549167159
ERIr104,225146.334427206,216723.665572794
ERIr105,305358.104853582,294086.895146418
ERIr106,501821.933287835,483360.066712165
ESPr101,1401387.66796312,1325748.33203688
ESPr102,536878.911698759,507901.08830124
ESPr103,300065.970043193,283870.029956807
ESPr104,1102741.97267257,1061874.02732743
ESPr105,324718.653060411,312057.346939589
ESPr106,159992.019752719,153041.980247281
ESPr107,677964.483880379,644723.516119621
ESPr108,3262375.43284285,3143618.56715715
ESPr109,1265559.09530997,1200682.90469003
ESPr110,1063652.74198392,991882.258016082
ESPr111,563455.64647056,524957.35352944
ESPr112,3787826.6901849,3613810.3098151
ESPr113,2533665.37313229,2401329.62686771
ESPr114,584420.372631437,546123.627368563
ESPr115,4346191.75721465,4058394.24278535
ESPr116,754309.088309464,710784.911690536
ESPr117,43867.2077752448,40695.7922247552
ESPr118,43974.5560482284,40788.4439517716
ESPr119,1100761.13559283,1028628.86440717
ESTr101,293805.619609592,282731.380390408
ESTr102,64048.6656062885,59736.3343937115
ESTr103,76568.9850465311,71268.0149534688
ESTr104,76064.8486924696,70881.1513075304
ESTr105,165789.51089299,154512.48910701
ETHr101,3417847.71010975,3266132.28989025
ETHr102,422197.960341007,404728.039658993
ETHr103,11962101.3011464,11451725.6988536
ETHr104,20065401.0034443,19216687.9965557
ETHr105,1658657.53904256,1589163.46095744
ETHr106,527662.150330666,505255.849669334
ETHr107,11090555.9552553,10596607.0447447
ETHr108,145385.185323027,137538.814676973
ETHr109,124221.798092978,117930.201907022
ETHr110,1824779.99087272,1823781.00912728
ETHr111,250045.202096754,237050.797903246
FINr101,702678.738986065,675517.261013935
FINr102,820618.624009828,791206.375990172
FINr103,591948.928973488,569146.071026512
FINr104,663333.493225062,636126.506774938
FINr105,14762.8224776023,14192.1775223977
FJIr101,84496.4270535139,80950.5729464861
FJIr102,53114.2056782638,50894.7943217362
FJIr103,13482.9658354181,13245.0341645819
FJIr104,30047.8471716061,29236.1528283939
FJIr105,20455.4946814594,20396.5053185406
FJIr106,32881.411552484,32786.588447516
FJIr107,37945.8676091924,37468.1323908076
FJIr108,121423.53085757,118143.46914243
FJIr109,30092.4618107646,29816.5381892354
FJIr110,15890.3492391112,15849.6507608888
FRAr101,6158549.84493332,5941089.15506668
FRAr102,689372.972722903,646380.027277097
FRAr103,1001870.66837333,930389.331626668
FRAr104,957038.261177045,902077.738822955
FRAr105,1325838.03397602,1252393.96602398
FRAr106,762307.816042981,716105.183957019
FRAr107,844022.132040761,795551.867959239
FRAr108,2103680.8327281,1972484.1672719
FRAr109,1204412.83981593,1135246.16018407
FRAr110,964786.386001237,916918.613998763
FRAr111,607478.038415675,572591.961584325
FRAr112,1910144.11430782,1817922.88569218
FRAr113,1691191.20024078,1608995.79975922
FRAr114,926467.245200683,878115.754799318
FRAr115,1734349.80595798,1647587.19404202
FRAr116,1540295.5969023,1468025.4030977
FRAr117,379408.275523848,357619.724476152
FRAr118,3342548.10350497,3191867.89649503
FRAr119,699698.312097092,663181.687902908
FRAr120,1428630.83183805,1354360.16816195
FRAr121,2571997.75673291,2442956.24326709
FRAr122,170439.222148297,158428.777851703
FRAr125,223822.265351351,207945.734648649
FRAr126,195386.539647009,183297.460352991
FRAr127,136095.583357347,128514.416642653
FRAr128,441507.988092941,410313.011907059
FRAr129,120837.551919883,115746.448080117
FSMt,55252.9968728887,53642.0031271113
GABr101,106584.483126226,106102.516873774
GABr102,90041.013308293,89574.986691707
GABr103,31847.3521996588,31471.6478003412
GABr104,61715.1833580758,59566.8166419242
GABr105,26558.3060538613,26029.6939461387
GABr106,35867.7239297159,34288.2760702841
GABr107,35953.761143794,35078.238856206
GABr108,11594.5420602486,11446.4579397514
GABr109,54945.1954628153,53988.8045371847
GABr110,525484.762716462,519585.237283538
GBRr101,1351234.89051654,1284243.10948345
GBRr102,3674033.63967809,3508814.36032191
GBRr103,2769907.09240364,2637603.90759636
GBRr104,2389866.9634644,2280563.0365356
GBRr105,2946565.26962617,2807232.73037383
GBRr106,3096916.50228318,2970665.49771682
GBRr107,4396806.67955676,4240745.32044324
GBRr108,4552092.65853555,4393424.34146445
GBRr109,2784362.09118332,2679057.90881668
GBRr110,1600549.93928205,1521165.06071796
GBRr111,2744136.16060315,2632266.83939685
GBRr112,950554.540398838,903408.459601162
GEOr102,185415.340658908,176124.659341092
GEOr103,55096.317888572,53252.682111428
GEOr104,279228.553856021,267457.446143979
GEOr105,143959.762263533,140046.237736467
GEOr106,214229.717735766,206098.282264234
GEOr107,47832.720778898,46835.2792211021
GEOr108,161507.689234854,156103.310765146
GEOr109,76175.1315076411,73516.8684923589
GEOr110,133745.768494202,128669.231505798
GEOr111,610559.550489316,569469.449510684
GHAr101,1422619.92033906,1378948.07966094
GHAr102,1385418.55442217,1320170.44557783
GHAr103,2200568.87842012,2184441.12157988
GHAr104,1175124.7953578,1125570.2046422
GHAr105,1494103.91602439,1435211.08397561
GHAr106,2854379.98093131,2746209.01906869
GHAr107,1261509.83863709,1208327.16136291
GHAr108,1443078.14018685,1376729.85981315
GHAr109,383457.712902943,364624.287097057
GHAr110,557987.385358481,530629.614641519
GINr101,620843.248798243,599195.751201757
GINr102,958331.836785325,950534.163214675
GINr103,547363.88270641,529816.11729359
GINr104,826407.605636739,799775.394363261
GINr105,853882.914146939,825505.085853061
GINr106,548102.711563618,530439.288436382
GINr107,452278.730308678,437779.269691322
GINr108,992111.355126731,959474.644873269
GMBr101,17659.7555844484,16786.2444155516
GMBr102,210040.792263558,199571.207736442
GMBr103,392158.093178902,374614.906821098
GMBr104,51165.6389371479,49283.3610628521
GMBr105,120542.184796046,116013.815203954
GMBr106,58224.0673066913,56074.9326933087
GMBr107,79538.2024333974,76579.7975666026
GMBr108,136328.032518972,131295.967481028
GNBr101,59691.3608873237,57500.6391126762
GNBr102,34003.1422980277,32774.8577019723
GNBr103,147526.5989986,142099.4010014
GNBr104,63203.8911336316,60763.1088663684
GNBr105,19383.314487123,18678.685512877
GNBr106,98200.8681019259,94576.1318980741
GNBr107,101634.742744,97883.2572560002
GNBr108,89033.048492641,85867.951507359
GNBr109,273856.189375594,260524.810624406
GNQr101,124173.85217529,123960.14782471
GNQr102,82025.4192374806,78033.5807625194
GNQr103,118481.506472674,112474.493527326
GNQr104,186785.683122042,183603.316877958
GNQr105,81201.5924882143,77758.4075117857
GRCr101,1950494.65513616,1851548.34486384
GRCr102,101430.584456331,95748.4155436685
GRCr103,173507.107460899,161310.892539101
GRCr104,324341.333454779,307314.666545221
GRCr105,313786.384487374,291729.615512626
GRCr106,971515.789299666,917091.210700334
GRCr107,141132.498352783,134015.501647217
GRCr108,173659.18085036,164338.81914964
GRCr109,378440.275631707,353094.724368293
GRCr110,106148.004143526,100450.995856474
GRCr111,346325.278403549,324439.721596451
GRCr112,288447.851947993,268328.148052007
GRCr113,301717.199041059,280508.800958941
GRDt,56006.1556306281,53592.8443693719
GTMr101,1559274.76220849,1505638.23779151
GTMr102,743240.674871029,707020.325128971
GTMr103,687480.402963013,682296.597036987
GTMr104,685257.974966005,676891.025033995
GTMr105,848929.664233443,846051.335766557
GTMr106,1922602.3861563,1893438.6138437
GTMr107,1134566.92649013,1079276.07350987
GTMr108,300002.353550792,295451.646449208
GUYr101,7270.00237752198,6950.99762247802
GUYr102,21351.0164028463,21148.9835971537
GUYr103,60513.223758341,60234.776241659
GUYr104,169809.893070286,169994.106929714
GUYr105,26313.4937254833,26194.5062745167
GUYr106,56351.649155952,56092.350844048
GUYr107,6209.03809781387,6100.96190218613
GUYr108,4336.1357838497,4120.8642161503
GUYr109,13134.2466430949,12605.7533569051
GUYr110,19350.3125798817,19335.6874201183
HNDr101,225718.58391236,223457.41608764
HNDr102,172298.591984104,166155.408015896
HNDr103,287212.301209199,276239.698790801
HNDr104,213117.552643535,202431.447356465
HNDr105,806271.775070277,801611.224929723
HNDr106,253400.070528836,241339.929471164
HNDr107,256620.71095307,244407.28904693
HNDr108,818007.152642479,816940.847357521
HNDr109,50971.6910577698,48359.3089422302
HNDr110,124685.814014556,118447.185985444
HNDr111,33673.2285376035,33306.7714623965
HNDr112,121220.868500366,115350.131499634
HNDr113,186546.211810052,177058.788189948
HNDr114,88169.6413086579,83973.3586913421
HNDr115,283504.846459093,271380.153540907
HNDr116,250543.370733906,239549.629266094
HNDr117,102711.846217717,98319.1537822828
HNDr118,346246.31181961,333850.68818039
HRVr101,409774.506781164,389790.493218836
HRVr102,164051.912247385,152454.087752615
HRVr103,66587.0804090417,62317.9195909583
HRVr104,89033.9010727102,82845.0989272898
HRVr105,58166.7782277104,54190.2217722896
HRVr106,58371.3495572928,54204.6504427072
HRVr107,58620.4238170392,55125.5761829608
HRVr108,41194.2351281148,39415.7648718852
HRVr109,37672.2985726966,35800.7014273034
HRVr110,77562.6944331104,73449.3055668896
HRVr111,152449.667439404,141783.332560596
HRVr112,86916.7311389074,82307.2688610926
HRVr113,63111.9440192491,58728.0559807509
HRVr114,82866.0742211974,77425.9257788026
HRVr115,150029.342267822,141624.657732178
HRVr116,24615.3140102781,23018.6859897219
HRVr117,88201.7585869239,81966.2414130761
HRVr118,54113.594807833,50201.405192167
HRVr119,235024.595618886,218130.404381114
HRVr120,107558.363616687,100621.636383313
HRVr121,63350.2554403186,58929.7445596814
HTIr101,1992520.90983348,1891500.09016652
HTIr102,305743.990761422,294203.009238577
HTIr103,577665.086587203,547159.913412797
HTIr104,201641.224391928,193460.775608072
HTIr105,818575.355419129,787701.644580871
HTIr106,395187.314815704,380819.685184296
HTIr107,413742.134858678,396773.865141321
HTIr108,416997.006176407,401029.993823593
HTIr109,278044.777256419,267094.222743581
HUNr101,1522564.25561404,1466274.74438596
HUNr102,550113.75795931,511946.24204069
HUNr103,508605.88778101,475324.11221899
HUNr104,468952.096571428,436047.903428572
HUNr105,599394.03282422,559865.96717578
HUNr106,765141.241267483,711808.758732517
HUNr107,657066.59394985,609923.40605015
IDNr101,2444182.30307381,2422029.69692619
IDNr102,6914719.38130658,6851451.61869342
IDNr103,2612983.92935249,2564789.07064751
IDNr104,4028780.15138247,3970565.84861753
IDNr105,1670560.34523228,1654581.65476772
IDNr106,3934495.10402599,3897467.89597401
IDNr107,933604.248890956,924126.751109044
IDNr108,4053605.99511177,4015564.00488823
IDNr109,712609.655267425,705903.344732575
IDNr110,4854515.17672823,4675364.82327176
IDNr111,24458423.2580025,24236746.7419975
IDNr112,17409123.1649848,17247244.8350152
IDNr113,2017757.11702566,1956488.88297434
IDNr114,20374370.2467228,20207492.7532772
IDNr115,5630710.69657282,5579677.30342719
IDNr116,2366315.1856007,2315661.8143993
IDNr117,2624617.38835747,2596002.61164253
IDNr118,2702579.08124888,2650432.91875112
IDNr120,2396519.91915584,2372929.08084416
IDNr121,1154590.09035355,1144675.90964645
IDNr122,2013765.48048419,1994720.51951581
IDNr123,1860002.11376106,1820186.88623894
IDNr124,1215487.72321803,1196300.27678197
IDNr125,1461475.33558289,1445541.66441711
IDNr126,4886466.06401553,4840479.93598447
IDNr127,1224714.50781513,1213178.49218487
IDNr128,588991.577642617,579895.422357383
IDNr129,1427848.86015301,1414345.13984699
IDNr130,1987058.97966235,1934299.02033764
INDr101,32135039.9465041,31474301.0534959
INDr102,16170772.3367263,15441246.6632737
INDr103,56526824.4859309,53621436.5140691
INDr104,1054460.68680925,1016068.31319075
INDr105,31627647.8812278,31362602.1187722
INDr106,14248480.4167227,14239146.5832773
INDr107,3567552.00942769,3562482.99057231
INDr108,6620049.60496625,6616027.39503375
INDr109,32484340.0191365,32284842.9808635
INDr110,18929031.4658294,18233139.5341706
INDr111,41455322.5471328,39472622.4528672
INDr112,62610222.0319817,62512389.9680183
INDr113,1213097.60609288,1209444.39390712
INDr114,1533497.77972242,1520120.22027758
INDr115,557206.529251601,555541.470748399
INDr116,847815.380085886,846490.619914114
INDr117,22967315.0120228,21877682.9879772
INDr118,14439445.2531431,14436801.7468569
INDr119,36945406.8476452,35491645.1523548
INDr120,281446.724770311,280597.275229689
INDr121,41024027.2680551,41007068.7319449
INDr122,49901778.193829,48308926.806171
INDr123,105452379.68918,100018659.31082
INDr124,10017269.9273178,9831668.07268217
INDr125,599339.443859247,596586.556140753
INDr126,1916227.00059244,1887342.99940756
INDr127,6550817.11634426,6520727.88365574
INDr128,20000972.9824821,19032486.0175179
INDr129,16170147.7299409,15444575.2700591
INDr130,20328699.7035388,20158341.2964612
INDr131,399705.172884153,391150.827115847
INDr132,257735.415539123,256551.584460877
INDr133,722609.407382112,708784.592617888
INDr134,92757.6721100624,92719.3278899376
INDr135,40159.1162734869,39330.8837265131
INDr136,193318.431233651,190884.568766349
IRLr101,211345.088741464,200729.911258536
IRLr102,148229.470958508,140908.529041492
IRLr103,228585.176629537,219746.823370463
IRLr104,674459.721258885,650520.278741115
IRLr105,336029.086836933,322963.913163067
IRLr106,231881.574275866,222712.425724134
IRLr107,221192.365658353,211033.634341647
IRLr108,346967.169877855,334651.830122145
IRNr101,753980.220554786,716963.779445214
IRNr102,1337393.93565999,1264623.06434001
IRNr103,1675176.72936515,1554778.27063485
IRNr104,2002981.96610569,1908285.03389431
IRNr105,1654388.95474362,1611672.04525638
IRNr106,1054100.08727597,999255.91272403
IRNr107,2430302.25459609,2299638.74540391
IRNr108,2474052.02540145,2326531.97459855
IRNr109,1553566.81418671,1490361.18581329
IRNr110,3198794.47231049,3057819.52768951
IRNr111,2645446.55891429,2448698.44108571
IRNr112,1327718.68214529,1320608.31785471
IRNr113,781097.542366108,766768.457633892
IRNr114,917973.408168386,884207.591831614
IRNr115,489433.423503423,464246.576496577
IRNr116,949485.517755145,907640.482244855
IRNr117,298598.014114066,279889.985885934
IRNr118,350033.394182847,332848.605817153
IRNr119,504956.426591176,474626.573408824
IRNr120,537195.359891927,517739.640108073
IRNr121,336663.868539818,312467.131460182
IRNr122,582139.284581948,540299.715418052
IRNr123,817049.172703869,790471.82729613
IRNr124,7993822.24286894,7388296.75713106
IRNr125,648664.724489257,629973.275510743
IRNr126,616643.240235575,578008.759764425
IRNr127,649355.825425472,615939.174574529
IRNr128,950448.832459479,914526.167540521
IRNr129,454320.208582307,445985.791417693
IRNr130,337049.846288107,328564.153711893
IRQr101,651600.338381723,646766.661618277
IRQr102,1641661.03727416,1628710.96272584
IRQr103,995675.348398005,991404.651601995
IRQr104,734231.438987685,728543.561012316
IRQr105,1272544.47041343,1263104.52958657
IRQr106,902848.313383944,895819.686616056
IRQr107,741637.23812821,734857.76187179
IRQr108,3219401.434038,3204843.565962
IRQr109,902116.728058117,893870.271941883
IRQr110,537716.858382459,531526.141617541
IRQr111,620680.308042789,608027.691957211
IRQr112,620003.98880465,613793.01119535
IRQr113,700405.383307155,689974.616692846
IRQr114,566645.061870972,559407.938129028
IRQr115,519905.219828079,500061.780171921
IRQr116,1135084.91843963,1122732.08156037
IRQr117,683306.91139492,658944.08860508
IRQr118,1435695.60803507,1418135.39196493
ISLt,168361.817360803,162453.182639197
ISRt,4288458.8667909,4091641.1332091
ITAr101,2261622.94077972,2152776.05922028
ITAr102,65708.4969948614,62091.5030051385
ITAr103,809717.572919356,767482.427080644
ITAr104,5116212.988925,4889184.011075
ITAr105,681015.092925127,647984.907074873
ITAr106,161640.286040093,151059.713959907
ITAr107,3037189.02333767,2819008.97666233
ITAr108,2116051.07050599,1967547.92949401
ITAr109,298248.373455311,276951.626544689
ITAr110,1023281.4507359,950317.549264103
ITAr111,2635193.05856426,2448004.94143574
ITAr112,859136.178323106,801563.821676894
ITAr113,266461.658121291,253238.341878709
ITAr114,274113.899556811,263686.100443189
ITAr115,2526593.49077336,2394805.50922664
ITAr116,628813.914669341,595386.085330659
ITAr117,2271889.14361848,2177409.85638152
ITAr118,1923754.6430879,1824744.3569121
ITAr119,458020.183039182,434979.816960818
ITAr120,794367.233437813,752932.766562187
ITAr121,3010161.74680854,2880236.25319146
JAMr101,364534.024914606,351079.975085394
JAMr102,151244.598330965,150867.401669035
JAMr103,376714.670970882,366538.329029118
JAMr104,121260.147123713,121353.852876287
JAMr105,213274.485882345,212283.514117655
JAMr106,232651.802011996,229073.197988004
JORr101,1842966.56638809,1790369.43361191
JORr102,286923.142650652,281859.857349348
JORr103,656145.030150689,648913.969849311
JORr104,115297.887867577,114124.112132423
JORr105,846213.141625352,833196.858374648
JORr106,260381.208698782,260041.791301218
JORr107,136379.838213883,134422.161786117
JORr108,102635.862271329,101057.137728671
JORr109,181711.616575433,177166.383424567
JORr110,66171.8504136759,65201.1495863241
JORr111,77849.9198739949,77791.0801260051
JORr112,105905.141872896,103758.858127104
JPNr101,2757189.50521712,2626800.49478288
JPNr102,4609777.38400555,4376544.61599445
JPNr103,3519978.81420044,3346559.18579956
JPNr104,19890000.7456496,19189445.2543504
JPNr105,2725232.45178917,2587731.54821083
JPNr106,7689150.75539167,7347408.24460833
JPNr107,10589051.2204673,10143612.7795327
JPNr108,3804238.50821777,3636512.49178223
JPNr109,1970936.2363951,1875485.7636049
JPNr110,7407029.51968258,7048314.48031742
KAZr101,683335.960270645,635708.039729355
KAZr102,3198060.50354827,3035249.49645173
KAZr103,1573145.79633985,1472285.20366015
KAZr104,741500.298585835,688413.701414165
KAZr105,2200286.50007596,2043669.49992404
KAZr106,653068.621432623,618434.378567377
KENr101,2184639.99808932,2163192.00191068
KENr102,2760728.76615285,2707935.23384715
KENr103,2408526.27944658,2293126.72055342
KENr104,3595692.19468411,3436198.80531589
KENr105,3437076.60708523,3273551.39291477
KENr106,6451779.12911037,6165598.87088963
KENr107,2875201.3288772,2734703.6711228
KENr108,708889.538490635,681976.461509365
KGZr101,435146.469416365,423397.530583635
KGZr102,227272.294348473,227037.705651527
KGZr103,512305.279064997,512381.720935003
KGZr104,146227.967686228,146077.032313772
KGZr105,563598.954813498,561921.045186502
KGZr106,725589.335784946,721838.664215054
KGZr107,141217.362927316,140566.637072683
KGZr108,236830.502908997,235668.497091003
KHMr101,340657.339676799,325677.660323201
KHMr102,1035381.9813493,985509.018650702
KHMr103,280941.12761029,268051.87238971
KHMr104,503843.417005604,480681.582994396
KHMr105,394190.231531915,375051.768468085
KHMr106,613656.392796285,588323.607203715
KHMr107,43812.6771392937,42176.3228607063
KHMr108,728444.464786477,727931.535213523
KHMr109,539838.781449255,514222.218550745
KHMr110,306154.119484909,291731.880515091
KHMr111,296205.47667041,282433.52332959
KHMr112,489634.335418588,472694.664581412
KHMr113,615459.672803622,592263.327196378
KHMr114,479585.135674761,458064.864325239
KHMr115,433435.21559873,413724.78440127
KHMr116,169051.896295727,161089.103704273
KHMr117,651196.339956548,620319.660043452
KIRr101,30039.4816836006,29802.5183163994
KIRr102,10048.9541363561,9665.04586364385
KIRr103,3727.06122708862,3562.93877291138
KIRr104,8059.96057644635,7752.03942355365
KIRr105,4210.87469149253,4060.12530850747
KNAt,26173.5256323607,25029.4743676393
KORr101,11730712.8738732,11319025.1261268
KORr102,773778.24980081,743859.75019919
KORr103,6465205.09163022,6010750.90836978
KORr104,317267.20158245,301356.79841755
KORr105,3074264.29902188,2922428.70097812
KORr106,1865945.2039652,1772721.7960348
KORr107,1906699.66619695,1810932.33380305
KWTr101,1346755.92166106,1260410.07833894
KWTr102,417943.088311772,389755.911688228
KWTr103,215967.433422847,204796.566577153
LAOr101,410887.845277888,400196.154722111
LAOr102,106826.763766642,101519.236233358
LAOr103,96732.4158914263,92104.5841085737
LAOr104,182763.226742412,173689.773257588
LAOr105,98823.515645828,94037.484354172
LAOr106,240030.708548288,228872.291451712
LAOr107,165521.158736499,157594.841263501
LAOr108,199551.371918802,197110.628081198
LAOr109,142604.448624583,139747.551375417
LAOr110,271367.939621989,267902.060378011
LAOr111,141721.446590282,140049.553409718
LAOr112,198607.344760362,189105.655239638
LAOr113,498787.38608944,474024.61391056
LAOr114,225363.359997768,213739.640002232
LAOr115,63767.313784146,60713.686215854
LAOr116,323340.761638561,310330.238361439
LAOr117,68552.9974244372,65242.0025755628
LBNr101,349231.846227163,347609.153772837
LBNr102,1277506.39193669,1242996.60806331
LBNr103,709359.631609943,695166.368390057
LBNr104,411707.765925841,393967.234074159
LBNr105,563396.878003284,541736.121996716
LBRr101,66184.2859068301,63107.7140931699
LBRr102,246470.685594973,235367.314405027
LBRr103,49664.6835778563,47427.3164221437
LBRr104,121748.348656251,116263.651343749
LBRr105,107496.325689928,102653.674310072
LBRr106,49419.8308636929,47046.1691363071
LBRr107,62362.7751776028,59505.2248223972
LBRr108,123090.684678379,117426.315321621
LBRr109,178911.449072594,170951.550927406
LBRr110,70915.5015554209,67634.4984445791
LBRr111,782628.22597092,743922.77402908
LBRr112,304489.988525913,290943.011474086
LBRr113,38181.0170932554,36460.9829067446
LBRr114,29903.3567188055,28548.6432811945
LBRr115,58135.1269392204,55459.8730607796
LBYr101,932226.097140774,931010.902859226
LBYr102,2037140.28318692,2034125.71681308
LBYr103,241997.952236217,241815.047763783
LCAr101,17238.8397881497,16773.1602118503
LCAr102,73648.2672548182,71465.7327451818
LIEt,19139.3860390567,18330.6139609433
LKAt,10712487.0569408,10257512.9430592
LSOr101,63813.560517941,60562.439482059
LSOr102,164410.363185379,156559.636814621
LSOr103,130371.658872382,123774.341127618
LSOr104,254925.272325403,242526.727674597
LSOr105,96326.7041897762,92122.2958102238
LSOr106,102705.725186482,98748.2748135179
LSOr107,62178.9374010629,59783.0625989371
LSOr108,36961.5365257512,35591.4634742488
LSOr109,62220.054806418,59912.945193582
LSOr110,79346.8843446765,76251.1156553235
LTUr101,76010.8580121804,71410.1419878196
LTUr102,298463.194035949,283505.805964052
LTUr103,167048.870319201,158671.129680799
LTUr104,77712.7517868595,72837.2482131405
LTUr105,120914.033693151,113639.966306849
LTUr106,146432.264745952,137498.735254048
LTUr107,53288.799083957,50142.200916043
LTUr108,73748.5070062923,69218.4929937077
LTUr109,72534.3612294266,67989.6387705734
LTUr110,406289.675310559,387554.324689441
LUXt,291781.232910523,277822.767089477
LVAr101,326471.078830528,313847.921169472
LVAr102,188645.947513699,178332.052486301
LVAr103,102321.872647899,95190.1273521008
LVAr104,131021.998069075,121883.001930925
LVAr105,124772.700691977,115980.299308023
LVAr106,144669.465869101,134390.534130899
MARr101,4116918.45125225,4111527.54874775
MARr102,2061456.75374671,2045487.24625329
MARr103,3348134.51767068,3347487.48232932
MARr104,1446092.30238917,1417121.69761083
MARr105,1512977.82787566,1495129.17212434
MARr106,1701998.68744176,1667303.31255824
MARr107,3222095.59080861,3184084.40919139
MDAr101,449007.016228899,444889.983771101
MDAr102,428318.458716043,426802.541283957
MDAr103,274852.484425573,269037.515574427
MDAr104,279953.544359981,261753.455640019
MDGr101,1718869.59966183,1696916.40033817
MDGr102,1056067.30880598,1002524.69119401
MDGr103,466001.010105729,442300.989894271
MDGr104,347288.532788464,331035.467211536
MDGr105,672647.395314136,638976.604685864
MDGr106,426503.977126649,404871.022873351
MDGr107,672215.27177884,647173.72822116
MDGr108,189517.771728743,182923.228271257
MDGr109,507313.542565882,488255.457434118
MDGr110,699887.283523329,665140.716476671
MDGr111,553799.564452206,525416.435547793
MDGr112,630621.854489395,599634.145510605
MDGr113,396119.953801512,376340.046198488
MDGr114,715105.035996065,679965.964003935
MDGr115,185496.487091761,178494.512908239
MDGr116,135224.596015358,130417.403984642
MDGr117,866612.98620866,835233.01379134
MDGr118,485477.802440163,467316.197559837
MDGr119,395809.505930595,381248.494069405
MDGr120,390308.039607612,375362.960392388
MDGr121,402990.923648207,385245.076351793
MDGr122,454173.224377888,431620.775622112
MDVr101,92164.8711172929,88205.1288827071
MDVr102,30344.2754835865,30367.7245164135
MDVr103,28711.1681367542,28679.8318632458
MDVr104,16940.3064124582,16885.6935875418
MDVr105,27227.2316218805,27256.7683781195
MDVr106,34068.2304654983,34074.7695345017
MEXr101,674300.882942288,640550.117057712
MEXr102,1767734.44618949,1655263.55381051
MEXr103,360630.929392836,340054.070607164
MEXr104,460819.562497454,444587.437502546
MEXr105,1539697.23265258,1459234.76734742
MEXr106,372717.072639445,355994.927360555
MEXr107,2657391.91757962,2656847.08242038
MEXr108,1886344.09269687,1805960.90730313
MEXr109,4722501.68572611,4381528.31427389
MEXr110,922259.043139037,889772.956860963
MEXr111,2951513.4205819,2883059.5794181
MEXr112,1781661.40263754,1788785.59736246
MEXr113,1462441.91381329,1429254.08618671
MEXr114,4111731.99708623,3927257.00291377
MEXr115,8515941.31689209,8153049.68310791
MEXr116,2369900.145398,2335046.854602
MEXr117,988219.574981879,949326.425018121
MEXr118,650111.653811665,624525.346188335
MEXr119,2658482.90747568,2493684.09252432
MEXr120,2031255.96743929,2037591.03256071
MEXr121,3120838.80581992,3080528.19418008
MEXr122,1095663.73896345,1047823.26103655
MEXr123,775699.435188287,743872.564811713
MEXr124,1394429.28426147,1358348.71573853
MEXr125,1550399.29686449,1461936.70313551
MEXr126,1473882.86169028,1389786.13830972
MEXr127,1223460.19917304,1177147.80082696
MEXr128,1783915.88459985,1701230.11540015
MEXr129,659480.44906676,634654.55093324
MEXr130,4164134.23290508,4106385.76709492
MEXr131,1090556.25135659,1049274.74864341
MEXr132,829106.181839842,806231.818160158
MKDr101,313291.51686883,299777.48313117
MKDr102,140760.985344879,134854.014655121
MKDr103,76337.208846708,73519.791153292
MKDr104,104409.839884144,102067.160115856
MKDr105,95997.3919116798,92306.6080883202
MKDr106,91726.7881157749,90381.2118842251
MKDr107,146976.669360432,143006.330639568
MKDr108,88158.7333115256,85777.2666884744
MLIr101,1219908.07694691,1174206.92305309
MLIr102,1799553.40987109,1732112.59012891
MLIr103,1808918.60233902,1741453.39766098
MLIr104,1566376.92083481,1507696.07916519
MLIr105,1075922.52710514,1035615.47289486
MLIr106,370549.915898434,356668.084101565
MLIr107,290448.504933544,279567.495066456
MLIr108,1149529.36870267,1104149.63129733
MMRr101,815485.835743887,789983.164256113
MMRr102,144250.372977707,139317.627022292
MMRr103,773571.897759682,740521.102240318
MMRr104,261828.783134278,251456.216865722
MMRr105,2947043.30842461,2824292.69157539
MMRr106,691643.89180065,663938.10819935
MMRr107,2593878.95729183,2486053.04270817
MMRr108,2152278.85721862,2066063.14278138
MMRr109,3660490.09494383,3519289.90505616
MMRr110,1047108.41856732,1009717.58143268
MMRr111,1701596.22885607,1629532.77114393
MMRr112,3461115.49069445,3423908.50930555
MMRr113,2969118.57554693,2851167.42445307
MMRr114,3609146.97545647,3457395.02454354
MNEr101,83973.1670278371,78966.8329721629
MNEr102,161787.756336136,150558.243663864
MNEr103,76104.6078903607,70748.3921096393
MNGr101,192457.377285217,191677.622714783
MNGr102,283406.119891874,282257.880108126
MNGr103,247569.408225388,243200.591774612
MNGr104,109116.543522014,109095.456477986
MNGr105,688085.1383695,651593.8616305
MOZr101,816934.943283462,790982.056716538
MOZr102,1086001.91782399,1051939.08217601
MOZr103,2098641.16543002,2029049.83456998
MOZr104,2592182.51604801,2509832.48395199
MOZr105,1703179.41343794,1649758.58656206
MOZr106,907932.982705745,877380.017294255
MOZr107,1303335.89873759,1261327.10126241
MOZr108,821146.48345464,794072.51654536
MOZr109,769941.70497532,744410.29502468
MOZr110,946580.055438885,899576.944561115
MOZr111,708382.533503335,679683.466496665
MRTr101,223292.429743402,215002.570256598
MRTr102,160438.37203306,154242.62796694
MRTr103,220463.476912059,210791.523087941
MRTr104,182700.98132857,176206.01867143
MRTr105,195908.815431365,186102.184568635
MRTr106,730449.879336093,702062.120663907
MRTr107,48765.3551547374,46403.6448452626
MRTr108,66227.3362436334,65600.6637563666
MRTr109,55360.7434189679,52554.2565810321
MRTr110,146656.818594578,141359.181405422
MRTr111,33443.0780640578,32187.9219359422
MRTr112,5113.94327871786,4860.05672128214
MUSr101,300957.524612971,287732.475387029
MUSr102,327974.218924887,307014.781075113
MUSr103,19472.4210852884,19453.5789147116
MWIr101,608984.381143768,577268.618856232
MWIr102,375023.799600937,361194.200399063
MWIr103,322044.843305895,310794.156694105
MWIr104,567700.851050589,547568.148949411
MWIr105,535618.094915806,509790.905084194
MWIr106,257341.126101654,248350.873898346
MWIr107,379449.76962538,365286.23037462
MWIr108,465798.61686929,446790.38313071
MWIr109,1236273.06668218,1187258.93331782
MWIr110,380129.278266915,365922.721733085
MWIr111,512517.649974669,487804.350025331
MWIr112,1708721.3667776,1646508.6332224
MWIr113,1192922.47948482,1148262.52051518
MYSr101,1818436.77696633,1691481.22303367
MYSr102,1107119.90354242,1045448.09645758
MYSr103,893836.291860107,854614.708139893
MYSr104,419529.891375273,389916.108624727
MYSr105,584830.58642915,543670.41357085
MYSr106,865894.601609874,821106.398390126
MYSr107,869940.360887744,809189.639112256
MYSr108,1394193.0128096,1303554.9871904
MYSr109,135731.63354148,128533.36645852
MYSr110,2798409.97933965,2603140.02066035
MYSr111,617442.028164464,589763.971835535
MYSr112,1696985.98602428,1696994.01397572
MYSr113,1376604.19420095,1347479.80579905
MYSr114,919141.01289614,855645.98710386
MYSr115,47334.3204765504,45294.6795234496
NAMr101,61293.5389417216,58826.4610582784
NAMr102,85278.5820339851,85167.4179660149
NAMr103,40754.6623404358,40452.3376595642
NAMr104,41344.9792952226,41158.0207047774
NAMr105,216902.400964135,213646.599035865
NAMr106,36462.9519361463,34697.0480638537
NAMr107,139521.943168118,132526.056831882
NAMr108,120880.755681951,114938.244318049
NAMr109,33218.302826032,31760.697173968
NAMr110,136513.077787342,131760.922212658
NAMr111,91500.3823221265,90821.6176778735
NAMr112,98550.0466426783,95021.9533573217
NAMr113,71596.4129331207,70376.5870668793
NERr101,197184.554879475,189647.445120525
NERr102,301488.692039282,290360.307960718
NERr103,1235503.10408476,1189898.89591524
NERr104,2279454.99182055,2195317.00817945
NERr105,1868692.67483951,1798212.32516049
NERr106,2218321.73328394,2136440.26671606
NERr107,2089228.72843763,2012112.27156237
NGAr101,1898920.15071205,1847579.84928795
NGAr102,2481990.41293937,2467643.58706063
NGAr103,3234000.95518333,3113713.04481667
NGAr104,1452171.90403552,1435453.09596448
NGAr105,2933831.84257767,2791337.15742233
NGAr106,3323031.23716683,3194703.76283317
NGAr107,1475696.90855168,1417806.09144832
NGAr108,1986177.6050701,1889760.3949299
NGAr109,2044622.65140874,1994833.34859126
NGAr110,4959950.35493619,4716118.64506381
NGAr111,7421842.86070032,7135229.13929968
NGAr112,4607522.35912989,4436146.64087011
NGAr113,1468347.54595815,1428648.45404185
NGAr114,4745594.01075665,4725238.98924335
NGAr115,3672675.91792598,3507428.08207402
NGAr116,2043330.8860893,1996623.1139107
NGAr117,1685363.52083722,1625027.47916278
NGAr118,3363303.88132423,3265241.11867577
NGAr119,1793230.30850805,1704203.69149195
NGAr120,2651908.16639,2621376.83361
NGAr121,2528488.07767862,2435157.92232138
NGAr122,1248447.59153841,1213349.40846159
NGAr123,2004425.64195331,1980779.35804669
NGAr124,1875316.49391111,1803740.50608889
NGAr125,3372785.99373415,3247336.00626585
NGAr126,2969708.62219806,2860092.37780194
NGAr127,1510136.36811919,1448721.63188081
NGAr128,1784405.61340014,1764986.38659986
NGAr129,1902698.45228889,1824665.54771111
NGAr130,2822543.07551055,2718358.92448945
NGAr131,757459.723349434,746179.276650566
NGAr132,2238061.46325309,2126080.53674691
NGAr133,844713.414081761,830321.585918239
NGAr134,1592598.31503597,1532769.68496403
NGAr135,1520964.72553366,1445013.27446634
NGAr136,3202969.3485011,3083835.6514989
NGAr137,673859.853250452,670372.146749547
NICr101,1799601.47339847,1799733.52660153
NICr102,955595.106509742,922329.893490258
NICr103,382389.146436977,363590.853563023
NLDr101,297166.081180352,286830.918819648
NLDr102,330557.76208981,315439.23791019
NLDr103,250481.049113205,238516.950886795
NLDr104,582318.077767659,559676.922232341
NLDr105,1034198.5117487,996792.488251304
NLDr106,206133.863437315,196864.136562685
NLDr107,645960.949991092,623033.050008908
NLDr108,1411544.354688,1361442.645312
NLDr109,1837739.60884719,1773244.39115281
NLDr110,194976.352489441,186021.647510559
NLDr111,1269062.91922202,1224926.08077798
NLDr112,569762.379306087,547232.620693913
NORr101,632436.937647958,609989.062352042
NORr102,195784.390048225,188042.609951775
NORr103,501788.221674588,478758.778325412
NORr104,389230.217484037,375414.782515963
NORr105,451814.406943211,435777.593056789
NORr106,227940.284821292,219849.715178708
NORr107,245292.193476644,236488.806523356
NPLr101,3201720.50097221,3068245.49902779
NPLr102,4872579.32696581,4681588.67303419
NPLr103,2707757.33756377,2619347.66243623
NPLr104,1745852.37710896,1664673.62289104
NPLr105,1255829.31545698,1197435.68454302
NZLr101,86331.5282582688,81994.4717417312
NZLr102,799091.502952025,771047.497047975
NZLr103,224900.879343682,214266.120656318
NZLr104,147177.45662315,139966.54337685
NZLr105,24332.8244301715,23074.1755698285
NZLr106,82011.7885014338,78012.2114985662
NZLr107,58916.2338172951,56801.7661827049
NZLr108,120281.363623837,114254.636376163
NZLr109,252977.625648957,243998.374351043
NZLr110,50850.8678296683,48564.1321703317
NZLr111,23100.0878758474,22206.9121241526
NZLr112,16772.7001284135,15932.2998715865
NZLr113,298896.6139334,287592.3860666
NZLr114,109685.104865578,105347.895134422
NZLr115,49868.1280129981,47446.8719870019
OMNt,2211496.16467975,2055851.83532025
PAKr101,50328449.1484532,47821965.8515467
PAKr102,21802723.7718509,20724883.2281492
PAKr103,13435824.9167169,12760006.083283
PAKr104,4792491.7909869,4622120.2090131
PAKr105,602994.063359655,602335.936640345
PAKr106,4417013.95408179,4197650.04591821
PAKr107,11721980.5478875,11302333.4521125
PAKr108,1841478.54162997,1770967.45837003
PANr101,76632.5658298941,75043.4341701059
PANr102,132883.97937556,127211.02062444
PANr103,142060.464932003,132479.535067997
PANr104,237560.650391346,222188.349608654
PANr105,27049.7143239827,27001.2856760173
PANr106,63322.2585008521,59224.7414991479
PANr107,50689.6380406964,47808.3619593036
PANr108,1059544.49682825,985377.503171747
PANr109,128146.840565608,124685.159434392
PANr110,21383.716941421,20523.283058579
PANr111,5943.45646024591,5842.54353975409
PANr112,100289.04234527,95515.9576547303
PERr101,3302768.98575457,3242954.01424543
PERr102,1422321.81562631,1422426.18437369
PERr103,1732197.44642313,1732324.55357687
PERr104,1734938.81127251,1662548.18872749
PERr105,5754604.5830646,5338570.4169354
PERr106,1568292.88177207,1556785.11822793
PHLr101,7568506.58611398,7283494.41388602
PHLr102,918624.550614127,904494.449385873
PHLr103,2630748.78379966,2624517.21620034
PHLr104,1845041.6070322,1846467.3929678
PHLr105,5205965.15928253,5181775.84071747
PHLr106,7388934.38953311,7246479.61046689
PHLr107,1329735.5191168,1322324.4808832
PHLr108,3061780.36634448,3054950.63365552
PHLr109,3552938.1990324,3548285.8009676
PHLr110,3366655.28541173,3362266.71458827
PHLr111,2153344.01749368,2146401.98250632
PHLr112,1947680.12453832,1938872.87546168
PHLr113,2251063.63868308,2244812.36131692
PHLr114,2691634.82722818,2688126.17277182
PHLr115,2433620.99720412,2415568.00279588
PHLr116,1424622.15597838,1420513.84402162
PHLr117,1594637.71069888,1518821.28930112
PNGr101,98481.9745961482,93591.0254038518
PNGr102,75580.9596442107,71737.0403557893
PNGr103,158882.3257278,150915.6742722
PNGr104,115050.094358417,114642.905641583
PNGr105,216252.927259527,205513.072740473
PNGr106,114873.086848683,109225.913151317
PNGr107,304870.193870588,291942.806129412
PNGr108,154153.785648974,147617.214351026
PNGr109,197207.066112667,187830.933887334
PNGr110,274769.729296438,260992.270703562
PNGr111,345776.744462843,328384.255537157
PNGr112,406929.645142513,389010.354857488
PNGr113,288044.11135596,273743.88864404
PNGr114,244747.00815888,232557.99184112
PNGr115,156308.988834863,148543.011165137
PNGr116,38146.1642890439,36688.8357109561
PNGr117,116568.319916992,111827.680083008
PNGr118,148150.117952973,142188.882047027
PNGr119,143836.955504679,137503.044495321
PNGr120,149667.42422781,143266.57577219
PNGr121,240137.304340077,231491.695659923
PNGr122,159009.973983471,151193.026016529
POLr101,1273179.17017244,1194608.82982756
POLr102,2695075.44883628,2580704.55116372
POLr103,1704292.31826437,1625373.68173563
POLr104,2318525.75263197,2203640.24736803
POLr105,1093886.6883702,1023217.3116298
POLr106,1085450.66416918,1015947.33583082
POLr107,642588.991740118,601969.008259882
POLr108,607347.77687716,568458.22312284
POLr109,1757668.52822826,1673940.47177174
POLr110,874464.763741052,818471.236258948
POLr111,520416.25153716,486670.74846284
POLr112,1469471.11976071,1400456.88023929
POLr113,509486.568197168,477251.431802832
POLr114,1065691.47175969,996588.528240307
POLr115,735051.089891201,689594.910108799
POLr116,1167199.38245562,1109436.61754438
PRTr101,1872813.7598446,1739968.2401554
PRTr102,228970.351631956,212728.648368044
PRTr103,1170940.98454221,1089234.01545779
PRTr104,1441576.77917934,1369346.22082066
PRTr105,377587.600717129,351290.399282871
PRTr106,127163.003564053,118895.996435947
PRTr107,133273.662444168,124285.337555832
PRYr101,601770.09301613,599929.906983871
PRYr102,778544.917913993,775853.082086007
PRYr103,348238.061523344,346722.938476656
PRYr104,443540.620964588,441113.379035412
PRYr105,1198674.80036709,1154359.19963291
PSEr101,462700.342734848,460407.657265152
PSEr102,201174.963081383,199103.036918617
PSEr103,194468.983784846,193042.016215155
PSEr104,407042.877772659,407264.122227342
PSEr105,480017.70501316,478148.29498684
PSEr106,393389.066724889,393417.933275111
QATt,1329835.09461488,1235874.90538512
ROUr101,1667701.51524337,1596295.48475663
ROUr102,1274014.36059945,1206944.63940055
ROUr103,1556350.99372973,1490019.00627027
ROUr104,1030110.03831347,974308.961686529
ROUr105,936282.097594559,870712.902405441
ROUr106,1335721.14017415,1245304.85982585
ROUr107,1214258.2259506,1131846.7740494
ROUr108,1164799.33000964,1120925.66999036
RUSr101,19734608.1896267,18414693.8103733
RUSr102,8271334.82237766,7748283.17762234
RUSr103,6897193.32922046,6584371.67077954
RUSr104,3186106.13214578,3058439.86785422
RUSr105,9782155.47563691,9327232.52436308
RUSr106,6193392.92435778,5798370.07564222
RUSr107,15125136.9333931,14550226.0666069
RUSr108,4851501.62311553,4573823.37688447
RWAr101,642040.776854967,626406.223145033
RWAr102,1415124.56256617,1342216.43743383
RWAr103,1334284.88723594,1268323.11276406
RWAr104,954609.050398823,907416.949601177
RWAr105,1473811.61159413,1404837.38840587
SAUr101,5031750.02407464,4772814.97592536
SAUr102,4566616.43843,4266436.56157
SAUr103,3185304.64578869,2959359.35421131
SAUr104,3195803.24436505,2971379.75563495
SAUr105,406017.679766671,384703.320233329
SDNr101,433518.150514209,424680.84948579
SDNr102,744966.207532183,717006.792467817
SDNr103,502191.894477889,477384.105522111
SDNr104,821646.131297977,792436.868702023
SDNr105,1002067.69334994,967199.306650055
SDNr106,2749087.17736853,2693046.82263147
SDNr107,3281596.31962163,3120272.68037837
SDNr108,1007965.62183224,965970.378167758
SDNr109,756926.563717367,723719.436282633
SDNr110,820706.611006212,789875.388993788
SDNr111,1275166.33818031,1227071.66181969
SDNr112,1748640.55264698,1685322.44735302
SDNr113,1559065.15809147,1500262.84190853
SDNr114,605839.096097242,583812.903902758
SDNr115,2508144.97828852,2416968.02171148
SENr101,1602949.66086621,1554598.33913379
SENr102,321705.645931038,305459.354068962
SENr103,853701.311298346,822967.688701654
SENr104,742466.079424188,712026.920575812
SENr105,410705.794600687,395920.205399313
SENr106,928968.601220237,894796.398779763
SENr107,1019309.90093962,967442.099060379
SENr108,501784.226397557,483719.773602443
SENr109,392158.069362723,375397.930637277
SENr110,658121.85147454,633821.14852546
SGPt,2816478.25873319,2718523.74126681
SLBt,309313.780361072,293804.219638928
SLEr101,303141.182237228,291980.817762772
SLEr102,168440.543355122,162303.456644878
SLEr103,186499.913597231,179708.086402769
SLEr104,375011.217329519,361347.782670481
SLEr105,291944.41674952,281312.58325048
SLEr106,235925.949835887,227330.050164113
SLEr107,372590.620425065,359015.379574935
SLEr108,227573.286290766,219281.713709234
SLEr109,310030.734428817,298394.265571183
SLEr110,120707.981716809,116310.018283191
SLEr111,183439.18177073,176758.81822927
SLEr112,148153.170778585,142757.829221415
SLEr113,189222.975717462,181888.024282538
SLEr114,544044.644513148,516762.355486852
SLVr101,669510.023602557,661801.976397443
SLVr102,1466418.44907002,1463821.55092998
SLVr103,406963.847071951,401766.152928049
SLVr104,632779.49911177,621998.50088823
SOMr101,773276.622607671,744829.377392329
SOMr102,275298.839350817,265137.160649183
SOMr103,255142.426856137,245557.573143863
SOMr104,148227.139144725,142755.860855275
SOMr105,331595.841270924,319356.158729076
SOMr106,298703.285342522,287677.714657478
SOMr107,149421.685359777,143906.314640223
SOMr108,283633.337886174,273083.662113826
SOMr109,282327.559468208,271906.440531792
SOMr110,544202.144488425,524114.855511575
SOMr111,325199.797656344,313196.202343656
SOMr112,200587.996670928,193184.003329072
SOMr113,291464.182458898,280705.817541102
SOMr114,508568.499782543,489796.500217457
SOMr115,761588.160770246,733476.839229754
SOMr116,904346.517579537,871077.482420463
SOMr117,337640.397939496,325177.602060504
SOMr118,357108.699537298,343927.300462702
SRBr101,831783.43366189,772908.56633811
SRBr102,965469.965343352,922895.034656648
SRBr103,997279.845622715,954234.154377285
SRBr104,843408.576451073,807474.423548927
SSDr101,659672.540033335,634457.459966665
SSDr102,796569.262319847,767166.737680153
SSDr103,386849.079781802,372569.920218198
SSDr104,739527.006193932,712229.993806068
SSDr105,507811.01994383,489066.98005617
SSDr106,206238.580319609,198813.419680391
SSDr107,432381.158105892,416298.841894108
SSDr108,425048.416172998,408308.583827002
SSDr109,720517.975237173,683233.024762827
SSDr110,590524.432782568,568266.567217432
STPr101,65870.3136300318,64550.6863699682
STPr102,12538.801546925,11933.198453075
STPr103,19064.988277422,18139.011722578
STPr104,3735.36302883336,3601.63697116664
SURr101,117308.757233196,112161.242766804
SURr102,82943.1912578219,80606.8087421781
SURr103,30023.5185725872,29212.4814274128
SURr104,26617.4880047177,26346.5119952823
SURr105,27564.7653608034,26355.2346391966
SVKr101,320233.884657822,308995.115342178
SVKr102,949973.164290168,883520.835709832
SVKr103,697051.530726175,647580.469273825
SVKr104,837998.700724904,778446.299275096
SVNr101,60392.1515847922,56314.8484152078
SVNr102,166023.394379709,157435.605620291
SVNr103,36646.4142785838,34679.5857214162
SVNr104,130425.370450165,123630.629549835
SVNr105,29907.5499754043,27821.4500245957
SVNr106,38864.4353430014,36778.5646569986
SVNr107,73102.3913005248,69315.6086994753
SVNr108,274532.068449324,260155.931550676
SVNr109,103761.871112166,100153.128887834
SVNr110,26942.8433696864,25612.1566303136
SVNr111,60636.0946013217,57589.9053986783
SVNr112,57807.8780559863,55001.1219440137
SWEr101,1130115.75426092,1084931.24573908
SWEr102,830968.136020028,799059.863979972
SWEr103,423033.225474468,406985.774525532
SWEr104,739790.993086082,711237.006913918
SWEr105,996480.960698651,956556.039301349
SWEr106,427062.429792042,408956.570207958
SWEr107,189407.368775224,181601.631224776
SWEr108,261525.650167665,251483.349832335
SWZr101,140047.154781054,135963.845218946
SWZr102,209467.487299274,200243.512700726
SWZr103,101267.004059054,96257.9959409463
SWZr104,113138.657414239,107659.342585761
TCDr101,582948.296010104,554113.703989896
TCDr102,829728.235165294,799101.764834706
TCDr103,916345.31609013,882521.68390987
TCDr104,719461.68618929,692905.31381071
TCDr105,778045.390863924,749326.609136076
TCDr106,888274.430158167,855983.569841833
TCDr107,1561787.58666084,1503116.41333916
TCDr108,915456.501238995,881858.498761005
TGOr101,643865.330742879,613933.669257121
TGOr102,933437.52385042,885964.47614958
TGOr103,879822.310814908,845845.689185091
TGOr104,366677.641842761,352236.358157239
TGOr105,447934.74166008,431040.25833992
TGOr106,469834.658149451,452591.341850549
THAr101,4481018.25436359,4213867.74563641
THAr102,9802847.94379667,9441049.05620333
THAr103,5692629.68917991,5577262.31082009
THAr104,10329560.9354958,10120221.0645042
THAr105,4589674.34132242,4465691.65867758
TJKr101,362040.696287003,356606.303712997
TJKr102,1554528.38183385,1527175.61816615
TJKr103,1255024.65597905,1245302.34402095
TJKr104,989238.93008309,980196.06991691
TJKr105,92203.4682439185,91786.5317560815
TKMr101,340005.794998787,333115.205001213
TKMr102,369988.379397218,369081.620602782
TKMr103,187744.859655086,187300.140344914
TKMr104,658289.660387301,656676.339612699
TKMr105,540787.059258963,539601.940741037
TKMr106,692140.140366303,690443.859633697
TLSr101,23924.9930099942,22962.0069900058
TLSr102,31624.5144864687,30054.4855135313
TLSr103,70765.2186171067,67917.7813828933
TLSr104,49514.8033917725,47397.1966082275
TLSr105,35842.1532970418,34472.8467029582
TLSr106,121926.483794354,120808.516205646
TLSr107,60560.5824776137,57583.4175223863
TLSr108,34079.3198490984,33085.6801509016
TLSr109,40243.4994100171,38679.5005899829
TLSr110,27788.8455901998,26692.1544098002
TLSr111,31566.7449394906,30441.2550605094
TLSr112,40314.4309496621,38332.5690503379
TLSr113,40673.0527278275,39018.9472721724
TONt,50274.4735212187,50506.5264787813
TTOr101,165819.432985809,155933.567014191
TTOr102,53086.1503606954,50743.8496393046
TTOr103,270035.523959187,253936.476040813
TTOr104,186495.846548565,177641.153451435
TTOr105,28935.066473997,27686.933526003
TUNr101,1384483.97280152,1325683.02719848
TUNr102,804719.372046027,792914.627953973
TUNr103,609739.79074077,610071.20925923
TUNr104,723805.053897255,718197.946102744
TUNr105,1286569.31189263,1259889.68810737
TUNr106,310401.633587922,305742.366412078
TUNr107,527650.657221809,519910.342778191
TURr101,7549866.47001079,7025070.52998922
TURr102,1743422.40459252,1639482.59540748
TURr103,5205441.33265987,4915473.66734013
TURr104,3861588.099316,3583635.900684
TURr105,3943225.98384894,3658147.01615106
TURr106,5115121.63870704,4897875.36129296
TURr107,1994550.79600346,1911207.20399654
TURr108,2306548.52310779,2209369.47689221
TURr109,1324279.53019837,1255781.46980163
TURr110,1124642.31337982,1084949.68662018
TURr111,1934727.21207959,1893794.78792041
TURr112,4213755.21780048,4137441.78219952
TZAr201,1255170.5960264,1210847.4039736
TZAr202,1743422.72997773,1664727.27002227
TZAr203,709386.634391022,684248.365608978
TZAr204,1235005.57338096,1177470.42661904
TZAr205,1298933.34860834,1241219.65139166
TZAr206,584911.181146071,558517.818853929
TZAr207,2230511.45913608,2167135.54086392
TZAr208,571354.043337113,550966.956662887
TZAr209,813315.361593953,784705.638406047
TZAr210,745626.518406599,709272.481593401
TZAr211,903982.990534372,861356.009465628
TZAr212,1593030.95765814,1521668.04234186
TZAr213,857796.770969421,820022.229030579
TZAr214,1555304.57558365,1499674.42441635
TZAr215,868077.197372082,837027.802627918
TZAr216,1144396.93486984,1096642.06513016
TZAr217,2121321.53937891,2045682.46062109
TZAr218,1326322.7523218,1270976.2476782
TZAr219,2870349.10913103,2744861.89086897
TZAr220,1095005.52515486,1045642.47484514
TZAr221,119366.189746792,113849.810253208
TZAr222,70566.5913642985,67921.4086357015
TZAr223,309289.793318004,308502.206681996
TZAr224,126673.174344552,120957.825655448
TZAr225,118540.369699029,113131.630300971
UGAr101,2309739.27012715,2194227.72987285
UGAr102,2140329.21461915,2028905.78538085
UGAr103,832603.457887525,822974.542112475
UGAr104,1966636.24821381,1863311.75178619
UGAr105,3442850.28723144,3265337.71276856
UGAr106,2586950.97045295,2486379.02954705
UGAr107,1339470.23345374,1282118.76654626
UGAr108,2579487.73288787,2452495.26711213
UGAr109,2380810.89016154,2250309.10983846
UKRr101,4056798.32804547,3879474.67195453
UKRr102,2621248.90910524,2524505.09089476
UKRr103,7204237.72677294,6886530.27322706
UKRr104,3520192.74165556,3368507.25834444
UKRr105,5644003.11982433,5448536.88017567
URYr101,891247.893137355,829189.106862645
URYr102,156277.781771436,149540.218228564
URYr103,240047.932062248,224088.067937752
URYr104,149547.854885254,143271.145114746
URYr105,78446.4055992525,75093.5944007475
URYr106,89912.0577335363,83929.9422664637
URYr107,154030.089224352,147352.910775648
USAr101,2488791.54822262,2362675.45177738
USAr102,376296.354049599,359585.645950401
USAr103,3484372.39408074,3334247.60591926
USAr104,1526526.33017955,1448546.66982045
USAr105,19934314.7219713,19049064.2780287
USAr106,2776252.93517725,2652964.06482275
USAr107,1835202.16940587,1753703.83059413
USAr108,482201.389093466,460787.610906534
USAr109,342093.916787971,326902.083212029
USAr110,10336949.7189704,9878559.28102959
USAr111,5214592.54015785,4978304.45984215
USAr112,725604.967296087,693382.032703913
USAr113,849112.070316327,812527.929683673
USAr114,6561633.22125042,6270241.77874958
USAr115,3378743.37171796,3233169.62828204
USAr116,1593109.70338127,1522362.29661873
USAr117,1484433.64473812,1418541.35526188
USAr118,2267083.63248925,2153964.36751075
USAr119,2386412.69682016,2263991.30317984
USAr120,680370.853277993,650451.146722007
USAr121,3064324.32577226,2928242.67422774
USAr122,3462963.27903952,3309178.72096048
USAr123,5069935.50676798,4844319.49323202
USAr124,2807890.93110785,2683197.06889215
USAr125,1539350.95380169,1447101.04619831
USAr126,3102790.6360087,2969106.3639913
USAr127,527399.858762141,504207.141237859
USAr128,967084.830984785,924138.169015215
USAr129,1477926.53607521,1410957.46392479
USAr130,680414.550907618,650198.449092382
USAr131,4575319.7484319,4372137.2515681
USAr132,1067163.25650437,1016341.74349563
USAr133,10095942.6841923,9647598.31580772
USAr134,5130198.7509178,4909163.24908219
USAr135,379540.896471407,362686.103528593
USAr136,5929237.28785259,5671391.71214741
USAr137,1995199.38933214,1892216.61066786
USAr138,2056207.41078264,1964894.58921736
USAr139,6532921.40575173,6242932.59424827
USAr140,539398.557851692,515712.442148308
USAr141,2509031.67631531,2379695.32368469
USAr142,438604.519629026,419344.480370974
USAr143,3386922.90131798,3210121.09868202
USAr144,13986100.5947923,13363708.4052077
USAr145,1530074.04799575,1462125.95200425
USAr146,319548.309951485,305357.690048515
USAr147,4276292.08267067,4086388.91732933
USAr148,3665006.9951928,3502250.0048072
USAr149,942598.334856324,892962.665143676
USAr150,2947146.48731015,2816268.51268984
USAr151,296897.875503263,283713.124496737
UZBr101,1720593.87215326,1720720.12784674
UZBr102,3361996.80860386,3363824.19139614
UZBr103,2907173.29112938,2894703.70887062
UZBr104,2278202.99307593,2252626.00692407
UZBr105,4374152.40709017,4378897.59290983
UZBr106,1046139.1244685,999243.875531503
VCTt,55125.4907854764,54022.5092145236
VENr101,1246229.19672721,1157609.80327279
VENr102,45087.176351315,43653.823648685
VENr103,828268.449660073,792540.550339927
VENr104,242250.04750428,242066.95249572
VENr105,981187.85606844,922691.14393156
VENr106,408922.608090929,406896.391909071
VENr107,802875.301290715,768599.698709285
VENr108,1290229.8741834,1219798.1258166
VENr109,168728.917440744,163976.082559256
VENr110,62343.3663493682,60089.6336506318
VENr111,509605.833680439,490013.166319561
VENr112,411271.271931323,402742.728068677
VENr113,1021390.31183948,991083.688160523
VENr114,480817.996817626,462247.003182374
VENr115,1570949.06579681,1468819.93420319
VENr116,479521.778594066,459633.221405934
VENr117,247673.443222916,234538.556777084
VENr118,474362.235139712,472011.764860288
VENr119,524395.564155912,511021.435844087
VENr120,661056.470738633,632161.529261367
VENr121,397028.952941815,386603.047058185
VENr122,334481.770336663,326115.229663337
VENr123,1980130.17053187,1908547.82946813
VENr124,199930.978149671,189328.021850329
VNMr101,11048213.1945873,10831917.8054127
VNMr102,6336792.96862487,6274704.03137513
VNMr103,9879269.10269861,9890604.89730139
VNMr104,2943700.57423299,2909783.42576701
VNMr105,7709429.74506134,7629553.25493866
VNMr106,8649697.59955098,8573410.40044902
VUTr101,19557.9874039195,18587.0125960805
VUTr102,20519.8366163721,19694.1633836279
VUTr103,24689.5278323402,23514.4721676598
VUTr104,15941.300913766,15146.699086234
VUTr105,19911.0694543091,18922.9305456909
VUTr106,5956.8549724783,5664.1450275217
VUTr107,23761.7332425229,23710.2667574771
VUTr108,7798.25351596524,7796.74648403476
WSMt,96877.3036384519,96635.6963615481
KSVr101,91831.228961542,90060.771038458
KSVr102,97905.9919672945,95409.0080327054
KSVr103,129485.201581569,125000.798418431
KSVr104,97406.6448772515,95908.3551227485
KSVr105,156543.68713597,155816.31286403
KSVr106,238050.297317699,229444.702682301
KSVr107,100966.434580725,97970.565419275
YEMr101,1484312.78543586,1424095.21456414
YEMr102,1460087.42838981,1385255.57161019
YEMr103,1912800.39356622,1817837.60643378
YEMr104,1812546.567964,1746914.432036
YEMr105,1769750.35693443,1687694.64306557
YEMr106,1311365.01622091,1244885.98377909
YEMr107,1766946.14962578,1700567.85037422
YEMr108,2022771.68351524,1949527.31648476
ZAFr101,3061199.88244829,2982090.11755171
ZAFr102,3534984.97000308,3531593.02999692
ZAFr103,585487.47988397,587783.52011603
ZAFr104,1473735.7342805,1474955.2657195
ZAFr105,5174218.20009241,5178790.79990759
ZAFr106,1917964.33757184,1916449.66242816
ZAFr107,6870445.38077611,6769193.61922389
ZAFr108,2230933.52329216,2229330.47670784
ZAFr109,2932357.14219005,2935303.85780995
ZMBr101,771610.566797279,733295.433202721
ZMBr102,1216500.53433714,1204989.46566286
ZMBr103,1027474.2848276,984048.715172398
ZMBr104,646407.491819459,614949.508180541
ZMBr105,1320798.0240307,1309619.9759693
ZMBr106,1149067.40356,1092304.59644
ZMBr107,398456.385278196,378670.614721804
ZMBr108,1033427.40559243,983514.59440757
ZMBr109,520345.442899502,493881.557100498
ZWEr101,1024422.12965958,973172.870340423
ZWEr102,687514.407787092,655820.592212908
ZWEr103,721350.478792931,686912.521207069
ZWEr104,841052.634740578,801230.365259422
ZWEr105,372098.716181559,354550.283818441
ZWEr106,342796.792255643,326107.207744357
ZWEr107,891174.23170446,849330.76829554
ZWEr108,865551.822471024,824253.177528976
ZWEr109,986784.93245878,974754.06754122
ZWEr110,318235.597054998,317375.402945002
