"country","GDLCODE","X1","X2","X3","X4","X5","X6","X7"
"Benin","BENr101",690260,237580,164450,98650,59630,37040,40000
"Benin","BENr102",926270,407270,328760,201780,114390,61130,46720
"Benin","BENr103",1122900,400130,261400,140410,77000,45240,43080
"Benin","BENr104",636110,238650,151120,96450,54790,35170,36810
"Benin","BENr105",816820,316990,251320,146650,86500,54720,45380
"Benin","BENr106",775010,297420,201800,125460,71690,46190,49960
"BurkinaFaso","BFAr101",740709.186934455,265511.163794526,170748.133295493,116046.761400012,76037.0904146839,50698.3252922192,45489.1659461564
"BurkinaFaso","BFAr102",263899.547629576,107458.406869378,67989.407113581,42972.9652241062,28624.3825942328,17852.548098183,11936.3571442714
"BurkinaFaso","BFAr103",674206.625702085,437174.279170764,300540.420953978,165466.191283916,92361.202537076,51135.0212853023,35517.9407707589
"BurkinaFaso","BFAr104",582250.926587158,195400.661857398,132890.749704646,89533.0761056807,58870.7788770601,42525.8717073782,42203.5484743883
"BurkinaFaso","BFAr105",629850.789833216,212369.42044577,133826.526832681,95189.3289684714,63154.5586187324,40966.2431606529,38772.3656715925
"BurkinaFaso","BFAr106",610209.867668121,207149.863576063,132651.606660815,94752.6329753883,64599.8144053646,47620.6582933478,45094.0600476527
"BurkinaFaso","BFAr107",317176.458785715,108196.631048161,72491.5348517949,52892.2027812795,37763.8058780435,28385.2395504016,27678.2079425528
"BurkinaFaso","BFAr108",638355.964174691,218795.090058279,145866.859213401,91768.5436893204,53536.8492472593,34842.1017338446,27688.6054661976
"BurkinaFaso","BFAr109",691788.838185502,319682.26198412,202543.760601401,128347.031871853,76598.556691505,46061.0297466224,34509.3809772099
"BurkinaFaso","BFAr110",617373.761459413,201192.082527572,129573.939661943,93109.8242395042,62801.042814808,45613.9362298945,48681.205705121
"BurkinaFaso","BFAr111",354035.680106658,116254.711872909,76380.2086949635,55689.1366417403,39021.9062390686,27802.9782262908,27605.4252770389
"BurkinaFaso","BFAr112",481415.74227954,177142.610337067,117918.315656082,80102.5221598147,54867.7322737983,33719.1691802024,26524.082817976
"BurkinaFaso","BFAr113",312684.728571146,101563.010962756,74487.8593916034,56240.2053949166,39229.8567119653,28239.6742193739,20971.8051916337
"Egypt","EGYr101",4318670,3160880,2245060,1773250,1335680,836130,410680
"Egypt","EGYr114",4318670,3160880,2245060,1773250,1335680,836130,410680
"Egypt","EGYr102",1163230,895240,666300,554830,430630,276350,120750
"Egypt","EGYr103",163930,119700,86290,71810,61350,36370,19160
"Egypt","EGYr104",169790,110300,77920,63600,48100,25240,14040
"Egypt","EGYr105",357780,239420,173660,142640,95930,54340,28470
"Egypt","EGYr106",1643140,1124260,747190,622060,447250,252750,139540
"Egypt","EGYr107",1881760,1253700,792290,630200,420300,236300,132270
"Egypt","EGYr108",1438690,966500,700050,506980,340940,187710,92210
"Egypt","EGYr109",867220,623250,399700,325780,219960,121170,58670
"Egypt","EGYr110",1267440,917370,615630,503820,371830,217620,110660
"Egypt","EGYr111",2661300,1918400,1248410,950880,656600,372400,199400
"Egypt","EGYr112",2661300,1918400,1248410,950880,656600,372400,199400
"Egypt","EGYr113",327350,213240,150390,108840,82090,43930,23470
"Egypt","EGYr115",894380,533440,307540,229520,157580,99340,66020
"Egypt","EGYr116",975490,601010,348320,256400,167590,98850,62210
"Egypt","EGYr117",1641210,935660,549670,422160,298790,185590,116300
"Egypt","EGYr118",1377380,793660,450020,336290,236090,143770,92810
"Egypt","EGYr119",1482180,856710,488170,377480,263750,166660,105150
"Egypt","EGYr120",1263530,815790,478250,364540,243470,154250,113150
"Egypt","EGYr121",394450,279390,183050,137880,92180,55320,36050
"Egypt","EGYr122",443740,242410,198310,138100,80300,40330,22650
"Ethiopia","ETHr101",1998718.62,830494.95,527392.8,374639.98,239381.68,177016.88,163460.56
"Ethiopia","ETHr102",656119.77,307870.78,170737.92,138867.94,68179.05,28942.03,14063.9
"Ethiopia","ETHr103",7931192.91,3562711.89,2177040.87,1497114.08,973523.08,633672.57,560289.34
"Ethiopia","ETHr104",15648715.51,6428002.13,3808980.48,2438631.22,1360733.63,857743.52,782692.76
"Ethiopia","ETHr105",15648715.51,6428002.13,3808980.48,2438631.22,1360733.63,857743.52,782692.76
"Ethiopia","ETHr106",382589.85,176469.65,104984.49,62063.75,36263.79,17485.07,15730.04
"Ethiopia","ETHr107",7581396.14,2903972.61,1915371.4,1217951.28,613848.44,361350.25,294126.2
"Ethiopia","ETHr108",145621.44,73639.85,46964.61,30789.68,14377.02,6758.77,3658.5
"Ethiopia","ETHr109",72952.38,43738.94,27608.56,16670.22,8761.93,5666.44,5610.83
"Ethiopia","ETHr110",728189.09,853920.62,578614.09,280004.84,162612.77,94429.69,78602
"Ethiopia","ETHr111",135801.62,85085.61,55390.08,31219.07,16791.84,10846.76,8785.19
"Ghana","GHAr101",957400,453400,342170,237550,150590,82510,77290
"Ghana","GHAr102",909400,385870,278270,207090,147980,92740,99820
"Ghana","GHAr103",1307020,829440,753910,457900,274760,147730,124410
"Ghana","GHAr104",853430,385060,271880,203620,150080,97780,122550
"Ghana","GHAr105",1051400,469540,339100,263190,193120,117930,135200
"Ghana","GHAr106",1878110,938930,715180,481150,302390,169180,177900
"Ghana","GHAr107",983230,444260,315080,219190,141080,80970,93000
"Ghana","GHAr108",1167330,475220,318940,203650,111890,77190,92990
"Ghana","GHAr110",456730,184710,123400,93870,62290,46170,61750
"Ghana","GHAr109",314310,126750,85050,60040,40220,29110,38320
"Guinea","GINr101",523930,207020,139570,88140,52510,39210,33950
"Guinea","GINr102",645930,427500,268490,146700,83320,50640,31540
"Guinea","GINr103",477280,154020,108260,77950,51190,38400,32240
"Guinea","GINr104",1024400,361690,242830,141470,85870,59120,50800
"Guinea","GINr105",755540,296080,197640,129200,76830,55670,49820
"Guinea","GINr106",473500,157310,111460,87930,61460,52350,55200
"Guinea","GINr107",338640,104570,81620,68600,49540,43640,46050
"Guinea","GINr108",756490,287290,195720,137200,86980,58100,50760
"Kenya","KENr101",991350,800740,729240,326070,149610,55100,28690
"Kenya","KENr102",1640290,818470,715300,472360,285900,191680,202490
"Kenya","KENr103",1471670,667110,500130,273390,172650,102300,87490
"Kenya","KENr104",2480370,1053080,752860,479540,340730,227560,255890
"Kenya","KENr108",1254980,445740,234940,175140,92710,47730,43030
"Kenya","KENr105",2622920,1099980,651900,374290,280860,177750,179300
"Kenya","KENr106",4721340,2014720,1348280,767270,472970,272770,263280
"Kenya","KENr107",2141530,814970,494840,313390,232950,144200,149470
"Lesotho","LSOr101",40470,24780,14600,10400,7590,5010,5250
"Lesotho","LSOr102",104230,66370,40320,27320,20770,12980,14570
"Lesotho","LSOr103",88930,59240,37050,24790,17950,11390,12610
"Lesotho","LSOr104",137530,99930,70450,41500,28950,16860,17810
"Lesotho","LSOr105",66400,43950,24300,16890,14350,9580,11850
"Lesotho","LSOr106",62570,39100,22090,14770,12410,8380,10840
"Lesotho","LSOr107",45310,27720,15680,10890,8710,5900,7760
"Lesotho","LSOr108",26760,15310,9520,5870,4860,3140,3970
"Lesotho","LSOr109",40310,20650,12200,7480,6100,3400,5600
"Lesotho","LSOr110",41610,20140,12410,7800,5510,4230,6110
"Liberia","LBRr105",56890,25710,17600,11560,5760,4190,3820
"Liberia","LBRr103",159300,68460,48470,31940,16310,11390,14240
"Liberia","LBRr108",159300,68460,48470,31940,16310,11390,14240
"Liberia","LBRr107",251680,116710,71740,51050,28870,17820,12940
"Liberia","LBRr110",251680,116710,71740,51050,28870,17820,12940
"Liberia","LBRr113",251680,116710,71740,51050,28870,17820,12940
"Liberia","LBRr114",251680,116710,71740,51050,28870,17820,12940
"Liberia","LBRr115",251680,116710,71740,51050,28870,17820,12940
"Liberia","LBRr101",838030,401440,287620,200250,103660,60690,51810
"Liberia","LBRr102",838030,401440,287620,200250,103660,60690,51810
"Liberia","LBRr104",838030,401440,287620,200250,103660,60690,51810
"Liberia","LBRr106",838030,401440,287620,200250,103660,60690,51810
"Liberia","LBRr109",838030,401440,287620,200250,103660,60690,51810
"Liberia","LBRr111",838030,401440,287620,200250,103660,60690,51810
"Liberia","LBRr112",214560,88020,56240,42870,23560,14280,18860
"Malawi","MWIr111",420316.136241012,164458.014845781,111296.728383345,65396.1043240036,39311.87378471,27418.0262569891,31991.0401462309
"Malawi","MWIr105",417588.373570236,175649.864627346,115358.286771816,68043.638680933,42751.6627408722,28140.0810816062,31248.9282431522
"Malawi","MWIr102",319228.460794615,121144.753907984,90066.3108317553,50654.1516547373,29895.075446995,18231.8843215824,15664.5782784992
"Malawi","MWIr112",1298615.6020739,508156.111363531,360856.927141638,208322.845441271,124664.771177992,90327.0528517559,100736.676573319
"Malawi","MWIr106",172731.559711185,62517.9135647659,47856.189209346,26595.686040064,15654.5497392685,10660.3372023334,12505.5884207993
"Malawi","MWIr109",909267.594977574,392667.453581714,307214.270796124,151340.685531903,80880.1688963486,53512.2853355134,54996.5091416709
"Malawi","MWIr104",405554.126493284,142204.68629265,107365.541004874,61655.4591909177,33806.2057470045,27879.3390616056,34217.375855467
"Malawi","MWIr103",253541.528832918,87759.7468086728,66639.643188622,35521.0859554701,21059.9323846661,16436.7757992703,20227.5636285102
"Malawi","MWIr108",321374.568190004,127903.989349539,94127.8692202266,50293.1242424288,29714.5617408408,23928.094604673,24690.2635862133
"Malawi","MWIr113",892790.705021381,335645.179515423,247363.948666749,135194.737370325,80138.0569932698,64994.9627547719,75906.0134378751
"Malawi","MWIr101",437685.566188746,228399.980981319,177404.858992735,76818.6105078772,42079.750612409,26585.6575008332,21290.5887869743
"Malawi","MWIr107",287137.135256076,110404.188391804,82173.8504571209,46030.9950693416,27498.2545708354,20438.1629523569,23356.4678685178
"Malawi","MWIr110",250392.567514449,97477.4013233116,74161.047611717,38830.5039016319,23175.9541623635,20077.1355400483,23105.7543877479
"Mali","MLIr101",1013504.09368853,352432.406715564,228348.367617682,150313.528416109,105255.314048705,71593.4332636972,60323.6084722243
"Mali","MLIr102",1208570.10689398,421759.224141875,276168.690586926,181719.335762973,124843.091843425,83000.3092453377,66923.1503987557
"Mali","MLIr103",1401422.21625825,470992.228609768,319329.273090471,206757.533966666,133255.926439866,83653.9379984446,70623.5325332805
"Mali","MLIr104",1195898.1430031,408328.207505452,276242.487381631,187243.552966651,137546.682932036,88935.6800195184,69990.9885786609
"Mali","MLIr105",1017805.39257994,327499.632504308,228664.639594992,165020.175361015,122355.085621922,85857.2994403696,75451.9513868769
"Mali","MLIr106",326740.579758764,113531.097454978,81766.8485338294,60418.4900654173,41062.6450540569,27810.8492047759,23056.2271458851
"Mali","MLIr107",301565.330364903,108375.864224828,72805.8091767182,51467.9931075497,34916.426295003,22001.9872215191,18533.5378703548
"Mali","MLIr108",744314.471400906,455895.512892847,274966.857073148,158694.735814819,93816.8108693332,50540.2619741076,35485.7158541606
"Mozambique","MOZr101",610550,199830,148300,89650,54780,34050,25920
"Mozambique","MOZr102",758250,281400,232230,151640,97550,65180,49080
"Mozambique","MOZr103",2012140,674690,551970,361330,214140,127580,95400
"Mozambique","MOZr104",2018970,651480,512310,325190,191410,110280,81150
"Mozambique","MOZr105",932520,322220,221200,132010,83470,53820,45990
"Mozambique","MOZr106",734670,274950,179830,101240,67410,41200,35800
"Mozambique","MOZr107",826600,306270,216530,134830,88420,51570,41290
"Mozambique","MOZr108",608740,223160,142270,103130,78430,62500,68470
"Mozambique","MOZr109",574280,220490,150510,88880,71650,49780,57610
"Mozambique","MOZr110",526740,247220,184050,107100,70870,42120,39400
"Mozambique","MOZr111",436130,266260,178870,105430,73630,33970,22880
"Myanmar","MMRr101",475284.25,249010.16,213444.42,177279.64,123922.24,75148.81,54716.93
"Myanmar","MMRr102",103098.27,48656.44,41215.74,33443.88,23072.42,13781.18,9099.79
"Myanmar","MMRr103",560879.11,217077.59,189470.82,183276.94,143796.89,95272.25,63939.96
"Myanmar","MMRr104",200674.21,75488.32,55776.12,49439.28,40940.25,26686.57,19907.89
"Myanmar","MMRr105",1569272.53,850918.06,790472.46,693014.31,542990.26,343728.78,284889.22
"Myanmar","MMRr106",496719.95,227454.55,194377.29,164587.97,126532.73,80076.92,62548.86
"Myanmar","MMRr107",1450491.4,767659.17,715380.21,651692.24,536465.95,350886.91,268027.7
"Myanmar","MMRr108",1094465.05,584728.37,602746.2,539168.88,423190.12,297418.17,244859.26
"Myanmar","MMRr109",1972331.91,1219562.46,1139808.46,975565.77,744935.86,483751.98,366630.11
"Myanmar","MMRr110",661767,294853.81,267054.88,257484.54,211593.56,145458.89,111269.07
"Myanmar","MMRr111",685325.47,333725.21,289681.98,251835.4,212264.93,142428.01,118683.51
"Myanmar","MMRr112",1796941.79,1335364.82,1190275.93,995929.5,776673.7,488303.84,358032.5
"Myanmar","MMRr113",1901350.91,997195.74,846752.78,697315.98,522369.7,324565.2,209533.55
"Myanmar","MMRr114",1906111.32,965439.21,937144.75,807751.77,678142.52,447363.55,310064.42
"Nepal","NPLr101",2108640.6,1105690.5,812308.500000001,640272.6,488284.2,353249.1,268377.3
"Nepal","NPLr102",3389380.19999999,1894614.3,1466156.7,1088202.6,730239.3,515038.5,408782.7
"Nepal","NPLr103",1808333.1,951928.200000001,653224.5,506784.6,396122.4,319253.4,273350.7
"Nepal","NPLr104",1481595.3,681768.9,470456.1,346007.7,240416.1,184696.2,112314.6
"Nepal","NPLr105",1078231.5,483983.1,338458.5,239986.8,162769.5,136728,98973.9
"Senegal","SENr101",1026016.53494122,636120.828572771,568865.850618785,338138.627725724,221453.583548127,139754.696437326,87056.1287240223
"Senegal","SENr102",223191.200288831,111524.014454738,71107.8450736268,46846.5313330855,34677.9140970937,24136.6125391337,21872.2107232291
"Senegal","SENr103",658105.740381795,265576.648642548,186274.394621606,114650.664577793,80308.4337147693,55121.1710533673,50654.198017252
"Senegal","SENr104",1027708.19123913,426547.469482176,281425.861338465,187566.647071541,128864.001513208,86964.677842958,77854.6000738235
"Senegal","SENr108",1027708.19123913,426547.469482176,281425.861338465,187566.647071541,128864.001513208,86964.677842958,77854.6000738235
"Senegal","SENr105",371751.081557864,145795.334634588,97130.8557868682,62189.919155739,41342.5683063076,26014.5706319272,18914.8422310823
"Senegal","SENr106",1043469.75309059,395446.599847367,252884.766365268,171442.981731467,115566.193398264,78031.8717817106,66624.0918758465
"Senegal","SENr109",1043469.75309059,395446.599847367,252884.766365268,171442.981731467,115566.193398264,78031.8717817106,66624.0918758465
"Senegal","SENr107",738321.073199603,327065.201041116,239672.299072522,153650.390312475,104244.674323462,74946.7320585787,59387.0921524898
"Senegal","SENr110",541047.172605563,196636.604454144,128263.405726894,86106.7195771389,57538.6143437179,36096.3577627919,26835.6985429119
"Tanzania","TZAr201",981889.28,345968.57,261390.55,178073.46,118254.29,72485.8,89996.71
"Tanzania","TZAr202",1435435.72,578264.65,421458.86,282620.95,160645.13,92004.27,95620.24
"Tanzania","TZAr203",648466.08,275867.26,197689.19,165201.68,123176.74,89279.88,104469.72
"Tanzania","TZAr204",928491.07,344809.28,264416.87,189347.99,129799.9,78849.49,86757.16
"Tanzania","TZAr205",953047.68,394246.89,318788.39,209988.94,131469.37,85484.17,81591.22
"Tanzania","TZAr206",456404.5,189306.71,155617.96,103838.12,64507.11,46044.2,60582.17
"Tanzania","TZAr207",1436281.2,1050858.64,861394.91,477680.14,242598.43,123897.45,81610.48
"Tanzania","TZAr208",353885.94,134120.58,121175.73,90463.45,64379.79,41429.01,47440.94
"Tanzania","TZAr209",508215.72,195977.49,172700.42,135058.8,95369.07,69512.17,75049.21
"Tanzania","TZAr210",614070.92,235956.96,185506.1,130153.18,83966.2,52829.98,48862.97
"Tanzania","TZAr211",718699.42,294336.73,224939.18,148982.69,95555.68,64271.28,65451.74
"Tanzania","TZAr212",1219678.67,518828.67,371290.04,236995.17,149294.95,87697.91,94865.81
"Tanzania","TZAr213",663012.07,220800.63,157503.97,113577.14,82555.05,47397.39,58870.61
"Tanzania","TZAr214",1148480.17,421342.01,276253,173353.2,100092.88,63719.23,71746.98
"Tanzania","TZAr215",813178.78,282454.63,197262.91,114982.89,65001.64,41824.75,35814.64
"Tanzania","TZAr216",1009304.44,352043.77,235718.27,157102.09,97410.62,60934.96,66929.93
"Tanzania","TZAr217",5054141.04,1812663.08,1211107.86,816324.84,476544.17,269951.63,279395.57
"Tanzania","TZAr218",5054141.04,1812663.08,1211107.86,816324.84,476544.17,269951.63,279395.57
"Tanzania","TZAr219",5054141.04,1812663.08,1211107.86,816324.84,476544.17,269951.63,279395.57
"Tanzania","TZAr220",885555.04,298191.12,196778.35,132400.07,81857.68,53198.52,54054.24
"Tanzania","TZAr221",82525.36,36803.91,21657.21,17740.07,12924.67,5938.59,5568.87
"Tanzania","TZAr222",45886.17,23105.66,16720.39,10802.9,7078.1,4050.73,3637.78
"Tanzania","TZAr223",248518.92,127263.73,91624.39,59554.59,35109.14,16215.61,10263.02
"Tanzania","TZAr224",105328.9,38826.72,21605.28,16732.28,14576.28,6789.16,5757.52
"Tanzania","TZAr225",97286.61,36211.23,20527.77,15146.42,12317.45,6492.18,5594.26
"Uganda","UGAr101",2029080,880910,651720,379570,201440,108040,101980
"Uganda","UGAr102",1812290,706610,471470,311560,184710,100190,96080
"Uganda","UGAr103",548960,430220,308750,139150,61780,25260,15740
"Uganda","UGAr104",2474130,870610,527640,382110,239980,124790,126420
"Uganda","UGAr105",2295140,821060,480380,346110,226080,131300,144850
"Uganda","UGAr106",2327580,868510,562230,350170,211930,128510,126950
"Uganda","UGAr107",1424980,494490,315910,212280,130950,75870,70680
"Uganda","UGAr108",2331860,888520,605850,380610,221440,122710,111040
"Uganda","UGAr109",2048060,810240,561810,389300,250730,142260,143880
"Zimbabwe","ZWEr110",227082.043171275,148893.360633134,105381.237765545,66690.3468707681,42725.3946377153,27938.9384198469,18155.2668432218
"Zimbabwe","ZWEr101",782774.416204866,306824.009650449,230571.888908917,141933.841676565,89747.5357616598,70038.9849774068,71915.029217873
"Zimbabwe","ZWEr102",494609.986365506,210580.922862658,168057.25341209,102799.155370065,54102.695192801,42947.2923435769,41857.9763329836
"Zimbabwe","ZWEr103",568219.507155413,237390.200234482,187725.459158913,116072.672684331,69191.7391913898,57612.7134491572,56805.8127005696
"Zimbabwe","ZWEr104",628333.612925192,285521.829887735,235655.363625019,135781.223468584,70402.0903142712,52630.1013266285,47708.006760244
"Zimbabwe","ZWEr105",322134.951354899,128377.909100293,84179.9205964051,55898.0493584085,44661.9564343256,32134.8223125026,31045.5063019093
"Zimbabwe","ZWEr106",292461.176325589,125755.481667383,79035.9283241589,48857.8403269813,38448.8206702008,30702.5734837595,34777.4222641271
"Zimbabwe","ZWEr107",679450.775348219,298997.072389148,223693.060027207,132472.930399375,77482.6443831277,63079.4660208384,58944.0996843268
"Zimbabwe","ZWEr108",674972.476193558,243825.233704469,189097.190431512,118553.892486238,75142.6322122236,63482.9163951322,62353.2553471096
"Zimbabwe","ZWEr109",739262.293337278,455475.300059006,429291.370767337,228352.911850301,101750.184396901,59347.5500586206,36613.121467164
"Armenia","ARMr111",193110,173850,174630,128940,149730,116970,113200
"Armenia","ARMr101",28910,25900,19400,16330,19510,10030,11540
"Armenia","ARMr102",54750,49940,40520,29320,40400,21350,22440
"Armenia","ARMr103",56060,49000,42130,30330,41170,21050,22580
"Armenia","ARMr104",50950,46830,36110,28760,33620,17380,18860
"Armenia","ARMr105",47250,39120,33660,27260,35560,22130,26070
"Armenia","ARMr106",53450,44880,40290,28640,39140,22270,21100
"Armenia","ARMr107",50930,48650,36900,30370,38470,21820,23360
"Armenia","ARMr108",28410,22690,22090,17330,20220,13590,15010
"Armenia","ARMr109",10400,9580,7430,5820,7940,4460,5300
"Armenia","ARMr110",26910,20230,19680,14390,18560,11940,15820
"Bolivia","BOLr101",200251.54,109096.51,76024.63,58202.18,45999.83,36314.84,40340.09
"Bolivia","BOLr102",831951.8,517703.64,408876.16,323454.92,243365.36,177482.08,171042.68
"Bolivia","BOLr103",576479.62,358298.18,261423.34,188734.78,140118.84,103056.22,98726.68
"Bolivia","BOLr104",156629.81,94735.27,76388.63,53419.34,41680.05,31186.43,30503.38
"Bolivia","BOLr105",294995.14,146782.39,108307.34,83181.12,67197.3,53713.34,58662.62
"Bolivia","BOLr106",146525.4,93427.72,71698.24,54911.54,38749.66,27882.74,26681.48
"Bolivia","BOLr107",893266.23,561484.15,406350.01,295630.73,199405.54,127873.69,97089.39
"Bolivia","BOLr108",156600.79,81737.9,57984.86,43724.12,29358.72,19540.6,18064.83
"Bolivia","BOLr109",41289.72,21025.86,16808.49,10975.41,7184.22,3965.76,2393.4
"Cambodia","KHMr101",223062.58,157052.99,116241.67,75934.21,77853.58,47391.47,32034.9
"Cambodia","KHMr113",395519.32,260756.3,180175.9,117422.4,111805.27,67437.43,53704.65
"Cambodia","KHMr102",565412.92,346018.89,262738.93,200703.38,170864,101953.48,109533.77
"Cambodia","KHMr103",179579.41,118570.34,74779.04,54480.8,45099.31,29901.98,20793.92
"Cambodia","KHMr104",245356.42,171700.64,133371.76,73581.66,63971.6,36704.1,30782.32
"Cambodia","KHMr105",233593.77,145832.87,109363.72,76318.22,65504.95,34438.99,25365.58
"Cambodia","KHMr114",198345.77,146979.27,103696.97,71476.49,65094.1,35530.1,29139.29
"Cambodia","KHMr115",257008.68,147046.04,102322.19,79382.92,58649.3,32344.94,25609.73
"Cambodia","KHMr116",103945.34,53000,41635.28,25795.6,17336.73,9138.72,5534.84
"Cambodia","KHMr106",730747.48,623630.49,534519.51,327823.71,271708.9,186237.04,129685.46
"Cambodia","KHMr108",730747.48,623630.49,534519.51,327823.71,271708.9,186237.04,129685.46
"Cambodia","KHMr109",381941.46,225879.09,174578.99,135980.25,115640.32,65611.51,56771.83
"Cambodia","KHMr110",144675.29,97255.43,76646.45,36010.96,41224.63,25057.08,14729.25
"Cambodia","KHMr117",412741.5,251209.59,185528.71,115436.55,102895.78,53280.22,33284.51
"Cambodia","KHMr107",113383.1,89739.28,60995.1,39884.11,37646.64,19841.28,10956.56
"Cambodia","KHMr111",170459.99,129071.7,97015.33,63950.93,59481.24,33316.69,25086.75
"Cambodia","KHMr112",275194.67,215143.3,147672.35,98246.13,83197.75,55740.51,48180.78
"Indonesia","IDNr101",1513260,855180,759980,580960,376980,210520,150040
"Indonesia","IDNr102",4557200,2283640,2046160,1673560,1236160,632640,451320
"Indonesia","IDNr103",1629720,787740,734440,618760,504580,282220,243160
"Indonesia","IDNr104",2417780,1329980,1429500,983640,545480,253280,151700
"Indonesia","IDNr105",990840,555560,574180,423800,286280,140920,94860
"Indonesia","IDNr106",2757660,1612040,1539760,1164880,810660,424660,304880
"Indonesia","IDNr109",2757660,1612040,1539760,1164880,810660,424660,304880
"Indonesia","IDNr107",553700,315340,305820,236640,159380,76340,57280
"Indonesia","IDNr108",2374780,1319180,1316440,1077800,749560,407340,327340
"Indonesia","IDNr110",2363340,1820060,2023940,1420040,919040,459240,251160
"Indonesia","IDNr111",16595920,9329680,9428240,7758560,5129380,2804120,2009780
"Indonesia","IDNr115",16595920,9329680,9428240,7758560,5129380,2804120,2009780
"Indonesia","IDNr112",9044340,4886540,5096420,4815680,3947340,2303960,2112580
"Indonesia","IDNr113",805380,572360,536020,519920,431780,260500,301480
"Indonesia","IDNr114",9740000,5580520,6087180,5908240,4654520,2777620,2407860
"Indonesia","IDNr116",1044900,565700,665060,642040,421940,265440,230660
"Indonesia","IDNr117",1490860,817420,751440,603160,410920,243080,177480
"Indonesia","IDNr118",1851520,740840,665100,562720,412140,251680,211660
"Indonesia","IDNr120",1477220,781620,765080,585700,406660,220060,138680
"Indonesia","IDNr121",719720,409720,425980,311180,181660,90580,56060
"Indonesia","IDNr122",1105300,640460,653960,541460,348080,173780,114600
"Indonesia","IDNr123",1140960,620400,704100,523420,311680,138920,71680
"Indonesia","IDNr124",1012320,518420,533620,498900,355640,208220,150080
"Indonesia","IDNr128",1012320,518420,533620,498900,355640,208220,150080
"Indonesia","IDNr125",925660,442600,455820,367640,233140,127620,80520
"Indonesia","IDNr126",3066840,1580540,1452780,1252040,832780,531120,428160
"Indonesia","IDNr127",821980,406200,365060,281560,172520,97980,72480
"Indonesia","IDNr129",969800,449980,416420,303600,212740,117380,80440
"Indonesia","IDNr130",1318760,666680,674960,508400,244240,89140,32140
"KyrgyzRepublic","KGZr101",228060,244880,158110,129010,92080,46590,47930
"KyrgyzRepublic","KGZr102",145900,87890,64410,56630,48230,21710,24860
"KyrgyzRepublic","KGZr105",373720,235470,153010,121650,93800,35590,39850
"KyrgyzRepublic","KGZr107",94610,48020,36710,31400,23690,10690,14160
"KyrgyzRepublic","KGZr108",159210,101510,69860,49880,39770,16510,18860
"KyrgyzRepublic","KGZr106",502940,327990,211450,165370,123450,48060,54970
"KyrgyzRepublic","KGZr104",84190,45070,35000,26200,21670,10040,10260
"KyrgyzRepublic","KGZr103",228620,159860,120110,105240,97510,46790,49320
"SierraLeone","SLEr106",241220,115630,70070,46580,23890,14690,14440
"SierraLeone","SLEr107",268580,133830,85670,56750,28810,19000,17100
"SierraLeone","SLEr108",230180,104560,69610,48580,22850,13760,13010
"SierraLeone","SLEr101",277100,125710,79860,52190,29940,20390,20620
"SierraLeone","SLEr102",166480,67610,42490,29620,15760,11290,12050
"SierraLeone","SLEr103",202740,86590,49420,32650,17460,10850,8750
"SierraLeone","SLEr104",289260,119730,82610,56270,30850,20410,19710
"SierraLeone","SLEr105",261820,107740,69950,44950,23070,14230,14300
"SierraLeone","SLEr109",252610,125540,78550,53030,28810,17900,18310
"SierraLeone","SLEr110",94120,41070,25650,17720,9900,6510,6660
"SierraLeone","SLEr111",146080,57160,41120,29920,18430,12060,13720
"SierraLeone","SLEr112",164650,74290,44450,29360,14500,9080,9710
"SierraLeone","SLEr113",179990,108880,70990,42650,22960,12550,9490
"SierraLeone","SLEr114",369130,271840,189290,106200,56650,31390,23580
"CostaRica","CRIr101",338990,266480,227000,184840,166240,110100,103260
"CostaRica","CRIr102",229160,166100,132910,110290,94700,56530,56020
"CostaRica","CRIr103",126290,95170,79030,66600,56830,33410,30460
"CostaRica","CRIr104",107510,79930,74740,59480,51270,31820,28190
"CostaRica","CRIr105",93070,61240,50310,42350,35290,22300,22790
"CostaRica","CRIr106",123120,77070,63160,52250,43900,26820,25420
"CostaRica","CRIr107",124320,74120,56920,48640,37930,23470,18410
"Ecuador","ECUr101",3424520,1903920,1631720,1285720,977520,624460,573040
"Ecuador","ECUr102",1088170,605440,453470,358710,282670,212070,255390
"Ecuador","ECUr103",307090,134840,101460,73120,51150,31630,26020
"Iran","IRNr101",325714.246209768,269912.032039793,275911.484143028,199723.511241769,138487.526945202,81351.1764220958,98798.9961628215
"Iran","IRNr102",500735.847639328,440686.266947943,466492.070905347,380145.82099321,297309.644352067,188755.7051887,185821.267448262
"Iran","IRNr103",640787.973224177,568344.977466296,605893.03399275,461088.151436926,355621.374544261,211495.094283258,188895.735186384
"Iran","IRNr104",867471.390495275,697127.52925196,731860.690720668,521833.710627302,373432.293929646,232946.353451272,241548.204740641
"Iran","IRNr105",822681.988447777,638761.339615032,571976.04393789,401891.775382095,280994.739118251,161982.235726512,159349.755800054
"Iran","IRNr106",438927.288905167,422129.741344,372315.445159005,261628.504407825,188998.281800633,121016.929071548,102054.378496466
"Iran","IRNr107",1273327.36129259,996734.453847502,879540.809879174,556357.577367367,372214.028948366,208744.652238449,167881.111919136
"Iran","IRNr108",1069426.29845682,922367.761234024,928044.468101133,599434.728055841,449063.788140294,263684.788603707,237971.92783165
"Iran","IRNr109",835234.550337617,608591.887617924,542882.936249314,351085.41498076,241891.037148888,136009.462152638,131069.34828592
"Iran","IRNr110",1608317.33940067,1204004.04941725,1170830.63485588,743186.164478923,551936.728904262,303045.622381934,317704.176215797
"Iran","IRNr111",1084997.41812214,919212.144521676,992010.207056082,692410.224939351,517961.408022392,306609.34480835,295785.500156672
"Iran","IRNr112",1001715.70240135,546346.232818696,412837.323487968,234090.551987142,137632.701730021,83627.999361294,75886.4652480087
"Iran","IRNr113",365192.281834892,317625.037959498,281601.825878464,201145.038797913,129939.404839827,85404.9638261188,82652.4810526671
"Iran","IRNr114",406483.164736793,359650.673204583,333667.505919637,232663.062302221,168966.679520842,106082.986910335,110514.749270244
"Iran","IRNr115",236334.913335935,196456.334697004,165934.266798455,114288.156564602,79221.7060951199,44699.8100586946,44971.2769859094
"Iran","IRNr116",441050.667056933,395091.297272678,340224.867224246,229950.323719425,154169.936346501,87457.8468075975,85397.4711508605
"Iran","IRNr117",134006.837115749,127862.413250375,112638.46754345,74517.5364722492,44531.7000350425,29373.9579661147,21474.1173295153
"Iran","IRNr118",181160.903466187,146943.926300986,127579.022065606,80514.4576718249,51552.2167091881,28275.6858282564,27403.5444303359
"Iran","IRNr119",261978.769469899,189486.236024596,197673.919435403,116322.042763283,74488.9062498337,46992.6387127302,38527.9764066609
"Iran","IRNr120",243414.461087115,210487.24443066,194381.543893341,132763.343126456,94621.4645759616,56381.7610970948,59144.6375816191
"Iran","IRNr121",143961.38138389,116755.877663952,120469.573638395,80272.9514420714,61052.2086795174,40566.5142662166,39113.9856411468
"Iran","IRNr122",278104.577186482,197590.349596808,216570.366408207,129684.28374889,96130.0832279649,56127.6503669069,61356.5273364361
"Iran","IRNr123",470233.616823606,334417.3636562,307951.173908175,178007.977714646,114138.353077295,63675.1852127906,54911.8562678546
"Iran","IRNr124",3109673.01816072,2657702.87230595,3156036.90237677,2141000.29374838,1612510.1564452,951698.083620063,801309.187293183
"Iran","IRNr125",313597.880063536,265476.138204742,236489.448512691,171161.333121494,112148.762694427,64140.0311859571,70061.6555007944
"Iran","IRNr126",303099.831737374,231562.079196412,239595.767623339,150094.031045287,105697.889411346,52267.6921695654,50853.7173101103
"Iran","IRNr127",284863.350405177,250810.161720622,243298.729765269,168723.09254816,114644.273716164,63202.0162679087,63743.8997473021
"Iran","IRNr128",489655.391364519,356124.574211607,338423.063890708,240203.414583571,166418.27961514,85046.9559994922,72694.3855165466
"Iran","IRNr129",243028.463266667,174010.070262549,151141.755134975,102426.411330719,83516.3895110181,43783.5028913945,45120.2301696153
"Iran","IRNr130",184272.934616318,118761.393733084,113593.338479937,75054.0680407439,53771.8092142706,33255.5538892021,48220.5771479153
"Mauritius","MUSr101",135728.512012215,91885.4900713337,92106.5135549954,86631.1590733775,83185.2020326529,54622.9400303785,37543.8526565246
"Mauritius","MUSr102",131418.554080813,92277.3044287339,93744.0966384884,87203.8108265008,93412.5614129959,63926.0193881365,52543.3099795621
"Mauritius","MUSr103",13472.3859813753,6791.44886160306,6701.03016374148,4993.1214263561,4551.07445903282,2692.46789187814,2792.93311172434
"Romania","ROUr101",649740,400520,430150,491310,384140,400520,504830
"Romania","ROUr102",435020,288700,344500,401970,325540,342290,392890
"Romania","ROUr103",587330,419480,482300,576250,419220,449000,571210
"Romania","ROUr104",329990,246480,272800,332440,266350,272770,340450
"Romania","ROUr105",282890,223850,261700,291850,237270,247340,259150
"Romania","ROUr106",442420,336050,373210,397840,326280,323890,367050
"Romania","ROUr107",411950,289860,342400,360900,300580,309200,335210
"Romania","ROUr108",245110,213000,347430,302030,230310,246210,256070
