"country","GDLCODE","X1","X2","X3","X4","X5"
"Austria","AUTr101",31308.083,1670.406,64864.398,178047.444,24152.342
"Austria","AUTr102",257420.157,11408.724,258125.44,942963.535,174567.086
"Austria","AUTr103",252637.821,27531.337,249106.397,860932.714,384244.201
"Austria","AUTr104",81049.832,1080.595,70903.485,324499.16,63695.145
"Austria","AUTr105",187446.864,7905.337,226149.892,671402.898,117252.579
"Austria","AUTr106",227142.688,14899.971,250074.08,797345.413,123649.611
"Austria","AUTr107",82458.949,3620.606,91079.122,301590.125,56162.994
"Austria","AUTr108",133140.569,4074.919,149413.459,410592.203,76112.033
"Austria","AUTr109",83231.525,6211.706,68385.27,196712.08,43906.191
"Belgium","BELr101",329276.08,59914.93,163251.01,263046.02,361006.36
"Belgium","BELr102",1325057.58,406355.17,874107.4,1931769.02,1858946.07
"Belgium","BELr103",1325057.58,406355.17,874107.4,1931769.02,1858946.07
"Belgium","BELr104",1325057.58,406355.17,874107.4,1931769.02,1858946.07
"Belgium","BELr105",1325057.58,406355.17,874107.4,1931769.02,1858946.07
"Belgium","BELr106",1325057.58,406355.17,874107.4,1931769.02,1858946.07
"Belgium","BELr107",840587.17,256265.9,617426.19,939381.51,907031.15
"Belgium","BELr108",840587.17,256265.9,617426.19,939381.51,907031.15
"Belgium","BELr109",840587.17,256265.9,617426.19,939381.51,907031.15
"Belgium","BELr110",840587.17,256265.9,617426.19,939381.51,907031.15
"Belgium","BELr111",840587.17,256265.9,617426.19,939381.51,907031.15
"Brazil","BRAr101",779086.12,201615.84,257476.34,355581.19,114763.2
"Brazil","BRAr102",391914.53,79670.26,113797.18,178734.23,63858.75
"Brazil","BRAr103",1602495,402157.26,520154.36,1009791.46,255077.09
"Brazil","BRAr104",192148.66,44912.47,64473.33,120310.77,46657.02
"Brazil","BRAr105",4043859.18,951833.05,1169047.59,1719155.6,413077.89
"Brazil","BRAr106",348423.61,68376.07,107020.41,202769.29,63240.4
"Brazil","BRAr107",654333.3,178252.06,207552.54,357266.77,110999.54
"Brazil","BRAr108",3475823.12,747168.87,999069.64,1373689.84,260950.96
"Brazil","BRAr109",1556925.22,377552.42,429442.39,623865.46,203235.83
"Brazil","BRAr110",4188159.41,916940.88,1312140.01,2010510.04,501823.37
"Brazil","BRAr111",1488094.19,415332.07,453132.22,809338.53,253318.63
"Brazil","BRAr112",1865346.47,502063.79,465448.09,816436.18,274058.96
"Brazil","BRAr113",4184046.92,1015080.85,1168120.87,2188693.46,750119.36
"Brazil","BRAr114",1671794.19,402273.95,431635.16,605417.7,167506.58
"Brazil","BRAr115",1048532.75,264819.32,266616.32,492242.84,162276.79
"Brazil","BRAr116",6839473.59,1584867.18,1779571.57,3576838.89,871747.96
"Brazil","BRAr117",7339546.48,3222950.12,3147721.11,5102557.64,1965059.05
"Brazil","BRAr118",1448414.2,457053.78,567563.82,1036065.94,367684.47
"Brazil","BRAr119",4939312.14,2042255.63,2670649.35,5255651.44,2048140.16
"Brazil","BRAr120",12225302.32,5852292.6,6811870.37,13489527.24,6400627.89
"Brazil","BRAr121",3964460.68,1420121.96,1708998.26,2809295.48,1274463.24
"Brazil","BRAr122",2087388.16,1070763.84,1174672.86,1791970.32,764132.64
"Brazil","BRAr123",3629182.16,1750368.31,1670852.14,2920868.8,1247409.81
"Brazil","BRAr124",1022951.39,430113.18,365092.96,572171.23,230846.4
"Brazil","BRAr125",1359886.28,353534.13,545315.77,791411.3,259601.1
"Brazil","BRAr126",2532460.17,845936.97,1031371.78,1710751.93,614672.94
"Brazil","BRAr127",787797.83,288529.51,362017.81,856758.92,594727.47
"Canada","CANr101",91165.33,0,93050.61,96571.4,233403.82
"Canada","CANr102",27838.93,0,20731.7,35260,60697.7
"Canada","CANr103",150655.96,0,133840.67,192343.42,433378.31
"Canada","CANr104",128906.11,0,119363.15,170157.22,304054.06
"Canada","CANr105",1468928.14,0,1280813.36,1402200.45,3934463.31
"Canada","CANr106",2484383.18,0,1757575.97,3026186,6249079.72
"Canada","CANr107",244704.5,0,175949.69,306781.99,472944.03
"Canada","CANr108",218882.69,0,142205.35,259553.29,425730.14
"Canada","CANr109",886030.57,0,482625.08,880175.63,1825318.91
"Canada","CANr110",779564.47,0,448584.53,1210244.19,2093183.13
"Chile","CHLr101",125238,37538,97161,171168,63428
"Chile","CHLr102",145560,34305,117171,203954,73344
"Chile","CHLr103",78504,21233,62611,90186,28544
"Chile","CHLr104",201204,63152,172338,236754,84587
"Chile","CHLr105",431689,146954,362885,612276,269545
"Chile","CHLr106",262955,90439,204977,264209,91692
"Chile","CHLr107",313752,107752,243710,286866,80521
"Chile","CHLr108",542846,193362,445425,644716,239708
"Chile","CHLr109",304121,100411,211635,275114,91685
"Chile","CHLr110",380900,124193,284034,331425,111465
"Chile","CHLr111",31238,8832,23939,26065,13077
"Chile","CHLr112",35159,11682,29672,52681,21481
"Chile","CHLr113",1683348,534698,1378418,2364207,1155821
"China","CHNr101",11608395,14503692,30423659,16157294,11814425
"China","CHNr102",11608395,14503692,30423659,16157294,11814425
"China","CHNr103",11608395,14503692,30423659,16157294,11814425
"China","CHNr104",11608395,14503692,30423659,16157294,11814425
"China","CHNr105",11608395,14503692,30423659,16157294,11814425
"China","CHNr106",8278077,14328835,31085642,9569022,7190813
"China","CHNr107",8278077,14328835,31085642,9569022,7190813
"China","CHNr108",8278077,14328835,31085642,9569022,7190813
"China","CHNr109",64313210,61829320,128475446,63756908,44933695
"China","CHNr110",64313210,61829320,128475446,63756908,44933695
"China","CHNr111",64313210,61829320,128475446,63756908,44933695
"China","CHNr112",64313210,61829320,128475446,63756908,44933695
"China","CHNr113",64313210,61829320,128475446,63756908,44933695
"China","CHNr114",64313210,61829320,128475446,63756908,44933695
"China","CHNr115",64313210,61829320,128475446,63756908,44933695
"China","CHNr116",103005308,97359275,182677851,106952517,54764544
"China","CHNr117",103005308,97359275,182677851,106952517,54764544
"China","CHNr118",103005308,97359275,182677851,106952517,54764544
"China","CHNr119",103005308,97359275,182677851,106952517,54764544
"China","CHNr120",103005308,97359275,182677851,106952517,54764544
"China","CHNr121",103005308,97359275,182677851,106952517,54764544
"China","CHNr132",103005308,97359275,182677851,106952517,54764544
"China","CHNr122",48340786,66320016,82692545,35746538,18107537
"China","CHNr123",48340786,66320016,82692545,35746538,18107537
"China","CHNr124",48340786,66320016,82692545,35746538,18107537
"China","CHNr125",48340786,66320016,82692545,35746538,18107537
"China","CHNr126",48340786,66320016,82692545,35746538,18107537
"China","CHNr127",9234605,8837582,12867670,6437225,3584073
"China","CHNr128",9234605,8837582,12867670,6437225,3584073
"China","CHNr129",9234605,8837582,12867670,6437225,3584073
"China","CHNr130",9234605,8837582,12867670,6437225,3584073
"China","CHNr131",9234605,8837582,12867670,6437225,3584073
"CzechRepublic","CZEr101",183083.6765,0,59618.1565,625774.1488,338601.176
"CzechRepublic","CZEr102",225439.4462,2326.7229,123050.9862,778242.2933,143974.4486
"CzechRepublic","CZEr103",194254.4305,1089.6207,140546.0918,710327.6441,144896.5414
"CzechRepublic","CZEr104",182928.9484,1219.6569,175603.1853,657839.9177,80107.8359
"CzechRepublic","CZEr105",242790.0791,0,163784.9401,908516.2566,168098.6413
"CzechRepublic","CZEr106",262935.6295,0,170771.0249,968212.2444,250045.983
"CzechRepublic","CZEr107",191966.7594,592.4937,139862.2361,733224.7257,138446.952
"CzechRepublic","CZEr108",189580.9374,1468.9443,170002.6003,709976.311,136217.114
"Denmark","DNKr101",338234.24,0,346131.47,549408.72,573804.43
"Denmark","DNKr104",144139.82,0,223785.57,297737.96,161954.51
"Denmark","DNKr103",215918.94,0,330245.17,422195.91,249099.57
"Denmark","DNKr102",240467.71,0,317878.96,445489.69,297676.74
"Denmark","DNKr105",98562.37,0,161036.23,205266.86,115764.88
"DominicanRepublic","DOMr101",1359123.86,355355.07,415979.27,637102.19,415238.17
"DominicanRepublic","DOMr102",593558.3,144470.54,120150.25,153560.77,51293.94
"DominicanRepublic","DOMr105",240313.51,39759.38,34186.62,42674.77,18011.44
"DominicanRepublic","DOMr108",204181.62,52141.05,57623.8,83490.29,30460.12
"DominicanRepublic","DOMr104",364216.27,81265.99,80490.89,89669.13,48509.56
"DominicanRepublic","DOMr107",224648.39,31548.27,26955.65,38456.2,12540.7
"DominicanRepublic","DOMr106",519387.26,117228.86,108812.72,155391.02,54771.41
"DominicanRepublic","DOMr103",760812.92,184891.01,220169.78,279726.84,135121.28
"DominicanRepublic","DOMr109",418734.65,84139.38,95003.85,128821.43,41022.55
"Estonia","ESTr101",112674.043,5507.015,51071.769,187125.434,223040.144
"Estonia","ESTr102",28093.292,2889.887,29010.437,55963.818,31785.987
"Estonia","ESTr104",22719.365,2207.464,23580.043,64285.284,29605.245
"Estonia","ESTr105",52862.405,5940.419,51822.725,115952.865,83939.612
"Estonia","ESTr103",18850.79,3890.918,23784.417,51181.402,24118.22
"Finland","FINr102",0,0,598226.275,442785.431,517913.88
"Finland","FINr103",0,0,460031.222,428078.813,267767.005
"Finland","FINr101",0,0,555126.986,479089.81,320914.532
"Finland","FINr104",0,0,537037.959,497674.182,281689.373
"Finland","FINr105",0,0,16765.654,11028.941,4448.924
"France","FRAr101",2902784.65,814867,1497443.11,3094495.84,3541679.96
"France","FRAr102",275238.68,179850.54,217088.95,447233.2,190086.55
"France","FRAr103",439756.1,240118.5,319317,619074.91,269921.57
"France","FRAr104",405680.11,242428.05,268225.51,600151.15,313949.95
"France","FRAr105",511195.62,308416.76,353752.29,867184.01,468423.06
"France","FRAr106",296475.43,190751.89,231200.07,483185.18,241394.53
"France","FRAr107",279028.96,188241.54,243967.16,599110.38,279058.35
"France","FRAr108",903315.32,459079.17,617121.54,1335348.24,705993.12
"France","FRAr109",443008.81,250740.41,329145.78,793837.11,460092.03
"France","FRAr110",368076.12,167663.87,196102.19,696031.97,424990.37
"France","FRAr111",248376.63,126049.41,175470.36,411212.24,201560.46
"France","FRAr112",780678.73,380082.21,466102.41,1276680.95,731677.69
"France","FRAr113",652762.95,299052,437278.53,1179268.89,669182.43
"France","FRAr114",340896.59,261416.88,219694.2,658256.54,282863.98
"France","FRAr115",633379.58,335120.39,447315.09,1193426.95,712996.3
"France","FRAr116",600711.62,266292.56,361293.63,956673.04,741215.28
"France","FRAr117",135077.58,86043.31,94782.53,253895.43,142380.65
"France","FRAr118",1408473.7,526822.86,836139.64,2140266.13,1502807.47
"France","FRAr119",253531.69,153580.85,185104.2,460060.6,275041.02
"France","FRAr120",602490.96,274407.75,487638.4,851587.7,542799.32
"France","FRAr121",1053814.45,495851.97,762326.56,1601339.36,1120390.14
"France","FRAr122",44838.48,23315.07,38184.81,71722.56,44556.69
"Germany","DEUr101",1763822.24,0,1645080.63,4761886.95,2596067.95
"Germany","DEUr102",1952557.91,0,1655823.21,6019741.93,2838319.19
"Germany","DEUr103",473603.65,0,303423.69,1327593.42,1232050.44
"Germany","DEUr104",337627.42,0,256006.57,1149806.05,641470.4
"Germany","DEUr105",155789.26,0,125348.8,307849.77,141068.83
"Germany","DEUr106",303118.38,0,221716.98,806474.52,566336.13
"Germany","DEUr107",969334.45,0,933645.43,2721533.26,1393440.35
"Germany","DEUr108",233187.73,0,99416.55,809684.76,379819.87
"Germany","DEUr109",1159472.38,0,1230299.23,3904816.36,1600316.04
"Germany","DEUr110",2746571.73,0,2851576.2,8698348.4,3704593.38
"Germany","DEUr111",581740.7,0,699854.53,1899374,680631.52
"Germany","DEUr112",128475.24,0,199307.55,424105.76,162497.7
"Germany","DEUr113",608390.81,0,370953.37,2305228.13,1242661.41
"Germany","DEUr114",316824.31,0,236358.38,1113601.95,507621.93
"Germany","DEUr115",448736.13,0,370598.42,1436585.41,541403.57
"Germany","DEUr116",302184.2,0,157975.82,1207990.3,450729.24
"Georgia","GEOr105",63720.264,11865.713,30360.614,171826.341,48349.822
"Georgia","GEOr111",197831.359,6459.77,43528.497,382795.494,450214.999
"Georgia","GEOr110",45035.729,3808.28,18496.761,126045.095,35779.666
"Georgia","GEOr106",96777.43,18179.396,45086.268,184315.587,72960.591
"Georgia","GEOr109",33526.099,4684.74,11055.016,87573.037,24110.939
"Georgia","GEOr102",67120.125,4969.872,27771.557,176477.915,71179.644
"Georgia","GEOr103",17682.693,1997.465,7497.548,65783.832,17110.122
"Georgia","GEOr108",51735.519,5088.355,16600.321,174849.859,61858.723
"Georgia","GEOr104",100353.171,4042.266,34668.62,302514.768,87375.512
"Georgia","GEOr107",18464.167,2498.109,7248.362,54358.315,17057.108
"Greece","GRCr101",676819,350832,293961.6,1446234.3,1060981.7
"Greece","GRCr104",248779.7,261802.2,110716.1,373111.1,176816.6
"Greece","GRCr103",248779.7,261802.2,110716.1,373111.1,176816.6
"Greece","GRCr102",248779.7,261802.2,110716.1,373111.1,176816.6
"Greece","GRCr105",619458,649678.2,296498.5,935076.4,538988.2
"Greece","GRCr107",619458,649678.2,296498.5,935076.4,538988.2
"Greece","GRCr108",619458,649678.2,296498.5,935076.4,538988.2
"Greece","GRCr106",619458,649678.2,296498.5,935076.4,538988.2
"Greece","GRCr111",555073.5,617132.1,297748.8,772137,353079.9
"Greece","GRCr110",555073.5,617132.1,297748.8,772137,353079.9
"Greece","GRCr113",555073.5,617132.1,297748.8,772137,353079.9
"Greece","GRCr112",555073.5,617132.1,297748.8,772137,353079.9
"Greece","GRCr109",555073.5,617132.1,297748.8,772137,353079.9
"Guatemala","GTMr101",1529264.143,594689.003,474584.693,545808.676,184637.06
"Guatemala","GTMr103",807573.939,204026.44,100606.777,119370.373,20036.808
"Guatemala","GTMr105",1079492.323,301906.48,184895.205,185509.272,30832.563
"Guatemala","GTMr104",800369.231,192820.041,99989.828,85467.476,16329.368
"Guatemala","GTMr106",2556881.884,589248.659,321431.399,315272.7,77343.363
"Guatemala","GTMr107",1706050.593,308724.937,128447.183,153574.344,20087.897
"Guatemala","GTMr102",1132289.043,209720.332,104111.866,69984.579,18097.439
"Guatemala","GTMr108",488447.544,104573.668,64784.545,56023.325,9784.999
"Hungary","HUNr101",360090.38,0,406601.38,1567949.33,608314.02
"Hungary","HUNr102",234567.23,0,275768.96,564188.99,144498.91
"Hungary","HUNr103",174042.31,0,244131.55,547407.99,137314.3
"Hungary","HUNr104",96578.79,0,161977.31,426558.08,93842.86
"Hungary","HUNr105",170666.83,0,350294.34,496163.17,71331.38
"Hungary","HUNr106",226740.49,0,399214.54,720045.87,147111.3
"Hungary","HUNr107",166578.7,0,282520.04,681161.73,141880.2
"India","INDr108",5885961,5194627,1661758,1299456,1030260
"India","INDr107",2258381,2506907,1149384,698470.7,363244.1
"India","INDr118",9308008,9032460,4224452,2845017,1613513
"India","INDr131",276464.7,312010.2,197474.8,229070.8,387050.6
"India","INDr127",7355823,7901067,1676075,1349171,917254.7
"India","INDr106",9432744,7188848,2857910,2119791,1565673
"India","INDr124",6037144,6674777,2788908,2531889,2331942
"India","INDr119",38111350,20899430,4366983,2873799,2907573
"India","INDr123",101261500,58070870,12155620,10929320,8540084
"India","INDr103",54822670,22508850,5679874,4140178,2360258
"India","INDr120",211122.5,290683,66107.26,31824.21,31317.72
"India","INDr125",493159.3,457265.7,169291.4,179046.2,156938.3
"India","INDr116",349414.8,675737.7,392954,340502.7,292990.6
"India","INDr113",707135.2,625009.2,425234.9,394605.5,494361.7
"India","INDr115",216993.1,527651.4,113929.6,98018.96,158306.8
"India","INDr126",1159448,1779790,376404.4,250008.5,180839.7
"India","INDr114",1123089,1085120,263959,181622.8,344340.8
"India","INDr102",11572240,12070760,2801390,2782852,1335513
"India","INDr122",39444250,35496980,6613238,4042422,5052113
"India","INDr128",24110270,15516810,4202194,2620717,1952638
"India","INDr117",19250140,17411690,3082069,1636551,1696555
"India","INDr129",16922750,12839150,1917834,1884218,1528146
"India","INDr111",30492660,25048950,3743397,2909986,2172756
"India","INDr105",22884380,22997530,6082927,3928272,3364781
"India","INDr134",23218.58,23501.74,7868.279,4357.046,1961.066
"India","INDr132",310690.5,320311.8,178504.1,118081.1,98661.86
"India","INDr112",35812290,39906630,14871990,12433150,7435538
"India","INDr101",38330570,24653800,10552200,5765842,4820796
"India","INDr130",38330570,24653800,10552200,5765842,4820796
"India","INDr109",26542490,21900360,7188639,4403577,3222040
"India","INDr104",669027,1291637,724178,433915.9,416495.3
"India","INDr110",7046101,14399850,5591787,3979951,3108382
"India","INDr135",7046101,14399850,5591787,3979951,3108382
"India","INDr121",23918720,24639510,9035939,5757689,6095693
"India","INDr133",361417.6,699973.4,216095.8,189847.2,402580.9
"Ireland","IRLr101",216020.3,104190.2,114068,192590.9,204984.9
"Ireland","IRLr103",216020.3,104190.2,114068,192590.9,204984.9
"Ireland","IRLr106",394774.7,162404.4,214690.6,414457.2,412788.7
"Ireland","IRLr107",394774.7,162404.4,214690.6,414457.2,412788.7
"Ireland","IRLr108",394774.7,162404.4,214690.6,414457.2,412788.7
"Ireland","IRLr104",540020.4,204768.9,235049.2,555590.7,781519.9
"Ireland","IRLr105",540020.4,204768.9,235049.2,555590.7,781519.9
"Ireland","IRLr102",540020.4,204768.9,235049.2,555590.7,781519.9
"Italy","ITAr101",404274.95,905504.05,1705299.4,1432541.38,397210.14
"Italy","ITAr102",57152.18,83595.93,131493.59,63379.92,34846.02
"Italy","ITAr104",884002.95,975030.09,1852613.63,2389352.88,1097078.63
"Italy","ITAr113",350623.4,518583.54,686994.43,1154426.02,225760.26
"Italy","ITAr114",350623.4,518583.54,686994.43,1154426.02,225760.26
"Italy","ITAr115",421190.37,703579.86,1272490.27,1266069.3,311422.14
"Italy","ITAr116",301419.16,248354.75,555022.39,868990.23,305450.55
"Italy","ITAr103",153981.23,325127.71,548510.28,654852.31,211851.42
"Italy","ITAr117",488021.06,631922.1,1239980.39,1608274.67,493467.35
"Italy","ITAr118",443807.17,712085.91,879910.48,1145791.78,463565.2
"Italy","ITAr119",111500.84,193184.97,250806.55,364032.68,93812.95
"Italy","ITAr120",149212.14,363938.01,482366.78,526835.99,217029.49
"Italy","ITAr121",484531.28,888417.05,1290965.9,1667184.02,871315.39
"Italy","ITAr105",149853.13,209315.31,275954.47,451861.24,168817.78
"Italy","ITAr106",140295.51,231422.96,210557.25,402585.37,159143.15
"Italy","ITAr107",774792.08,1133884.85,1963215.13,1454084.59,426585.18
"Italy","ITAr108",459785.88,594086.77,1093976.81,1220052.7,315264.4
"Italy","ITAr109",330617.76,350112.3,446752.66,520850.77,84702.4
"Italy","ITAr110",259025.68,375446.17,601306.23,703992.74,266884.55
"Italy","ITAr111",548648.42,701063.99,1061390.88,999648.55,271900.98
"Italy","ITAr112",188795.76,323764.04,544800.97,361466.81,146553.26
"Japan","JPNr101",1955933.7,811234.2,0,1796022.5,979176.5
"Japan","JPNr102",4219971.2,2149685.2,0,2726525.3,1326066.2
"Japan","JPNr103",16150927.7,4109267.7,0,10477554.5,9163727.8
"Japan","JPNr104",16150927.7,4109267.7,0,10477554.5,9163727.8
"Japan","JPNr105",9744267.4,3704433.5,0,6532070,3467964.1
"Japan","JPNr106",9744267.4,3704433.5,0,6532070,3467964.1
"Japan","JPNr107",9136283.4,1658921.1,0,5291390.4,4466274.9
"Japan","JPNr108",3254971.1,796685.2,0,1573694.3,1462189
"Japan","JPNr109",1735172.7,1409364.9,0,983956.2,580438.7
"Japan","JPNr110",6587931.5,1675635.2,0,3915613.5,2760874
"Lithuania","LTUr101",17764.372,12313.232,14066.001,70118.705,29646.327
"Lithuania","LTUr102",94945.393,27418.994,50454.705,246762.897,154251.301
"Lithuania","LTUr103",51575.621,10462.718,36496.87,164986.867,62398.181
"Lithuania","LTUr104",34605.345,7738.544,19088.413,68397.277,19845.468
"Lithuania","LTUr105",41786.784,9929.813,20482.401,113358.984,46369.716
"Lithuania","LTUr106",43607.384,17655.747,35113.198,126228.713,50792.261
"Lithuania","LTUr107",15475.225,9377.366,11748.234,48166.259,16838.896
"Lithuania","LTUr108",32811.883,5326.057,13953.798,62147.127,27003.65
"Lithuania","LTUr109",23412.574,8368.592,14062.56,66435.435,25464.211
"Lithuania","LTUr110",142454.831,22748.215,54613.965,313953.073,271795.617
"Mexico","MEXr101",405548.65,249865.26,301648.15,195652.21,120468.66
"Mexico","MEXr102",1083905.25,627792.29,834753.51,553412.45,350642.13
"Mexico","MEXr103",236624.16,135193.91,179960.91,139267.55,58400.94
"Mexico","MEXr104",339519.53,160268.12,190059.34,124864.99,81703.39
"Mexico","MEXr105",939365.51,533402.98,799903.55,369473.09,301233.27
"Mexico","MEXr106",262491.06,127940.51,144858.42,112636.04,65013.97
"Mexico","MEXr107",2790508.99,990107.2,724227.95,463687.03,211489.82
"Mexico","MEXr108",1323112.9,692430.47,901470.09,469945.31,289477.33
"Mexico","MEXr109",2007048.34,1319526.29,2052065.87,1886233.95,1553081.94
"Mexico","MEXr110",639008.1,328611.38,476189.56,212361.67,99616.4
"Mexico","MEXr111",2217227.38,1197255.8,1324100.99,725347.32,314143.67
"Mexico","MEXr112",1619253.36,723466.33,569206.97,391279.37,244158.15
"Mexico","MEXr113",996986.8,541567.31,722048.32,376382.76,216058.52
"Mexico","MEXr114",2777758.93,1429537.75,1901067.43,1047476.95,704442.96
"Mexico","MEXr115",5277465.79,2950496.51,4261250.18,3007865.26,1197724.8
"Mexico","MEXr116",1954368.54,977662.79,876296.67,435853.97,326732.39
"Mexico","MEXr117",592852.15,331514.54,478163.75,324383.4,171466.89
"Mexico","MEXr118",422615.87,208767.04,296813.9,173315.81,104720.24
"Mexico","MEXr119",1295056.36,798176.88,1464878.75,894480.26,582188.51
"Mexico","MEXr120",1955910.81,781702.92,619089.83,378245.71,236223.31
"Mexico","MEXr121",2324238.48,1263722.86,1248748.08,844234.63,450709.49
"Mexico","MEXr122",649989.4,372729,498861.68,269651.25,193739.15
"Mexico","MEXr123",494673.79,239459.18,375363.59,301963.82,131831.77
"Mexico","MEXr124",974598.28,532033.08,602383.37,388528.53,229560.17
"Mexico","MEXr125",1005959.84,511294.06,623963.17,460311.87,355984.47
"Mexico","MEXr126",879072.56,506496.88,718830.5,483135.31,317741.31
"Mexico","MEXr127",812649.6,418094.28,550384.02,377204.5,203271.38
"Mexico","MEXr128",1161890.75,624378.05,747473.28,667891.39,294610.22
"Mexico","MEXr129",427893.07,250374.34,285857.64,184996.6,103747.17
"Mexico","MEXr130",3353439.64,1622993.3,1412452.49,1024579.35,607728.72
"Mexico","MEXr131",846052.48,381964.6,447167.98,262872.87,159448.38
"Mexico","MEXr132",641923.28,320963.14,376550.11,134413.25,91720.65
"Paraguay","PRYr105",765540.21,453139.62,349651.21,678143.66,248809.27
"Paraguay","PRYr101",549556.78,289699.54,140306.96,159679.41,72117.83
"Paraguay","PRYr104",291867.93,146028.98,73365.05,106967.03,58033.33
"Paraguay","PRYr102",653236.22,341620.78,184703.86,253610.12,83409.84
"Paraguay","PRYr103",363355.65,193189.37,68923.26,92215.41,37443.66
"Poland","POLr101",423905.09,404855.72,117039.5,1235417.08,412027.5
"Poland","POLr102",971154.53,643796.5,243623.69,2361319.17,1342667.86
"Poland","POLr103",532050.24,425716.97,161094.16,1606403.86,523715.4
"Poland","POLr104",727959.28,468594.49,222152.1,2373587.72,706445.68
"Poland","POLr105",347769.22,341960.74,106591.64,1005100.46,302623.45
"Poland","POLr106",358720.74,327993.02,114755.66,1000802.97,309586.93
"Poland","POLr107",200744.41,207610.28,61659.72,621578.97,178221.97
"Poland","POLr108",185926.35,216482.5,54747.06,515813.78,165524.23
"Poland","POLr109",633305.36,481834.14,167088.05,1775327.94,464657.01
"Poland","POLr110",269215.4,252761.83,71349.07,721620.23,272562.42
"Poland","POLr111",189801.44,132286,51696.65,505031.82,122351.36
"Poland","POLr112",492526.53,369769.12,119473.03,1396191.49,485266.94
"Poland","POLr113",150779.89,155424.56,50935.12,475065.88,132831.67
"Poland","POLr114",341213.8,292849.58,108098.35,991005.45,241320.98
"Poland","POLr115",224139.33,248989.13,76625.96,605406.16,165449.76
"Poland","POLr116",449775.31,301797.01,128026.25,1046481.08,352869.24
"Russia","RUSr107",3805225,0,1251850.9,4987417,8072422
"Russia","RUSr103",2947762.2,0,980584.2,4589704.6,7602713.7
"Russia","RUSr108",1464098.8,0,322897.2,1759189.6,3561221.2
"Russia","RUSr104",2600353.5,0,712945.2,2484499,3654777.6
"Russia","RUSr102",2840474.2,0,815923.3,4221618.8,9037635.4
"Russia","RUSr101",6197706,0,1742447.9,8816459.5,21467826.1
"Russia","RUSr105",5129563.9,0,1535000.2,7486163.8,12053370.9
"Russia","RUSr106",2477241.2,0,678891.1,3336531.3,5704158.2
"Serbia","SRBr101",269235.5,184296.3,153900.7,543472.8,429296.4
"Serbia","SRBr102",379933.4,334022.2,303255.2,519029,206074.1
"Serbia","SRBr103",456125.9,401318,348351.8,511037.9,206080
"Serbia","SRBr104",368248.4,308706.4,251188.1,395639.9,186130.9
"Slovakia","SVKr101",101793.8143,566.5665,42323.0036,310109.1847,153448.7218
"Slovakia","SVKr102",257805.1667,2280.5818,216511.6994,1052846.1466,238673.8949
"Slovakia","SVKr103",210081.2107,1098.6261,165277.7626,717781.9563,207450.8583
"Slovakia","SVKr104",293396.9903,4263.2735,187027.3866,841506.3007,243219.9817
"SouthAfrica","ZAFr101",961541.33,1510506.17,807202.53,2939533.02,233593.92
"SouthAfrica","ZAFr102",1370876.15,2275610.76,1019051.28,2237014.8,108458.61
"SouthAfrica","ZAFr103",223686.4,338529.4,182334.44,467274.38,37699.87
"SouthAfrica","ZAFr104",492095.7,768594.9,409441.57,1124745.5,109579.98
"SouthAfrica","ZAFr105",2165760.31,3186605.83,1287542.19,4392436.23,316622.31
"SouthAfrica","ZAFr106",570865.27,804923.24,422609.86,1086936.25,52469.78
"SouthAfrica","ZAFr107",1991322.82,2802910.13,1549294.02,6831347.36,484760.2
"SouthAfrica","ZAFr108",738590.12,1184128.75,498567.79,1671394.81,48391.28
"SouthAfrica","ZAFr109",1162904.07,1467011.37,778659.51,1742402.74,75249.57
"Spain","ESPr101",544082.03,548108.52,444840.58,524668.24,632763.77
"Spain","ESPr102",174958.97,182813.69,196353.16,182948.45,287453.94
"Spain","ESPr103",97625.64,97060.51,105945.03,133594.03,142807.76
"Spain","ESPr104",399779.09,285194.18,368498.36,403211.43,689902.01
"Spain","ESPr105",125542.53,98733.62,109972.08,108008.11,187429.17
"Spain","ESPr106",63980.66,49979.36,60251.89,59991.39,74200.82
"Spain","ESPr107",263076.88,248398.9,201298.89,270726.94,311189.76
"Spain","ESPr108",1325683.45,838040.22,947851.47,1309618.42,1960239.95
"Spain","ESPr109",469315.64,500110.75,458039.98,371686.8,589760.39
"Spain","ESPr110",573586.09,348718.92,403048.76,293899.06,384395.23
"Spain","ESPr111",289266.94,184462.51,271286.1,157777.16,165980.1
"Spain","ESPr112",1798756.16,1114902.72,1020951.56,1439891.25,1989837.97
"Spain","ESPr113",1168163.6,868973.28,930409.31,976559.21,959687.43
"Spain","ESPr114",277339.88,152266.48,201605.87,248093.75,259863.11
"Spain","ESPr115",2359833.65,1240196.68,1778485.03,1397485.17,1589746.03
"Spain","ESPr116",445527.52,224309.48,316462.71,238005.57,241533.31
"Spain","ESPr117",23022.7,15852.02,21054.55,12754.76,14072.15
"Spain","ESPr118",27936.37,12770.05,14796.98,12688.94,13260.82
"Spain","ESPr119",521577.1,257838.67,391355.03,447014.17,495377.56
"Switzerland","CHEr101",82917.73,202712.42,285261.66,543380.13,442860.96
"Switzerland","CHEr102",109743.22,189951.72,287646.51,755002.66,468519.74
"Switzerland","CHEr103",58258.64,124198.87,168332.98,493591.08,274170.98
"Switzerland","CHEr104",87008.64,133081.21,207332.63,574657.65,447863.49
"Switzerland","CHEr105",76448.15,115557.06,170429.59,528410.67,247241.28
"Switzerland","CHEr106",60568.26,77973.91,119995.32,319230.3,197795.99
"Switzerland","CHEr107",16340.2,42420.76,66185.74,117324.72,103447.12
"UnitedStates","USAr120",208775.09,29027.267,97199.153,582226.317,423357.111
"UnitedStates","USAr130",210846.835,22239.026,91965.77,470503.389,494015.026
"UnitedStates","USAr146",95420.958,9982.835,51074.383,214397.102,238079.254
"UnitedStates","USAr122",1219818.407,154730.789,459036.13,2168131.632,2740565.833
"UnitedStates","USAr140",186118.929,34898.059,106147.156,378574.936,338786.615
"UnitedStates","USAr107",619643.243,82761.515,322051.687,1265021.847,1278602.78
"UnitedStates","USAr133",3706009.278,593287.783,1790425.063,6562052.078,6993361.788
"UnitedStates","USAr131",1692481.628,218277.327,702057.096,3148047.091,3169068.078
"UnitedStates","USAr139",2232995.76,288424.308,1148712.09,4958647.778,3949879.378
"UnitedStates","USAr136",2179539.579,294700.013,946644.533,4891516.415,3112074.172
"UnitedStates","USAr115",1330522.026,188807.59,617056.013,2668761.773,1702597.341
"UnitedStates","USAr114",2508130.095,382328.425,1002113.817,4485353.437,4299076.206
"UnitedStates","USAr123",1815869.816,155699.217,788043.492,4145591.392,2926539.022
"UnitedStates","USAr150",1073876.909,176603.1,441685.755,2359558.648,1665986.571
"UnitedStates","USAr124",1073483.808,114632.984,423860.464,1668052.744,2169672.638
"UnitedStates","USAr116",616051.127,81556.948,234541.879,1169416.921,993860.576
"UnitedStates","USAr126",1165700.3,135512.762,553226.126,2284913.616,1803169.364
"UnitedStates","USAr135",156592.35,13681.193,49583.998,277559.822,261210.423
"UnitedStates","USAr142",180752.05,21230.269,56969.551,316093.856,269159.951
"UnitedStates","USAr128",405944.863,40025.35,179033.157,631412.784,591123.56
"UnitedStates","USAr117",615503.334,60289.131,278074.627,1028356.293,864788.024
"UnitedStates","USAr108",175443.272,25711.397,75910.181,393799.835,284882.572
"UnitedStates","USAr121",1170088.999,139875.946,383269.668,2031699.542,2151984.344
"UnitedStates","USAr109",109787.832,15470.529,41159.712,169625.93,337911.346
"UnitedStates","USAr147",1557125.739,230495.77,754525.315,2861187.124,2761620.936
"UnitedStates","USAr149",319626.69,68965.879,192476.802,810642.331,405772.638
"UnitedStates","USAr134",1942587.966,287059.988,987391.391,3609005.065,3046973.565
"UnitedStates","USAr141",925416.374,152513.354,496801.427,1803250.781,1409177.59
"UnitedStates","USAr111",2128668.537,267551.852,1099617.182,3756527.987,2834533.194
"UnitedStates","USAr110",3501593.2,613944.665,1784463.872,7880846.371,6243502.668
"UnitedStates","USAr118",876488.711,158671.706,493944.631,1701811.81,1145282.977
"UnitedStates","USAr143",1268236.316,201251.859,666565.285,2638887.913,1823756.932
"UnitedStates","USAr101",934121.428,134740.714,598339.648,1960638.874,1195298.283
"UnitedStates","USAr125",614033.533,85747.287,385254.375,1173040.314,682062.01
"UnitedStates","USAr104",601462.828,80601.992,351529.026,1214887.307,698585.005
"UnitedStates","USAr119",951161.959,142578.729,531513.018,1849953.879,1120284.316
"UnitedStates","USAr137",828714.304,85681.233,383676.812,1652212.259,945579.575
"UnitedStates","USAr144",6465186.864,1131527.029,2777774.336,9236198.244,7716693.182
"UnitedStates","USAr127",189265.604,18687.418,76903.525,416931.894,315524.99
"UnitedStates","USAr113",372192.979,39793.652,129342.448,669199.795,439901.26
"UnitedStates","USAr151",117525.197,8816.916,46454.427,231979.074,168040.775
"UnitedStates","USAr106",1060778.715,85960.39,397726.58,1841096.364,2016870.994
"UnitedStates","USAr132",426494.833,75694.197,216355.093,788336.472,529347.254
"UnitedStates","USAr103",1413691.884,253245.821,707189.288,2487337.156,1854910.914
"UnitedStates","USAr145",779155.481,46074.069,267090.387,1039449.326,867304.869
"UnitedStates","USAr129",580234.349,95181.529,231353.486,1203997.086,737088.653
"UnitedStates","USAr148",1380758.628,183668.527,670552.402,2469261.493,2469016.552
"UnitedStates","USAr138",758862.544,81626.282,338091.123,1576347.227,1253830.215
"UnitedStates","USAr105",8284962.54,1638411.371,3568625.573,13520394.241,11830789.122
"UnitedStates","USAr102",158028.324,10770.737,54864.4,282890.004,198310.097
"UnitedStates","USAr112",270570.53,30282.074,84379.256,553640.141,439049.675
"Uruguay","URYr101",283647,339736,318215,282676,154385
"Uruguay","URYr102",97464,111820,68422,32062,13239
"Uruguay","URYr103",209413,263032,202748,103172,44454
"Uruguay","URYr104",81142,116194,80209,34481,15258
"Uruguay","URYr105",40636,57507,32237,15757,5809
"Uruguay","URYr106",39501,55298,34741,17776,8119
"Uruguay","URYr107",85482,97897,71663,36817,15066
"Vietnam","VNMr101",4748306.7,2917047.8,5583820.8,4943684.6,2224556.2
"Vietnam","VNMr102",4649920.7,2661121.5,2926754.3,2211402.9,666783
"Vietnam","VNMr103",5033868.6,3943065.4,4346748.4,3376977.1,1210123.6
"Vietnam","VNMr104",2105875,1409168.3,1067071.1,736726.9,267415.2
"Vietnam","VNMr105",5070677.9,4410507.6,3006077.5,3307848.5,1607510.9
"Vietnam","VNMr106",7364419.8,5319751.5,2457562.6,1732350.7,613297.4
"Sweden","SWEr101",436820.64,96989.34,282482.3,728411.8,668859.24
"Sweden","SWEr102",305638.34,118898.26,241158.9,595957.57,372638.69
"Sweden","SWEr103",158141.06,84321.06,131189.13,297949.5,175201.66
"Sweden","SWEr104",313206.02,99601.79,206233.25,499195.48,340328.55
"Sweden","SWEr105",367088.53,167872.37,280643.9,703657.41,443164.71
"Sweden","SWEr106",146211.75,78007.92,135840.23,306009.76,168360.24
"Sweden","SWEr107",65148.92,24276.3,58892.18,168238.11,60310.97
"Sweden","SWEr108",101282.73,34598.96,70545.69,194573.61,111956.57
"UnitedKingdom","GBRr101",699311.2,0,735093.1,551736.2,598158
"UnitedKingdom","GBRr102",1884228.6,0,1907563.1,1459119,1793781.3
"UnitedKingdom","GBRr103",1383996.8,0,1442244.5,1197639.2,1263910.2
"UnitedKingdom","GBRr104",1126782.9,0,1280871.9,1077273.3,1101518.6
"UnitedKingdom","GBRr105",1535131.1,0,1630633,1213636.9,1242559.6
"UnitedKingdom","GBRr106",1448516.3,0,1695037.4,1308187,1524910.6
"UnitedKingdom","GBRr107",2397844.7,0,1640751.4,1402625,3115113.4
"UnitedKingdom","GBRr108",2094446.3,0,2023458.9,1970379,2679679.3
"UnitedKingdom","GBRr109",1209826.4,0,1291981.1,1247269.9,1598680.6
"UnitedKingdom","GBRr110",696258.3,0,882177.6,746461.6,715899.4
"UnitedKingdom","GBRr111",1231078,0,1441220.6,947713,1641311.9
"UnitedKingdom","GBRr112",537772.4,0,537080.7,363174.5,393028
"Australia","AUSr101",421290.97,363335.8,1097189.38,1969433.39,2029317.69
"Australia","AUSr102",386195.19,247687.52,766030.92,1530599.34,1734773.37
"Australia","AUSr103",280401.82,136763.94,769552.66,1332073.97,1036026.8
"Australia","AUSr104",116402.29,71787.53,361842.48,454917.4,378598.03
"Australia","AUSr105",103605.1,105400.09,390103.2,704035.93,620247.3
"Australia","AUSr106",36227.29,38766.4,109409.02,146431.78,91912.17
"Australia","AUSr107",15579.79,12059.2,67280.56,146642.14,183888.15
"Australia","AUSr108",15579.79,12059.2,67280.56,146642.14,183888.15
