"country","GDLCODE","X1","X2","X3","X4","X5","X6"
"Austria","AUTr101",35888.265,78579.786,119506.058,43461.911,22606.653,0
"Austria","AUTr102",227731.16,447949.633,742740.67,204038.783,22024.697,0
"Austria","AUTr103",426680.069,506294.759,621482.906,182183.456,37811.28,0
"Austria","AUTr104",93473.156,154617.394,238270.116,47024.387,7843.164,0
"Austria","AUTr105",197791.185,321323.729,484781.846,171872.094,34388.716,0
"Austria","AUTr106",217612.053,380335.807,600684.012,193770.34,20709.549,0
"Austria","AUTr107",78884.865,142017.428,265236.428,47332.074,1441,0
"Austria","AUTr108",99734.978,191673.464,349286.594,115669.8,16968.347,0
"Austria","AUTr109",52994.18,97383.976,143918.796,100429.111,3720.708,0
"Belgium","BELr101",248505.52,264947.12,416060.16,198523.38,48458.22,0
"Belgium","BELr102",867062.79,1878958.07,2566913.08,960400.44,122900.86,0
"Belgium","BELr103",867062.79,1878958.07,2566913.08,960400.44,122900.86,0
"Belgium","BELr104",867062.79,1878958.07,2566913.08,960400.44,122900.86,0
"Belgium","BELr105",867062.79,1878958.07,2566913.08,960400.44,122900.86,0
"Belgium","BELr106",867062.79,1878958.07,2566913.08,960400.44,122900.86,0
"Belgium","BELr107",547465.14,928594.9,1505211.25,532263.52,47157.1,0
"Belgium","BELr108",547465.14,928594.9,1505211.25,532263.52,47157.1,0
"Belgium","BELr109",547465.14,928594.9,1505211.25,532263.52,47157.1,0
"Belgium","BELr110",547465.14,928594.9,1505211.25,532263.52,47157.1,0
"Belgium","BELr111",547465.14,928594.9,1505211.25,532263.52,47157.1,0
"Brazil","BRAr101",73626.973,278728.801,919614.293,367418.729,56856.63,12277.256
"Brazil","BRAr102",27354.831,91094.495,379023.559,230083.514,92856.953,7561.598
"Brazil","BRAr103",125004.306,363674.613,1485672.431,1116654.097,600540.771,98128.95
"Brazil","BRAr104",17467.466,46885.097,195261.095,130908.926,63023.103,14956.557
"Brazil","BRAr105",271961.687,980914.55,3607797.352,2310118.134,984531.042,141650.556
"Brazil","BRAr106",25472.56,73117.782,281750.626,252134.591,130768.536,26585.683
"Brazil","BRAr107",80369.982,238900.085,733136.891,369398.177,77500.093,9098.974
"Brazil","BRAr108",204649.274,805406.657,3023224.976,1931710.696,836446.422,55264.412
"Brazil","BRAr109",135673.935,527229.514,1629249.506,695111.929,192019.28,11737.156
"Brazil","BRAr110",364758.827,1381140.733,4502814.422,2104791.502,528098.493,47969.735
"Brazil","BRAr111",133176.569,507238.784,1821703.825,737220.652,209404.001,10471.815
"Brazil","BRAr112",178789.209,643973.004,2029792.614,856765.698,192994.235,21038.733
"Brazil","BRAr113",493498.82,1672262.518,4621136.606,1946216.213,553005.874,19941.436
"Brazil","BRAr114",174394.597,493271.121,1599808.356,748638.898,246446.313,16068.301
"Brazil","BRAr115",115683.735,365786.695,1184912.038,456279.384,109482.609,2343.554
"Brazil","BRAr116",888933.326,2374244.172,7530210.892,2964708.459,799408.352,94993.99
"Brazil","BRAr117",1231858.293,4095207.587,11045383.006,3550549.157,822517.482,32318.881
"Brazil","BRAr118",211729.295,783124.107,2117380.097,661431.798,103116.903,0
"Brazil","BRAr119",1279198.509,3457589.544,8875586.621,2842311.892,466640.733,34681.415
"Brazil","BRAr120",2449361.31,8204291.382,24615327.791,7824321.288,1633993.216,52325.438
"Brazil","BRAr121",553330.615,2221714.523,6314143.844,1836275.338,244710.78,7164.523
"Brazil","BRAr122",397408.645,1473049.77,3830745.555,1046297.338,136167.899,5258.602
"Brazil","BRAr123",748580.708,2605841.893,5864039.428,1639837.617,353833.813,6547.752
"Brazil","BRAr124",147311.706,494693.985,1398352.069,466193.162,105543.54,9080.701
"Brazil","BRAr125",166770.439,602689.818,1683471.819,699494.651,155893.878,1427.985
"Brazil","BRAr126",348511.123,1262490.597,3590622.556,1279118.209,231917.934,22533.369
"Brazil","BRAr127",186358.953,509298.605,1520471.859,584591.828,77859.941,11250.365
"Canada","CANr101",52735.517,181877.954,233578.781,40890.332,5108.575,0
"Canada","CANr102",15672.692,46251.387,54175.55,27328.019,1100.69,0
"Canada","CANr103",117601.272,320286.82,355517.962,110796.616,6015.675,0
"Canada","CANr104",86109.768,265072.377,303988.729,61098.101,6211.565,0
"Canada","CANr105",1183775.959,2577988.463,2916531.116,1276421.706,131688.015,0
"Canada","CANr106",1371969.806,3603949.731,5391726.191,2825672.451,323906.677,0
"Canada","CANr107",138067.934,330441.315,426729.494,259692.351,45449.117,0
"Canada","CANr108",122214.477,323923.367,350102.84,208978.662,41152.119,0
"Canada","CANr109",392675.979,1130572.958,1298732.201,1096358.662,155810.39,0
"Canada","CANr110",548162.505,1377988.297,1730143.969,783351.904,91929.645,0
"Chile","CHLr101",20609,61538,233634,128116,46729,3907
"Chile","CHLr102",20332,70562,247857,163417,68024,4142
"Chile","CHLr103",9962,31354,122271,85392,31649,450
"Chile","CHLr104",27797,100916,352111,204202,71040,1969
"Chile","CHLr105",89003,304818,866926,430244,128000,4358
"Chile","CHLr106",41684,132298,443292,235177,57616,4205
"Chile","CHLr107",47599,154334,534731,240539,52220,3178
"Chile","CHLr108",92353,317576,1020413,507887,126895,933
"Chile","CHLr109",42440,149096,469603,253384,64676,3767
"Chile","CHLr110",53188,195414,616373,282107,82618,2317
"Chile","CHLr111",4970,17950,54897,21066,4268,0
"Chile","CHLr112",8508,29156,80818,28347,3274,572
"Chile","CHLr113",282274,1011726,3293149,1868308,621456,39579
"China","CHNr101",1637304.4,14946455.2,55471168.7,11788441.8,664095.3,0
"China","CHNr102",1637304.4,14946455.2,55471168.7,11788441.8,664095.3,0
"China","CHNr103",1637304.4,14946455.2,55471168.7,11788441.8,664095.3,0
"China","CHNr104",1637304.4,14946455.2,55471168.7,11788441.8,664095.3,0
"China","CHNr105",1637304.4,14946455.2,55471168.7,11788441.8,664095.3,0
"China","CHNr106",1598745.3,18350286.6,41550421.9,8849726.9,103208,0
"China","CHNr107",1598745.3,18350286.6,41550421.9,8849726.9,103208,0
"China","CHNr108",1598745.3,18350286.6,41550421.9,8849726.9,103208,0
"China","CHNr109",8122714.5,52062293.2,211677911.5,85500053.8,5945605.5,0
"China","CHNr110",8122714.5,52062293.2,211677911.5,85500053.8,5945605.5,0
"China","CHNr111",8122714.5,52062293.2,211677911.5,85500053.8,5945605.5,0
"China","CHNr112",8122714.5,52062293.2,211677911.5,85500053.8,5945605.5,0
"China","CHNr113",8122714.5,52062293.2,211677911.5,85500053.8,5945605.5,0
"China","CHNr114",8122714.5,52062293.2,211677911.5,85500053.8,5945605.5,0
"China","CHNr115",8122714.5,52062293.2,211677911.5,85500053.8,5945605.5,0
"China","CHNr116",12028378.2,48324708.6,267249142.9,176133651.7,40627740,395873.8
"China","CHNr117",12028378.2,48324708.6,267249142.9,176133651.7,40627740,395873.8
"China","CHNr118",12028378.2,48324708.6,267249142.9,176133651.7,40627740,395873.8
"China","CHNr119",12028378.2,48324708.6,267249142.9,176133651.7,40627740,395873.8
"China","CHNr120",12028378.2,48324708.6,267249142.9,176133651.7,40627740,395873.8
"China","CHNr121",12028378.2,48324708.6,267249142.9,176133651.7,40627740,395873.8
"China","CHNr132",12028378.2,48324708.6,267249142.9,176133651.7,40627740,395873.8
"China","CHNr122",4136373.1,33286173.2,134531225.3,72547225.3,6706424,0
"China","CHNr123",4136373.1,33286173.2,134531225.3,72547225.3,6706424,0
"China","CHNr124",4136373.1,33286173.2,134531225.3,72547225.3,6706424,0
"China","CHNr125",4136373.1,33286173.2,134531225.3,72547225.3,6706424,0
"China","CHNr126",4136373.1,33286173.2,134531225.3,72547225.3,6706424,0
"China","CHNr127",775908.8,3673162.6,19640124.5,14646014,2225945,0
"China","CHNr128",775908.8,3673162.6,19640124.5,14646014,2225945,0
"China","CHNr129",775908.8,3673162.6,19640124.5,14646014,2225945,0
"China","CHNr130",775908.8,3673162.6,19640124.5,14646014,2225945,0
"China","CHNr131",775908.8,3673162.6,19640124.5,14646014,2225945,0
"CzechRepublic","CZEr101",216201.395,370578.304,554042.481,58975.537,7279.441,0
"CzechRepublic","CZEr102",119101.826,330796.556,690477.443,128082.737,4575.335,0
"CzechRepublic","CZEr103",147345.75,306691.911,617998.546,113710.441,5367.68,0
"CzechRepublic","CZEr104",123624.398,318574.002,543533.1,111968.044,0,0
"CzechRepublic","CZEr105",160631.809,407489.548,748055.525,125003.681,42009.354,0
"CzechRepublic","CZEr106",181576.212,412923.129,831434.429,204445.454,21585.658,0
"CzechRepublic","CZEr107",110258.447,312491.362,627226.345,154117.012,0,0
"CzechRepublic","CZEr108",140855.275,336961.796,559119.215,161728.708,8580.913,0
"Denmark","DNKr101",356385.6309,520482.8023,707475.8298,201563.1177,20936.8523,734.6264
"Denmark","DNKr104",148792.4548,274321.7404,305420.9246,89348.9355,9733.7998,0
"Denmark","DNKr103",225407.8662,411574.439,441388.0269,128284.1346,10805.1299,0
"Denmark","DNKr102",230458.4226,411696.8767,487975.5842,158250.7697,12427.4299,704.017
"Denmark","DNKr105",110102.1313,199328.6291,204256.7478,62841.1664,4101.6641,0
"DominicanRepublic","DOMr101",116264.728,295988.041,1220850.156,1135140.561,382259.712,32295.369
"DominicanRepublic","DOMr102",33211.493,80870.94,374844.709,392186.055,167752.693,14167.917
"DominicanRepublic","DOMr105",11408.543,29616.006,106042.345,135722.36,83009.229,9147.237
"DominicanRepublic","DOMr108",17028.304,55985.574,136959.528,180926.476,36997.005,0
"DominicanRepublic","DOMr104",24084.258,47086.37,300182.609,204890.718,87907.892,0
"DominicanRepublic","DOMr107",8554.157,27121.669,100512.597,129938.578,63533.595,4488.607
"DominicanRepublic","DOMr106",43919.941,90684.268,348743.178,304064.134,150924.417,17255.334
"DominicanRepublic","DOMr103",73474.94,162670.006,588318.587,498198.396,246660.368,11399.542
"DominicanRepublic","DOMr109",24428.305,56731.675,265434.908,278809.717,134727.226,7590.027
"Estonia","ESTr101",94971.44362,149798.3637,271580.41119,57070.3915,4498.09047,1499.70462
"Estonia","ESTr102",26941.51057,39437.16553,57833.25888,19343.72614,4187.76017,0
"Estonia","ESTr104",26424.44849,39481.15072,62736.20746,11298.05896,1853.35327,604.18232
"Estonia","ESTr105",63138.01696,75731.37744,123385.98854,43796.25813,4418.53437,47.85028
"Estonia","ESTr103",25330.46673,31343.43955,46523.03687,16306.45109,2322.35245,0
"Finland","FINr102",333760.988,511384.67,547377.968,150533.259,15868.702,0
"Finland","FINr103",250628.167,396886.022,385923.564,104155.778,16617.748,1665.761
"Finland","FINr101",276434.808,473824.78,446986.401,133202.222,23204.019,1479.099
"Finland","FINr104",250555.25,457956.803,401759.024,146297.835,33840.349,25992.255
"Finland","FINr105",4476.784,13372.311,10884.07,3510.354,0,0
"France","FRAr101",1683772.225,2810788.374,5170731.837,1974305.765,211672.35,0
"France","FRAr102",243360.155,394820.463,501732.967,153333.717,16250.625,0
"France","FRAr103",223759.825,537933.269,836609.006,247169.882,42716.088,0
"France","FRAr104",288388.324,513801.491,781945.766,233143.351,13155.845,0
"France","FRAr105",392733.562,746526.875,988899.317,351690.99,29121.001,0
"France","FRAr106",231439.628,438952.88,555487.156,182982.052,34145.373,0
"France","FRAr107",286014.178,494425.142,651737.651,121546.748,35682.67,0
"France","FRAr108",651782.9,1096169.449,1574335.274,622020.631,72065.979,4483.139
"France","FRAr109",408614.328,663204.633,884367.532,289424.352,31213.293,0
"France","FRAr110",283441.848,628201.385,725948.526,206210.163,9062.605,0
"France","FRAr111",197785.348,353117.5,436624.69,160146.382,14995.172,0
"France","FRAr112",546038.29,1154371.869,1384560.976,517946.904,32303.948,0
"France","FRAr113",587405.444,977990.803,1242898.986,400272.355,28977.209,0
"France","FRAr114",328343.411,581099.541,654332.456,187899.433,11453.351,0
"France","FRAr115",588544.698,1058790.091,1320223.763,314857.211,39822.551,0
"France","FRAr116",465922.419,928623.83,1216728.378,300853.553,14057.953,0
"France","FRAr117",133806.5,243856.785,252744.66,72021.303,9750.26,0
"France","FRAr118",1009342.763,1828769.027,2724074.051,804642.575,47681.387,0
"France","FRAr119",259650.19,442055.218,519912.314,82986.275,22714.374,0
"France","FRAr120",480207.161,906171.362,1037776.447,289229.072,45540.093,0
"France","FRAr121",856282.041,1463203.645,2076955.38,600599.88,36681.523,0
"France","FRAr122",40638.187,82199.015,86311.249,13469.165,0,0
"Germany","DEUr101",2117585.5055,3202983.8732,4197884.3682,1119544.7107,128859.3097,0
"Germany","DEUr102",2604602.9192,4159155.8909,4878678.6773,774376.6995,49628.0451,0
"Germany","DEUr103",1190598.0954,1009771.117,871592.0885,170806.8135,89914.6226,3988.4594
"Germany","DEUr104",517968.3288,960158.433,765588.2813,137711.1855,3484.2118,0
"Germany","DEUr105",180536.5695,195267.7769,221066.5631,45329.7583,87855.995,0
"Germany","DEUr106",465449.9409,652164.3759,635016.0344,129886.0377,15129.6241,0
"Germany","DEUr107",1197941.9606,2007276.4924,2300200.8161,447343.6332,64840.484,350.1055
"Germany","DEUr108",462413.0702,549724.5395,429136.6252,75430.4902,5404.1811,0
"Germany","DEUr109",1591117.2869,2829759.6027,2756300.5715,608051.6164,109674.9273,0
"Germany","DEUr110",3592317.3396,5779991.7329,6744528.2219,1677163.5689,207088.8449,0
"Germany","DEUr111",777213.6721,1295864.0912,1313425.9142,396703.2706,78393.8056,0
"Germany","DEUr112",251135.6019,280766.9271,304204.944,64275.6201,14003.1564,0
"Germany","DEUr113",1025209.7509,1472801.1643,1786068.3581,217555.7173,25598.7245,0
"Germany","DEUr114",628894.9322,774964.8862,609792.0871,112372.8531,48381.8163,0
"Germany","DEUr115",568584.4795,1024183.6565,1015128.99,164084.0748,25342.3286,0
"Germany","DEUr116",518188.6368,803176.3505,660350.4321,134824.3381,2339.8076,0
"Georgia","GEOr105",16983.015,48512.183,104672.123,114444.213,41511.22,0
"Georgia","GEOr111",38378.592,131792.857,491539.726,291529.055,114175.472,13414.416
"Georgia","GEOr110",18648.508,24874.299,89817.494,70182.493,25642.737,0
"Georgia","GEOr106",12033.935,69855.806,140157.953,151149.118,44122.459,0
"Georgia","GEOr109",8582.646,20265.409,46861.137,59836.735,20918.554,4485.351
"Georgia","GEOr102",5603.987,18700.764,127343.019,124467.889,71403.454,0
"Georgia","GEOr103",5056.26,16042.571,48631.54,27942.422,12398.865,0
"Georgia","GEOr108",12310.678,40720.903,123469.93,100737.48,32893.785,0
"Georgia","GEOr104",29165.053,74547.117,193972.114,161724.112,61566.759,7979.183
"Georgia","GEOr107",7015.396,17087.609,37489.716,26596.346,9686.082,1750.912
"Greece","GRCr101",386825.28,809489.26,2113058.34,450278.66,69177.2,0
"Greece","GRCr104",126885.34,248770.84,626871.48,149150.19,19547.78,0
"Greece","GRCr103",126885.34,248770.84,626871.48,149150.19,19547.78,0
"Greece","GRCr102",126885.34,248770.84,626871.48,149150.19,19547.78,0
"Greece","GRCr105",312520.45,748197.31,1444628.37,434990.16,51820.13,47542.88
"Greece","GRCr107",312520.45,748197.31,1444628.37,434990.16,51820.13,47542.88
"Greece","GRCr108",312520.45,748197.31,1444628.37,434990.16,51820.13,47542.88
"Greece","GRCr106",312520.45,748197.31,1444628.37,434990.16,51820.13,47542.88
"Greece","GRCr111",255510.92,654251.01,1194800.67,422343.63,68265.14,0
"Greece","GRCr110",255510.92,654251.01,1194800.67,422343.63,68265.14,0
"Greece","GRCr113",255510.92,654251.01,1194800.67,422343.63,68265.14,0
"Greece","GRCr112",255510.92,654251.01,1194800.67,422343.63,68265.14,0
"Greece","GRCr109",255510.92,654251.01,1194800.67,422343.63,68265.14,0
"Guatemala","GTMr101",63945.838,208936.041,1105021.512,1151034.322,695356.993,104688.868
"Guatemala","GTMr103",14429.067,65107.106,355282.206,427382.46,335422.705,53990.794
"Guatemala","GTMr105",18771.611,86165.689,553092.848,603235.958,457647.037,63722.701
"Guatemala","GTMr104",13745.88,56196.805,366825.025,421218.355,280932.303,56057.577
"Guatemala","GTMr106",31058.956,142701.906,917540.977,1212684.708,1330312.054,225879.404
"Guatemala","GTMr107",12574.845,65404.643,468663.951,734398.368,844217.25,191625.898
"Guatemala","GTMr102",3090.369,38154.283,296497.083,400844.358,631146.445,164470.723
"Guatemala","GTMr108",6465.232,29905.953,195535.69,240632.032,213921.63,37153.544
"Hungary","HUNr101",463796.09,703471.43,1311786.42,373017.97,90883.2,0
"Hungary","HUNr102",118340.03,283023.84,509080.9,240276.49,68302.84,0
"Hungary","HUNr103",103962.65,203276.9,503513.47,233189,58954.13,0
"Hungary","HUNr104",134478.12,285392.37,291198.04,67888.52,0,0
"Hungary","HUNr105",173609.6,314431.87,420302.4,180111.85,0,0
"Hungary","HUNr106",158875.51,375373.87,645892.06,291937.46,21033.29,0
"Hungary","HUNr107",184558.24,360631.81,558504.94,127801.18,40644.5,0
"India","INDr108",21958.61,304393.4,3211289,4791634,5398879,1343909
"India","INDr107",79060.28,402116.6,2276104,2635440,1441460,142206.4
"India","INDr118",152819.3,816745.5,7208140,11166150,6624835,1054756
"India","INDr131",31595.97,110585.9,371252.6,627969.8,260666.7,0
"India","INDr127",237211.6,478294.3,5463506,7540527,4423797,1056055
"India","INDr106",36628.57,594574.1,5188350,9635405,6131530,1578479
"India","INDr124",97788.64,377388.3,4725682,8391386,5746929,1025486
"India","INDr119",474047.4,2564962,14392400,23898550,21395130,6434044
"India","INDr123",818500.2,5865244,34653410,61448650,67504030,20667550
"India","INDr103",328217.5,2896615,16075950,32564760,30411240,7235036
"India","INDr120",1735.905,27339.43,234412.2,155504.2,201647.5,10415.43
"India","INDr125",10070.96,138080.2,435822.4,526278.3,285055.5,60393.62
"India","INDr116",52823.89,209990.3,609256.4,618511.2,484421.9,76596.1
"India","INDr113",0,15112.72,517683.4,940361.3,1173189,0
"India","INDr115",7396.206,56267.35,390127.3,370020.7,291088.3,0
"India","INDr126",8462.229,174329.8,1570533,1758698,234466.5,0
"India","INDr114",47697.22,129589.6,637771.3,1017462,900749.5,264861.7
"India","INDr102",43090.48,945380,10699320,11344950,6989920,540079
"India","INDr122",760282.9,4912915,36239400,30538860,16078690,2118860
"India","INDr128",81272.45,2319483,11840570,16183180,14674440,3303674
"India","INDr117",299366.9,1547419,12067280,16606310,10292040,2264586
"India","INDr129",348688.9,1753942,9073406,13412850,9256803,1246410
"India","INDr111",496694.5,3057633,15070240,25156040,17138870,3448265
"India","INDr105",545766.1,2248601,14965070,22163920,16831540,2502995
"India","INDr134",227.2638,3525.776,19252.86,23356.46,14544.34,0
"India","INDr132",0,40504.07,541275.2,218624.4,196183.9,29661.85
"India","INDr112",540460.1,5351463,33141010,42083090,23314010,6029571
"India","INDr101",975704.1,6368326,34411160,30859300,9246530,2262187
"India","INDr130",975704.1,6368326,34411160,30859300,9246530,2262187
"India","INDr109",394312,3010691,20089510,20606110,14010040,5146439
"India","INDr104",26778.28,280164.4,1503589,1279030,329610.9,116081
"India","INDr110",232647,2286730,12396150,12310330,5465148,1435073
"India","INDr135",232647,2286730,12396150,12310330,5465148,1435073
"India","INDr121",1130123,6868131,30477890,23133660,7072617,765126.9
"India","INDr133",9854.268,172553.9,970364.4,552990.1,164152.2,0
"Ireland","IRLr101",78108.555,192881.581,383508.651,154836.716,22518.933,0
"Ireland","IRLr103",78108.555,192881.581,383508.651,154836.716,22518.933,0
"Ireland","IRLr106",142889.437,338398.167,726826.864,337014.732,49874.989,4111.395
"Ireland","IRLr107",142889.437,338398.167,726826.864,337014.732,49874.989,4111.395
"Ireland","IRLr108",142889.437,338398.167,726826.864,337014.732,49874.989,4111.395
"Ireland","IRLr104",192897.009,497460.523,1074457.408,491971.216,60162.892,0
"Ireland","IRLr105",192897.009,497460.523,1074457.408,491971.216,60162.892,0
"Ireland","IRLr102",192897.009,497460.523,1074457.408,491971.216,60162.892,0
"Italy","ITAr101",744220.999,1469028.591,2337214.903,294365.419,0,0
"Italy","ITAr102",61596.082,116515.09,138463.967,53892.498,0,0
"Italy","ITAr104",845733.798,1662397.086,3875680.618,708172.534,106094.136,0
"Italy","ITAr113",328416.831,723804.906,1375445.425,411856.59,96863.901,0
"Italy","ITAr114",328416.831,723804.906,1375445.425,411856.59,96863.901,0
"Italy","ITAr115",421052.838,722683.468,2015220.143,738572.579,77222.915,0
"Italy","ITAr116",174192.649,506158.247,1173005.734,387740.822,38139.63,0
"Italy","ITAr103",353448.138,486959.853,930151.144,123763.814,0,0
"Italy","ITAr117",597062.884,1057608.409,2305965.449,429752.208,71276.621,0
"Italy","ITAr118",338366.593,995874.068,2005258.165,272643.46,33018.252,0
"Italy","ITAr119",64173.761,215664.648,605915.742,118155.23,9428.616,0
"Italy","ITAr120",235136.511,480779.272,831733.434,191733.196,0,0
"Italy","ITAr121",910031.053,1153641.768,2713911.949,416012.765,8816.109,0
"Italy","ITAr105",151823.199,265533.878,568126.077,270318.776,0,0
"Italy","ITAr106",90433.528,214065.685,825257.611,14247.405,0,0
"Italy","ITAr107",471650.557,846753.7,2804637.803,1543180.992,86338.785,0
"Italy","ITAr108",326444.191,720431.21,2300113.544,336177.612,0,0
"Italy","ITAr109",273257.149,398995.77,1009428.307,51354.666,0,0
"Italy","ITAr110",293505.856,381548.163,1123732.218,407869.136,0,0
"Italy","ITAr111",396927.682,632127.733,1920441.584,597160.882,35994.94,0
"Italy","ITAr112",130293.385,350985.302,875421.305,185300.636,23380.224,0
"Japan","JPNr101",638009.08,2581175.51,2110898.09,132894.16,79390,0
"Japan","JPNr102",1590316.29,3572778.71,3758658.39,1432482.57,68011.86,0
"Japan","JPNr103",6676710.39,11377128.48,17840640.14,3476338.89,530659.81,0
"Japan","JPNr104",6676710.39,11377128.48,17840640.14,3476338.89,530659.81,0
"Japan","JPNr105",2793207.92,6634493.7,9677302.61,3652287.98,691442.77,0
"Japan","JPNr106",2793207.92,6634493.7,9677302.61,3652287.98,691442.77,0
"Japan","JPNr107",2163843.46,5572731.5,10616871.65,1898971.99,300451.27,0
"Japan","JPNr108",825209.16,1729026.24,3878031.1,607850.9,47422.27,0
"Japan","JPNr109",653196,1910405.49,1800231.67,345099.35,0,0
"Japan","JPNr110",2266215.47,4620166.31,6299045.83,1339618.07,415008.51,0
"Lithuania","LTUr101",24987.9253,39311.2546,56060.8051,20152.27,3396.3821,0
"Lithuania","LTUr102",105682.088,144831.4058,243003.2772,55331.1976,24985.3209,0
"Lithuania","LTUr103",55457.9637,75544.1163,142933.4444,46264.4469,5467.5721,252.7144
"Lithuania","LTUr104",18562.8375,40326.549,59736.3346,16908.2967,14141.0288,0
"Lithuania","LTUr105",44606.7035,52179.2432,114078.0499,21063.7017,0,0
"Lithuania","LTUr106",46512.9998,77406.3433,129831.076,15914.3906,3732.4929,0
"Lithuania","LTUr107",19486.554,35317.6999,34662.9259,12138.8005,0,0
"Lithuania","LTUr108",19880.8142,32852.1483,59991.0537,24916.2535,3602.2453,0
"Lithuania","LTUr109",31105.2464,42154.3851,50215.5239,14268.2167,0,0
"Lithuania","LTUr110",142068.6431,202429.3881,360864.8558,83213.6426,16989.1714,0
"Mexico","MEXr101",23040.897,100511.304,519136.707,445568.581,168981.611,15943.836
"Mexico","MEXr102",132438.059,392194.311,1511602.909,1005944.806,340144.852,68180.692
"Mexico","MEXr103",29900.454,63366.476,335953.958,244589.065,70727.096,4910.421
"Mexico","MEXr104",23756.416,65146.253,383489.838,278021.013,120237.166,25764.678
"Mexico","MEXr105",86995.621,240221.796,1150136.809,1099785.955,366238.227,0
"Mexico","MEXr106",27707.801,80120.03,297607.58,218372.428,72126.065,17006.09
"Mexico","MEXr107",66834.836,383375.596,1582460.282,1731385.329,1200466.618,215498.328
"Mexico","MEXr108",137802.443,368449.921,1572180.466,1193824.523,351917.837,52260.908
"Mexico","MEXr109",376732.498,1013685.233,3923518.452,2447599.271,877871.009,178549.917
"Mexico","MEXr110",53796.166,147893.859,664974.202,610785.202,257993.511,20344.174
"Mexico","MEXr111",119309.197,499894.872,1949780.806,2096438.04,987901.515,124750.745
"Mexico","MEXr112",77322.092,255594.42,1252277.571,1065382.945,817660.231,79126.922
"Mexico","MEXr113",67721.718,305855.083,1200471.629,966252.572,274269.051,38473.648
"Mexico","MEXr114",164666.454,631199.525,3153802.97,2647880.306,1145913.847,116820.916
"Mexico","MEXr115",305522.377,1294717.637,6170464.9,6034162.641,2705337.24,184597.752
"Mexico","MEXr116",93245.886,373033.648,1765091.861,1515291.737,726791.39,97459.828
"Mexico","MEXr117",62587.823,169810.37,900551.141,508454.036,256977.355,0
"Mexico","MEXr118",30954.692,122522.015,559104.526,385292.664,108358.958,0
"Mexico","MEXr119",128494.69,450379.792,2324334.68,1576192.981,527564.592,27814.027
"Mexico","MEXr120",50376.909,328513.167,1389795.41,1351447.028,783392.508,67647.561
"Mexico","MEXr121",146909.77,428970.357,2187534.364,2273372.529,1012688.117,82178.398
"Mexico","MEXr122",56581.076,150848.128,767635.068,666073.535,294700.41,49132.268
"Mexico","MEXr123",50797.803,134094.574,623083.301,484981.222,250335.259,0
"Mexico","MEXr124",63426.603,223251.783,1046468.806,924876.764,453073.508,16005.968
"Mexico","MEXr125",86078.675,311340.724,1196995.252,1038515.928,305358.028,19224.799
"Mexico","MEXr126",104092.905,299828.293,1239861.221,917525.163,310155.208,33813.759
"Mexico","MEXr127",54228.082,201986.654,1019664.923,785951.94,270581.225,29190.949
"Mexico","MEXr128",113994.919,394012.169,1431283.456,1252838.762,263670.559,40443.829
"Mexico","MEXr129",17309.735,79973.719,417956.984,517471.172,201504.631,18652.584
"Mexico","MEXr130",250540.695,848246.14,3310806.16,2404570.957,1043803.149,163226.397
"Mexico","MEXr131",54570.81,184756.088,812992.324,644733.247,358202.173,42251.666
"Mexico","MEXr132",63597.967,194386.525,679432.886,432975.857,188067.114,7110.089
"Paraguay","PRYr105",52029.26,172464.69,896032.42,834877.54,472441.06,67439
"Paraguay","PRYr101",24842.42,72422.89,430197.54,414944.83,218091.8,50861.05
"Paraguay","PRYr104",21428.81,61238.9,271585.32,199956.58,104996.68,17056.03
"Paraguay","PRYr102",33734,108613.32,575727.43,521047.71,249979.48,27478.89
"Paraguay","PRYr103",16678.97,51363.14,288907.4,243780.37,135553.12,18844.35
"Poland","POLr101",241922.758,501500.891,1184532.281,550080.216,104308.047,10900.706
"Poland","POLr102",528414.658,1033042.939,2690917.276,1080885.638,229301.246,0
"Poland","POLr103",278059.696,533986.901,1352468.912,851182.115,218275.757,15007.244
"Poland","POLr104",381298.025,954280.818,2283634.82,772159.861,97095.252,10270.498
"Poland","POLr105",151193.485,355805.434,952098.866,504194.054,140753.673,0
"Poland","POLr106",122497.023,284526.306,811633,662676.563,212218.467,18307.973
"Poland","POLr107",89647.732,226132.094,490450.999,348348.102,103200.844,12035.583
"Poland","POLr108",120688.163,205334.486,474583.099,309138.871,23853.8,4895.493
"Poland","POLr109",239200.161,539451.72,1445446.555,965797.895,326432.222,5883.951
"Poland","POLr110",156478.675,345890.167,752880.035,261912.794,65208.253,5139.023
"Poland","POLr111",75980.653,194513.028,477932.383,191726.026,61015.171,0
"Poland","POLr112",285669.233,616442.215,1291522.171,498644.201,154419.745,16529.554
"Poland","POLr113",87448.42,175806.553,396311.811,247468.586,51045.311,6956.436
"Poland","POLr114",178159.832,344189.486,883832.658,473086.199,95219.975,0
"Poland","POLr115",132165.49,262541.744,589229.068,263811.72,72862.32,0
"Poland","POLr116",200520.002,428521.586,985737.615,499252.018,164917.672,0
"Russia","RUSr107",1917791.011,4345832.533,9073064.242,2579469.951,200757.189,0
"Russia","RUSr103",1453290.897,3474167.985,7341870.941,3480705.468,370729.459,0
"Russia","RUSr108",796284.202,1781063.164,3319884.27,1079366.384,124836.382,5972.426
"Russia","RUSr104",407703.51,1049808.124,3278838.953,3877232.005,814712.32,24280.394
"Russia","RUSr102",2263563.489,4471485.726,7850852.779,2226526.708,103223.034,0
"Russia","RUSr101",4552515.978,8703205.705,18354938.955,6281964.257,331814.447,0
"Russia","RUSr105",2686495.519,6051277.463,12834800.012,4333795.949,297729.751,0
"Russia","RUSr106",1290809.944,2925429.517,6037679.584,1766567.807,176334.901,0
"Serbia","SRBr101",165238.122,313545.057,766376.856,300265.594,34776.093,0
"Serbia","SRBr102",217447.357,376117.431,736286.506,330277.452,74604.177,7580.917
"Serbia","SRBr103",160879.896,361428.425,674870.839,520240.719,169492.352,36001.397
"Serbia","SRBr104",118925.177,287334.512,570808.794,395272.501,124076.809,13495.829
"Slovakia","SVKr101",59869.711,149556.667,315487.707,73937.11,9390.096,0
"Slovakia","SVKr102",152941.088,308602.154,996800.086,270900.411,37751.645,1122.105
"Slovakia","SVKr103",111261.924,208664.273,652871.526,253416.599,73040.906,2435.187
"Slovakia","SVKr104",83786.919,263150.629,705643.201,373343.629,128498.125,14991.43
"SouthAfrica","ZAFr101",449132.07,868519.2,2324294.85,1500528.23,1034899.21,275003.42
"SouthAfrica","ZAFr102",651058.27,667336.08,1676186.84,1835082.33,1784598.88,396749.22
"SouthAfrica","ZAFr103",152879.14,160144.46,351958.77,301550.55,244042.48,38949.09
"SouthAfrica","ZAFr104",271862.73,325763.83,1019303.72,776956.84,419218.26,91352.27
"SouthAfrica","ZAFr105",1047638.59,920885.24,2597605.47,2162947.95,2991627.18,1628262.46
"SouthAfrica","ZAFr106",438661.13,221342.65,771191.26,707930.44,626352.79,172326.12
"SouthAfrica","ZAFr107",1886209.81,1817330.04,4769457.26,2946852.07,1697454.91,542330.44
"SouthAfrica","ZAFr108",415227.9,315754.02,1264113.27,881717.92,795289.15,468970.49
"SouthAfrica","ZAFr109",266429.79,371385.8,1234200.6,1657160.39,1309041.86,388008.83
"Spain","ESPr101",280580.629,675983.511,1383401.958,338248.515,11861.639,4386.889
"Spain","ESPr102",136804.573,310266.527,510627.084,66830.038,0,0
"Spain","ESPr103",67200.164,148066.63,306122.308,50671.24,1935.391,3037.24
"Spain","ESPr104",248398.406,580188.245,1135272.532,182725.902,0,0
"Spain","ESPr105",69465.484,153229.321,321749.988,85240.725,0,0
"Spain","ESPr106",36984.032,81256.273,158027.227,29323.016,2813.567,0
"Spain","ESPr107",147812.102,338232.442,675301.572,133345.248,0,0
"Spain","ESPr108",667902.33,1560430.387,3386260.736,683175.966,83664.095,0
"Spain","ESPr109",301224.805,661698.694,1218892.96,200465.162,6631.945,0
"Spain","ESPr110",189257.933,463555.973,1134060.326,174659.926,42113.897,0
"Spain","ESPr111",112613.209,258878.618,588112.688,109168.303,0,0
"Spain","ESPr112",760623.166,1879300.017,3914660.529,697960.807,111795.156,0
"Spain","ESPr113",522824.713,1225521.922,2668582.402,436355.24,50508.552,0
"Spain","ESPr114",107780.201,279160.108,600028.762,117198.466,35001.559,0
"Spain","ESPr115",755908.405,1829578.86,4592819.551,1150629.663,36810.075,0
"Spain","ESPr116",114747.63,306983.731,812146.733,191315.096,35178.107,5467.297
"Spain","ESPr117",4152.998,17287.904,41790.445,22256.113,1268.718,0
"Spain","ESPr118",5078.119,6689.751,33964.397,27405.983,4996.973,3317.943
"Spain","ESPr119",197817.66,461548.203,1152271.716,264158.257,37366.689,0
"Switzerland","CHEr101",265112.316,420072.589,636138.003,205792.984,30017.006,0
"Switzerland","CHEr102",318374.169,560517.738,657121.846,251743.996,23106.101,0
"Switzerland","CHEr103",186818.537,351478.885,423438.826,145096.186,11720.107,0
"Switzerland","CHEr104",256607.277,498287.96,564510.691,116410.297,14127.399,0
"Switzerland","CHEr105",178293.227,366647.75,462128.292,118404.454,12613.023,0
"Switzerland","CHEr106",115424.869,231894.769,300788.892,112112.731,15342.529,0
"Switzerland","CHEr107",70206.294,86770.772,154705.308,32526.741,1509.436,0
"UnitedStates","USAr120",193564.814,492048.023,475056.872,162249.179,17666.049,0
"UnitedStates","USAr130",123229.225,385142.922,553375.727,196917.001,24310.47,6594.701
"UnitedStates","USAr146",82309.662,203881.488,236141.687,74417.635,10010.471,2193.589
"UnitedStates","USAr122",765176.937,1771809.32,3006162.814,1063185.768,121424.846,14523.105
"UnitedStates","USAr140",163558.837,310211.601,411743.651,129397.049,29614.557,0
"UnitedStates","USAr107",385771.341,954914.438,1679522.494,445925.044,101947.755,0
"UnitedStates","USAr133",2515904.328,4959318.866,8031225.788,3393926.673,690747.799,54012.535
"UnitedStates","USAr131",946724.62,2091627.819,3788874.914,1623172.279,455292.953,24238.636
"UnitedStates","USAr139",1501796.214,3794206.616,5051492.489,1958906.789,272257.206,0
"UnitedStates","USAr136",1385468.032,3293176.653,4281022.757,1988651.843,455291.373,20864.054
"UnitedStates","USAr115",821629.832,1757667.133,2557018.421,1141599.703,205843.11,23986.544
"UnitedStates","USAr114",1630906.014,3419222.265,4642686.089,2495859.632,488327.981,0
"UnitedStates","USAr123",1207852.465,3048781.285,3856028.371,1527978.188,191102.63,0
"UnitedStates","USAr150",771267.705,1770255.481,2087446.883,851650.933,220222.056,16867.926
"UnitedStates","USAr124",634788.705,1621320.99,2194707.996,827126.078,171758.867,0
"UnitedStates","USAr116",369540.305,972279.145,1240414.926,386456.141,126736.934,0
"UnitedStates","USAr126",693906.796,1654574.113,2620686.734,861787.239,111567.286,0
"UnitedStates","USAr135",109826.239,228589.5,283533.116,115398.401,21280.53,0
"UnitedStates","USAr142",118453.867,249377.468,283078.072,143115.039,50181.23,0
"UnitedStates","USAr128",203197.688,517061.617,686447.718,350413.617,83597.626,6821.447
"UnitedStates","USAr117",334699.528,834252.318,1082964.16,502783.422,92311.981,0
"UnitedStates","USAr108",126219.258,292698.863,363918.624,133716.084,35023.225,4171.205
"UnitedStates","USAr121",602250.989,1463563.261,2514557.012,1180102.63,116444.605,0
"UnitedStates","USAr109",140250.072,206723.63,248814.893,63314.001,12463.273,2389.48
"UnitedStates","USAr147",965852.998,2093401.242,3462635.139,1292911.901,350153.604,0
"UnitedStates","USAr149",218899.485,558197.304,735342.995,233118.057,45855.734,6070.764
"UnitedStates","USAr134",1121923.672,2933791.328,4030974.631,1560448.68,225879.665,0
"UnitedStates","USAr141",596309.182,1536158.413,1797761.256,721030.473,135900.201,0
"UnitedStates","USAr111",1150596.016,2646180.847,4208529.746,1697945.488,383646.655,0
"UnitedStates","USAr110",2607855.946,5861938.01,7804878.938,2976029.441,742984.841,30663.602
"UnitedStates","USAr118",615814.438,1228596.985,1749448.439,634558.978,129377.095,18403.9
"UnitedStates","USAr143",801730.636,2002810.174,2599390.811,982913.013,198299.154,13554.517
"UnitedStates","USAr101",582003.552,1439067.873,1929577.311,777629.248,94860.964,0
"UnitedStates","USAr125",319490.732,823664.179,1154812.049,524423.035,117747.522,0
"UnitedStates","USAr104",339708.934,840686.336,1201776.611,499338.686,65555.59,0
"UnitedStates","USAr119",538319.452,1271416.257,1988864.046,703848.453,81315.069,11728.623
"UnitedStates","USAr137",480024.68,1106184.447,1480407.482,657269.421,140977.681,31000.471
"UnitedStates","USAr144",2507984.876,6699203.705,11232996.686,5480008.466,1352426.023,54759.898
"UnitedStates","USAr127",132221.087,334900.879,360334.68,159912.34,24186.905,5757.54
"UnitedStates","USAr113",171904.587,468494.118,600492.369,330472.712,68788.612,10277.736
"UnitedStates","USAr151",73744.448,177114.844,211199.367,88780.938,21976.792,0
"UnitedStates","USAr106",724441.702,1459606.321,2142898.963,881230.662,194255.396,0
"UnitedStates","USAr132",228883.36,592774.158,737356.838,398968.364,78245.13,0
"UnitedStates","USAr103",721326.734,1912866.617,2504806.074,1295194.099,282181.539,0
"UnitedStates","USAr145",197898.212,643217.552,971519.689,935759.003,239879.733,10799.943
"UnitedStates","USAr129",340240.853,775054.431,1015470.863,553552.263,163536.693,0
"UnitedStates","USAr148",745305.486,2041061.16,2704265.116,1431298.601,251327.238,0
"UnitedStates","USAr138",451400.346,1248349.642,1579380.618,570405.836,159220.949,0
"UnitedStates","USAr105",3409427.399,9030593.423,15520664.184,8430869.191,2269492.067,182136.583
"UnitedStates","USAr102",63999.371,177443.862,274950.397,132184.48,56285.451,0
"UnitedStates","USAr112",108289.405,296796.103,554246.785,245669.079,135087.555,37832.751
"Uruguay","URYr101",112648,299896,664586,238494,59030,4005
"Uruguay","URYr102",20051,56546,155252,68391,20807,1960
"Uruguay","URYr103",55413,158194,419306,146620,41636,1650
"Uruguay","URYr104",22404,64808,162961,61145,13702,2264
"Uruguay","URYr105",9613,28384,69837,34374,7984,1754
"Uruguay","URYr106",11173,34144,76874,27175,6069,0
"Uruguay","URYr107",14028,52372,137663,75552,25223,2087
"Vietnam","VNMr101",379602.79,2127682.53,9386288.36,7414723.64,1088334.51,20784.3
"Vietnam","VNMr102",135703.6,802394.6,6270848.97,4247907.15,1626955.85,32172.2
"Vietnam","VNMr103",308667.71,1516082.58,8026053.52,6321548.9,1710769.22,27661.05
"Vietnam","VNMr104",55871.25,284268.48,2333580.03,2305868.96,595675.89,10991.8
"Vietnam","VNMr105",337096.95,1496029.46,8600167.91,5158588.36,1753646.15,57093.56
"Vietnam","VNMr106",228320.22,1362567.43,8585723.23,5795134.67,1494102.97,21533.49
"Sweden","SWEr101",488693.7691,643317.3225,889030.402,183758.7605,8763.0602,0
"Sweden","SWEr102",382829.654,539145.0666,604535.663,104197.8194,3583.5472,0
"Sweden","SWEr103",181205.1748,279150.6554,288594.8701,70407.9923,27443.7163,0
"Sweden","SWEr104",261284.9173,451864.6223,567904.5041,154977.8546,22533.1936,0
"Sweden","SWEr105",415379.6541,644827.1288,657756.6327,211165.6251,33297.8894,0
"Sweden","SWEr106",176518.8016,304960.2168,268764.4098,81027.2878,3159.1754,0
"Sweden","SWEr107",77439.2462,148496.1643,124964.9737,25461.7217,504.3792,0
"Sweden","SWEr108",105265.3146,181920.0677,153528.8885,63368.8077,8874.4784,0
"UnitedKingdom","GBRr101",377602.82,829097.71,1048980.25,285735.2,42882.5,0
"UnitedKingdom","GBRr102",1002069.04,2139318.6,2821482.96,937849.89,143971.62,0
"UnitedKingdom","GBRr103",655599.9,1717468.02,2172384.06,696810.86,45527.94,0
"UnitedKingdom","GBRr104",527239.66,1539716.29,2022549.04,448194.85,48746.9,0
"UnitedKingdom","GBRr105",682868.01,1648100.12,2467003.44,714846.47,109142.53,0
"UnitedKingdom","GBRr106",685915.82,1922484.87,2573381.43,715339.92,79529.26,0
"UnitedKingdom","GBRr107",1010988.26,2227579.9,4096172.12,1051272.36,170321.89,0
"UnitedKingdom","GBRr108",1036254.53,2707958.39,3908493.25,973551.77,141705.53,0
"UnitedKingdom","GBRr109",635970.81,1924991.18,2233631.47,509075.93,44088.61,0
"UnitedKingdom","GBRr110",409353.07,969178.74,1325452.92,302427.58,34384.67,0
"UnitedKingdom","GBRr111",817454.99,1809588.87,2130671.63,470549.44,33058.45,0
"UnitedKingdom","GBRr112",152876.82,544909.94,825106.03,285007.53,23155.33,0
"Australia","AUSr101",964347.48,2399361.63,2170742.12,346115.99,0,0
"Australia","AUSr102",776051.24,1939692.08,1697160.31,252382.72,0,0
"Australia","AUSr103",592944.69,1666188.29,1124543.91,171142.31,0,0
"Australia","AUSr104",275524.3,644521.11,375786.35,87715.98,0,0
"Australia","AUSr105",314631.77,839358.84,552918.84,216482.16,0,0
"Australia","AUSr106",84926.78,198993.09,128011.51,10815.27,0,0
"Australia","AUSr107",66993.72,197481.68,147756.57,13217.88,0,0
"Australia","AUSr108",66993.72,197481.68,147756.57,13217.88,0,0
