"GDLcode","X1","X2","X3","X4","X5","X6"
"AUTr101",35034.3541735253,76710.0907793961,116662.580981797,42427.7962715257,22068.7599164044,0
"AUTr104",97283.1989396249,160919.726336039,247982.201671864,48941.139569057,8162.85746421267,0
"AUTr102",231724.73705077,455805.042162906,755765.642467813,207616.881611071,22410.9296895783,0
"AUTr106",220761.384803387,385840.114396739,609377.247652188,196574.628990313,21009.2632017651,0
"AUTr107",80117.7373471486,144236.983304097,269381.743431655,48071.8150229626,1463.52105054622,0
"AUTr105",201470.771854499,327301.441280805,493800.433729668,175069.497648938,35028.4635050197,0
"AUTr108",95131.8070147817,183906.10951652,333165.610857134,110331.172808364,16185.1898032005,0
"AUTr109",50465.939706413,92737.992632099,137052.734747774,95637.8509947376,3543.20082417168,0
"AUTr103",427494.841432778,507261.560723057,624296.456438549,182531.346358628,37883.4830559116,0
"BELr101",248241.113771457,263473.34152864,413745.803011884,197419.078333971,48188.6753540486,0
"BELr102",247015.570960705,534220.366654317,729191.938828636,272170.473873366,34829.2066829759,0
"BELr107",61035.3041980663,103465.700844543,167487.997704385,59226.0727687144,5247.2686580407,0
"BELr108",205860.73478961,348970.575001319,564905.880766589,199758.53350882,17698.0617328843,0
"BELr109",169393.314754778,287151.809264491,464835.024344571,164372.094446251,14562.9196589231,0
"BELr103",117873.097892375,254924.04924045,347962.326640338,129876.739290224,16620.1121366121,0
"BELr110",43272.7221080092,73354.9636424712,118745.399507952,41990.0158136757,3720.20097956119,0
"BELr111",75151.706786479,127395.515013637,206225.053829308,72924.0316454441,6460.8704879929,0
"BELr104",202247.404304991,437400.290445188,597035.95321801,222843.327873061,28516.8931587495,0
"BELr105",152115.034574972,328979.056778582,449044.797278605,167605.713609526,21448.2267583145,0
"BELr106",158127.044850094,341981.22632204,466792.299639384,174229.95870933,22295.9204791517,0
"BRAr102",23617.9150545746,80773.074282416,368973.927297722,225060.094230198,91997.7454162248,7617.35249948308
"BRAr114",154785.194024792,452565.363727297,1633881.04099491,772541.837201805,258318.972813874,17053.3542283773
"BRAr106",22871.5877526828,66211.0706763277,279258.902714537,252635.45522586,133091.679058137,27752.4750812048
"BRAr103",116057.180409746,341793.429558158,1540440.58960656,1182280.97125328,650137.370912795,106338.500333667
"BRAr116",792233.238262453,2181416.00453871,7656853.49877273,3075890.80721882,841501.376998631,102368.878205356
"BRAr110",320414.336078368,1263827.870893,4603301.667719,2187625.10352193,563517.977383946,52641.556439415
"BRAr127",174291.93569255,492877.716635979,1583052.48059309,621159.593789871,83515.8534878983,11911.7629123776
"BRAr118",182126.34207255,704593.792570619,2121537.78924799,685413.761253729,106594.238105987,0
"BRAr126",311285.733383668,1160173.75184707,3673020.48786163,1350495.88807198,246098.164120635,25311.1937089681
"BRAr108",180485.259749516,739084.343834646,3149109.19061929,2039672.13038062,896230.867299773,59665.1500739753
"BRAr125",150942.389493145,554891.440625123,1746637.30031203,735375.527270517,167955.920278143,1461.66709989669
"BRAr124",132668.05271621,462374.532298764,1463032.52628803,502485.997254491,115732.858273572,9645.28996006743
"BRAr117",1094663.6683831,3790754.14152538,11362648.1531336,3709927.45802367,889937.49027067,37812.6897304256
"BRAr105",243200.665971724,909269.27816253,3657344.95614952,2386348.72684289,1039115.0707958,156754.184065124
"BRAr112",158094.732100498,592257.359335586,2092577.19995155,903132.676798216,204202.205488081,24330.6373485838
"BRAr121",483271.608607275,1995047.81252194,6398031.38852625,1903024.73119495,259872.234835231,7910.03332464538
"BRAr113",444739.161422202,1551825.70607669,4786630.25914843,2044525.94502316,590706.488995947,22360.8953067024
"BRAr109",121124.333886706,490310.503803448,1726975.41116885,743267.099446074,207708.516994153,12900.1194798455
"BRAr119",1132318.92080946,3153395.5053845,9086466.05859031,3024167.31851219,512279.868377897,37552.4063303879
"BRAr111",119822.252177062,472895.801612806,1846846.69945219,758298.87982845,226217.502715359,11238.9742304198
"BRAr123",658203.334752531,2388159.70157368,5964899.50402385,1723568.56100411,384309.951375344,8105.94038950112
"BRAr101",65696.4416757404,245907.671138437,921026.029705633,370067.99016974,58933.4825815469,12185.3624921197
"BRAr104",18539.5982718314,47731.7947439953,216993.390024612,146842.380949044,73006.0926156439,17453.9122695328
"BRAr122",340914.32367695,1318688.32361481,3812775.58749483,1073722.36188643,145902.224607241,5403.93285193631
"BRAr120",2099512.96669074,7402187.82172112,24648519.7779898,8080209.67232639,1729651.9996431,55772.068518583
"BRAr115",102043.654641933,347718.770038576,1219736.52111344,477469.250981431,119009.500504688,2331.06473477506
"BRAr107",73307.9814835047,220775.006542073,753569.358451099,386839.674937644,81235.8367630245,9906.92267406851
"CANr101",50420.5174060742,173893.82104789,223325.068829646,39095.3152754016,4884.3174844777,0
"CANr102",27184.2954599332,80542.9878946973,93967.5303703438,47400.4678467348,1909.14755208271,0
"CANr103",119368.168200354,324461.519492844,360151.872088522,112240.767056229,6094.08439672071,0
"CANr104",91194.2530995247,280723.986620039,321938.214518221,64705.7328792273,6578.33672599529,0
"CANr105",1165843.04596834,2536863.87085302,2864202.40360379,1253520.01143665,129325.25408564,0
"CANr106",1382731.4793773,3632218.96111954,5434018.66451513,2847836.90618336,326447.387796401,0
"CANr107",148893.073555212,357310.559828516,459404.655437956,279577.288990322,48929.2074190868,0
"CANr108",132132.094627199,349873.183915287,377134.385981745,225113.967333228,44329.4856085641,0
"CANr109",394390.023178346,1135352.65674462,1304222.82284926,1100993.71282491,156469.106393551,0
"CANr110",562376.715366245,1413545.0419577,1775942.99508721,803218.282941067,94261.0476219741,0
"CHLr111",5343.53263611599,19299.0766233968,59022.9197434324,22649.2673063218,4588.772090733,0
"CHLr102",20525.1257712397,71232.2410323735,250211.29737764,164969.234613353,68670.1335561092,4181.34324928561
"CHLr109",46079.3116663649,161881.268902176,509872.360896794,275112.165581296,70222.0914546139,4090.02749875581
"CHLr103",10288.0138308213,32380.0828801016,126272.409065284,88186.5164667231,32684.7369736664,464.726583403895
"CHLr108",93551.7662631244,321698.220120386,1033658.22948744,514479.50702283,128542.130520494,945.11058572537
"CHLr104",28022.1488464124,101733.394718299,354963.012284027,205855.985852254,71615.4064844816,1984.94841452624
"CHLr110",51983.9979580931,190990.467341934,602420.334914336,275721.021883955,80747.7991896995,2264.55071198206
"CHLr112",8882.87987714485,30440.6729781424,84379.0063365177,29596.0267839005,3418.25913466999,597.203489624689
"CHLr107",48176.5453597982,156206.620970169,541219.191092045,243457.594577628,52853.614544185,3216.56045617426
"CHLr106",42042.8602118577,133436.961911245,447108.329071942,237201.653777086,58112.0198149505,4241.20111291771
"CHLr113",285506.647843899,1023312.45101042,3330862.67895905,1889704.16765249,628573.015376826,40032.265157307
"CHLr101",21331.856054433,63696.4315530931,241828.660168926,132609.639976211,48368.0091982919,4044.03714904506
"CHLr105",89405.8180314608,306197.573572956,870849.614088763,432191.238195654,128579.314270609,4377.72384055713
"CHNr101",423957.224748045,3789895.06281688,14060544.3420172,2991263.40148097,168184.283693232,0
"CHNr102",295512.979159102,2641689.10290177,9800690.03323976,2085014.96759858,117230.314335281,0
"CHNr103",1491973.76488903,13337251.2020892,49481320.4110759,10526737.7423149,591867.585429357,0
"CHNr104",749490.378078131,6699944.51726858,24856853.6628798,5288088.05897719,297323.633173022,0
"CHNr105",510257.226537278,4561359.56821946,16922684.508622,3600159.82270197,202419.58654076,0
"CHNr106",1004002.66884217,11645541.4569938,26408232.1891648,5557576.57568168,64814.0223938244,0
"CHNr107",627925.960907837,7283384.83214172,16516305.2727556,3475833.99915483,40536.1544893881,0
"CHNr108",882477.334957417,10235955.2499551,23211757.3851732,4884882.79715949,56968.8781962429,0
"CHNr109",593393.556393547,3835067.44033458,15578923.7715444,6262887.96591183,434347.903153171,0
"CHNr110",1872583.57792842,12102396.8522092,49162712.5068492,19763917.2670658,1370680.11910268,0
"CHNr111",1282150.1561802,8286460.58691856,33661503.9573461,13532271.6216139,938498.953795573,0
"CHNr112",1366477.21209262,8831461.35914559,35875422.1264663,14422289.5498242,1000224.05936843,0
"CHNr113",840979.181517944,5435198.68439502,22079023.9819098,8875995.26277631,615573.829799951,0
"CHNr114",1059020.88541361,6844389.31384423,27803479.6107393,11177285.4414135,775174.411684623,0
"CHNr115",2190527.25800982,14157248.0419509,57509989.4569674,23119608.6566415,1603406.22351722,0
"CHNr116",2145812.38131042,8620582.2554886,47758017.9285081,31459055.1915861,7255329.50789903,70466.75460172
"CHNr117",1259775.51982224,5061019.58711155,28038043.9527637,18469157.8594092,4259499.37744016,41370.0159351097
"CHNr118",1504787.41300383,6045329.86378869,33491121.9987195,22061197.2834186,5087923.16409994,49416.0096583757
"CHNr119",2462745.52234194,9893828.80562923,54811802.6691283,36105508.5640213,8326930.3571554,80874.5843210086
"CHNr120",1052764.83897551,4229375.30285493,23430735.3672697,15434241.8104916,3559563.6727723,34571.9514937754
"CHNr121",200554.205957872,805706.055292784,4463610.82040385,2940259.77717606,678105.346531184,6586.03899328126
"CHNr122",503657.342824175,4053920.85279303,16326947.0337169,8820332.8086483,812171.223362689,0
"CHNr123",1324149.75841752,10658036.4494826,42924665.5060463,23189260.9611194,2135253.94701691,0
"CHNr124",580747.705832764,4674418.56736522,18825968.0280174,10170382.9325331,936483.070149397,0
"CHNr125",792094.162356257,6375539.02052934,25677138.6712843,13871601.8485779,1277289.20073325,0
"CHNr126",52833.4048677227,425254.282040891,1712688.62685352,925248.526576241,85196.3575577498,0
"CHNr127",729617.639775155,3454019.84702309,18522660.309562,13810993.7138172,2093143.99761655,0
"CHNr128",490009.777448755,2319712.96234688,12439782.3753883,9275436.3205079,1405751.40803388,0
"CHNr129",115189.06841546,545306.619217304,2924282.34916575,2180423.57127856,330457.069567511,0
"CHNr130",129121.305293687,611262.018411945,3277977.32168215,2444148.05579609,370426.193674789,0
"CHNr131",450835.252446386,2134260.22727104,11445266.3715936,8533898.43949364,1293366.62263662,0
"CHNr132",154553.763157794,620903.970823123,3439807.43894333,2265862.29420445,522570.606900306,5075.42140965821
"CZEr106",185272.712553752,421329.354453175,848360.643030763,208607.523059592,22025.0955004921,0
"CZEr103",148858.258287321,309840.112132654,624342.318537567,114877.681889998,5422.77938687533,0
"CZEr108",138060.265971022,330275.420482714,548024.541731996,158519.50480115,8410.64085852804,0
"CZEr101",225682.088529677,386828.61232466,578337.916118645,61561.6858638644,7598.65332140231,0
"CZEr105",160881.066909745,408121.863564455,749216.308519125,125197.653516592,42074.5413612889,0
"CZEr104",124870.083702517,321784.07287521,549009.942940946,113096.27591705,0,0
"CZEr102",250243.833447667,695033.829831677,1450756.28181774,269113.549152046,9613.19744759651,0
"CZEr107",108684.21642525,308029.722372466,618271.032128711,151916.584559013,0,0
"DNKr101",448578.504848034,492702.584605169,619684.054930635,164951.659579888,14910.2211862247,655.501850050562
"DNKr104",274830.405426699,394900.403878248,453727.574953372,144978.979001029,10464.5438953898,336.607845263247
"DNKr105",125874.281461096,189569.818896397,194521.415446138,58244.8669250133,3454.37466809974,107.643403255233
"DNKr102",162354.332872317,264476.094588823,295902.621637808,78286.927897012,7312.30350404038,0
"DNKr103",252452.980227102,392018.637264791,415679.015417107,132425.134410646,8817.16468035431,0
"ESTr103",24785.6152289981,30912.2388486625,45522.3389195995,15955.7037343869,2272.39927814726,0
"ESTr104",25604.8377834831,38256.5585163985,60790.3099989706,10947.6255314853,1795.86756536935,585.442313043296
"ESTr102",26352.3506457686,38305.6815077813,56173.9761289868,18788.7390677967,4067.60995938898,0
"ESTr105",62378.3452326191,74713.0079438504,121725.380660382,43120.0969837404,4350.31755039668,47.1115290114667
"ESTr101",97148.5610681536,153418.213032213,277806.097867526,58378.6683933159,4601.20431321152,1534.08372558038
"FINr105",4149.58466528996,12394.9565964966,10088.5752471873,3253.78881406013,0,0
"FINr103",248573.631008077,393632.529366351,382759.936632213,103301.955828882,16481.5233570124,1652.10579118391
"FINr102",333478.302024115,510951.541621621,547229.469388995,150405.761736282,15855.2612289875,0
"FINr101",279611.483528942,479269.778916179,452122.984319327,134732.926463662,23470.6695020855,1496.09628135385
"FINr104",243101.711523995,444333.466152774,389807.46350168,141945.754737219,32833.6640582158,25219.0350558082
"FRAr110",287960.031175121,638906.335194121,737520.45108988,209497.239493889,9207.0671167866,0
"FRAr115",589625.674910751,1065454.68300694,1323861.71949711,315094.651337294,39852.5822254986,0
"FRAr119",262848.154901195,446603.64126684,527880.145791535,83840.1431361199,22948.0879160998,0
"FRAr106",234084.532870777,443465.464490154,559861.178225127,184422.891112552,34414.2404044732,0
"FRAr107",294774.648978703,507834.441382626,670553.506874867,124843.215981947,36650.4187818568,0
"FRAr113",590899.49319419,981692.851108827,1251134.14752571,405182.124089395,29086.8990765967,0
"FRAr105",400381.362295143,762044.767360292,1006911.14098708,358096.694021329,29651.4113953365,0
"FRAr102",245019.904523324,398191.263828465,505154.85404365,154379.474569455,16361.4560849998,0
"FRAr122",56069.2142709047,113411.412859019,119085.133308162,18583.6409795814,0,0
"FRAr111",199985.328219946,356398.47809074,444353.114794875,161634.376180637,15134.4997677543,0
"FRAr104",287981.645223799,511998.258246566,779201.455986033,232325.113270919,13109.6732442691,0
"FRAr101",1707686.32716899,2847043.38209283,5235654.89559693,1999094.89935472,214330.081730293,0
"FRAr120",479395.908602375,904640.493731652,1037483.07997557,288740.454621643,45463.1580679356,0
"FRAr117",136946.077931873,253768.664600511,258674.951931254,73711.1796253201,9979.03611104181,0
"FRAr109",416546.731412116,676079.380164519,901535.700161257,295042.927710583,31819.2346980143,0
"FRAr116",479465.870780481,954288.416619543,1253314.54598533,307584.452696894,14372.4667982992,0
"FRAr108",649694.697730913,1092657.50577699,1569291.36831003,622019.284937118,71835.0917149295,4468.77553001898
"FRAr112",552802.009675235,1170438.32483665,1399908.95846159,523688.392049095,32662.0397760437,0
"FRAr103",225628.414744358,543317.951203027,843595.418719437,249233.965525734,43072.8038763831,0
"FRAr114",331977.597213896,587871.133151187,664505.19305831,189979.15004044,11580.1194984574,0
"FRAr121",836495.164329409,1429840.18295202,2028086.16247501,586468.210278765,35818.4348102376,0
"FRAr118",1010580.03243584,1829265.33006776,2744359.4688173,804465.063347685,47670.8673263457,0
"DEUr101",2119789.41193275,3263220.60155063,4201899.25172366,1116868.80235492,123811.816802102,0
"DEUr102",2685601.42454639,4297904.54502761,5083890.27405064,777811.760117243,49540.0507114912,0
"DEUr103",1220380.39392579,1037977.7947214,883127.6469285,173932.930754478,89570.7018105599,3788.68347230005
"DEUr104",541753.871808773,1026514.22128651,785487.179534405,144086.480953025,3624.05523134924,0
"DEUr105",164316.433306032,178678.818687307,201515.215786919,40831.3237484255,77799.2145955142,0
"DEUr106",426553.811894834,609736.793370056,569211.85734952,118290.013524872,14663.4664087531,0
"DEUr107",1228710.42402182,2055463.28992072,2357114.4163042,457562.978621294,68291.4947206219,326.653396346255
"DEUr108",482739.665350355,570694.473755436,443952.901224822,86703.8185107923,5726.10031130501,0
"DEUr109",1600847.17473182,2875101.10168063,2769906.04284924,596965.786413968,108010.771158934,0
"DEUr110",3551554.82083532,5753466.70411261,6703636.44311324,1665082.57149223,202392.846463716,0
"DEUr111",816948.543488759,1356256.40605614,1420323.86795037,424514.598662743,90885.0873761196,0
"DEUr112",278456.887856704,310255.614326489,330733.18110214,70365.9345308369,16559.4913405633,0
"DEUr113",926566.470672367,1329672.16831806,1620680.98225191,195985.042531722,22372.927954203,0
"DEUr114",640238.388577981,807866.72192118,630021.760471386,114962.920085169,49844.2725754415,0
"DEUr115",584357.039394351,1042813.09982595,1034906.61713049,169976.288711064,26073.4061434694,0
"DEUr116",519786.887796498,809112.179626447,685166.404945559,136122.590196435,2357.98632465739,0
"GEOr102",4985.19983491488,16635.8403414541,113945.333737774,112869.371162676,63519.1397231809,0
"GEOr103",4734.77856849888,15022.5689288301,46412.4263543424,26753.7423854578,14410.0143999241,0
"GEOr104",26692.8870910823,68773.4841461308,183672.203195178,155150.554419796,60608.0589481465,7302.83044083016
"GEOr105",15444.1905897118,44595.849536919,97477.3925534827,106146.006673696,37749.9047110377,0
"GEOr106",12289.6886564162,72038.9702698719,147542.900138941,154361.4494466,45060.1813383542,0
"GEOr107",5988.92556831417,14587.4042906752,32660.163262904,22704.8530751907,8268.84487514898,1494.72420350126
"GEOr108",1165.98629430145,3856.81536687165,12431.5857018148,10162.6968528201,3115.48247158854,0
"GEOr109",16510.0340721304,38983.6198296289,90144.576824857,115105.128339746,40240.0447442526,8628.26001123642
"GEOr110",11988.4381425689,15990.7700873609,58597.9129545028,47109.2777707551,18315.2670837376,0
"GEOr111",8495.10840190444,29172.3730638032,111224.549238091,66390.8492646696,25272.7615123925,2969.2834191391
"GRCr105",60837.2687529915,146063.419658712,284679.748469238,85749.4764830933,10483.9533638237,9253.78894676159
"GRCr101",379294.794584979,809581.234846167,2120847.90382311,447496.393672251,67568.9633461889,0
"GRCr111",63094.8535712015,161761.7899984,297897.396340562,105099.315396585,16800.4704507591,0
"GRCr107",28292.9433280069,67928.16540594,132392.991256291,39878.5995537172,4875.66099623012,4303.56147813076
"GRCr110",19060.8280906811,48867.9107135243,89994.2029963067,31750.2913444743,5075.38826036124,0
"GRCr108",34683.530888952,83271.2452632877,162296.879065702,48886.0640405818,5976.93696291437,5275.616104299
"GRCr106",190476.215202176,457311.906440746,891307.616936066,268474.178260418,32824.3492521853,28972.8110907708
"GRCr104",65471.9689004372,130143.600370825,328565.249796894,77462.5918535959,10080.0121409276,0
"GRCr103",19659.5132936604,39078.7062699434,98659.5180303755,23259.9825525789,3026.76299510982,0
"GRCr113",53564.639873965,137328.348291581,252901.240770249,89224.5034512275,14262.8296679153,0
"GRCr112",51048.1097673004,130876.500136017,241019.641493027,85032.6307957679,13592.7450682616,0
"GRCr109",70326.3466748185,180301.800832756,332040.323145063,117145.067648433,18726.0234764918,0
"GRCr102",31448.0752303336,62511.7253069328,157819.367085157,37207.5173094763,4841.72059362722,0
"GTMr105",18585.6722505657,85312.1931243143,547760.096778942,598624.476198464,453113.90701893,63091.5085046427
"GTMr101",63607.8613290486,207831.738083406,1101948.82516675,1144950.68829078,691681.778894446,104135.549596782
"GTMr102",3091.32643149307,38166.1042392468,300144.220275953,403024.757485954,631341.989710217,164521.679956885
"GTMr107",12648.6109053204,65788.3142982675,471413.189931229,738706.435802551,849169.529480862,192749.997589292
"GTMr103",14296.3329847673,64508.1832219482,353111.683362181,424493.103786889,334584.215544685,53494.1303795694
"GTMr108",6501.25609729806,30072.5919264989,196625.231478468,241972.85377232,215113.619481638,37360.5666799111
"GTMr106",31253.5931217126,142918.570311751,919837.018955903,1222349.36427802,1333567.89131737,226222.357803097
"GTMr104",13683.0978339655,55940.1340561909,365487.643016483,419294.499521231,279649.185540205,55801.5412340485
"HUNr107",182777.578876562,357152.348724165,553116.341069899,126568.128931743,40252.3523044667,0
"HUNr104",155393.894640111,329780.271214183,336488.907117745,78447.4110279614,0,0
"HUNr106",160430.063945149,379046.797067742,652211.928342644,294793.985383622,21239.0981596142,0
"HUNr105",188001.119791237,340496.966232264,455143.725220794,195042.365588292,0,0
"HUNr102",104533.782744676,243191.193567273,437433.072743717,206460.082825072,58689.9217147452,0
"HUNr101",467679.536195349,709361.719305056,1322770.23221792,376141.316454658,91644.1747399082,0
"HUNr103",92565.9139415073,180992.995427735,448316.610772051,207626.026230185,52491.3793352698,0
"IRLr101",47194.348496897,116541.914676907,231721.620338116,93554.6424462605,13606.2736249605,0
"IRLr104",106986.247759529,275905.961632941,595925.084869251,272861.433561849,33368.0760671712,0
"IRLr105",48749.1376358185,125718.753389863,271538.020926062,124331.489876264,15204.4301665501,0
"IRLr106",27249.9899290765,64534.8378184731,138610.838841658,64271.0073310066,9511.50047545361,784.071060091414
"IRLr102",23625.1507095349,60926.7084484398,131594.669749266,60254.4030257782,7368.47812202974,0
"IRLr107",50837.4250314198,120395.823559949,258591.586510499,119903.622914646,17744.6007729066,1462.75847589108
"IRLr108",58711.7878638878,139044.297546168,298645.621040153,138475.858451237,20493.1157639157,1689.32956929944
"IRLr103",42441.8962193908,104806.189839692,208387.344574235,84133.7268551861,12236.127238014,0
"ITAr105",155964.98484286,272777.72699655,583624.737026421,277693.157913995,0,0
"ITAr109",88471.341983713,129181.217569954,326818.446263249,16626.8886592419,0,0
"ITAr110",251488.320902791,323236.938454955,951994.52297595,345535.33112419,0,0
"ITAr107",471889.601074999,847182.856909477,2806059.26611756,1543963.1155558,86382.5433354876,0
"ITAr117",596840.555379059,1057214.58676943,2305106.77613339,429592.180834135,71250.0798838445,0
"ITAr116",95804.7058788358,278383.401934688,645144.731669828,213254.668545507,20976.5228708976,0
"ITAr121",990250.549308478,1255335.61899388,2953144.061399,452684.408946416,9593.25117541825,0
"ITAr103",283816.572709794,391025.617509401,746905.363073228,99381.5435266701,0,0
"ITAr104",1175488.46846352,2310571.72812267,5386822.52176742,984291.569208594,147460.624949864,0
"ITAr120",207659.231679232,424596.987388931,734539.799082561,169327.885132417,0,0
"ITAr106",23961.4892155175,56719.3686289734,218662.27957341,3775.02734712362,0,0
"ITAr101",676311.110578036,1334980.27946586,2123944.91482291,267504.683770444,0,0
"ITAr113",58158.7898887257,128177.405790936,243575.340461749,72934.9977913086,17153.46695293,0
"ITAr114",60171.9787694893,132614.315991392,252006.794554656,75459.670791777,17747.240808993,0
"ITAr108",354708.859594913,782808.640090966,2499265.34344795,365285.034168756,0,0
"ITAr112",134295.259477341,361765.582642749,902309.29066599,190992.02287368,24098.3311545004,0
"ITAr111",540268.337683157,860405.094791195,2613961.76454939,812810.827010732,48993.6266040843,0
"ITAr118",340442.303529126,1012915.72726892,2017559.42918073,274315.992520461,33220.8035198814,0
"ITAr119",57111.656749967,191931.486950888,539236.77370304,105152.647647356,8391.02939631109,0
"ITAr102",21010.5442136585,39743.5257138195,47230.3306336976,18382.8368506457,0,0
"ITAr115",523838.308744088,899101.613883784,2507166.36379744,918869.500866852,96074.2164410618,0
"JPNr108",721125.43729447,1743589.39057776,3959120.94140416,718293.784704492,65004.9699025791,0
"JPNr101",658515.144716141,2228318.54661212,2336006.10502655,112032.009261414,66927.103257109,0
"JPNr105",531156.483886627,1447056.38650963,2324034.81068874,837410.254374665,202470.424011677,0
"JPNr107",1966284.94608648,5469900.87383605,10415479.6180743,2039949.42696901,366321.774627997,0
"JPNr110",1956593.0937791,4463583.98376746,6164325.58863353,1251780.37925282,437708.725304665,0
"JPNr103",1084970.89912681,1839401.7046264,3140907.52991229,655619.76272304,93713.2936114495,0
"JPNr109",452496.1276411,1458075.10163366,1456553.9501165,319928.499230182,86195.6845439261,0
"JPNr104",6194277.38292687,10501446.9846649,17931957.8894313,3743041.10027612,535024.612700822,0
"JPNr102",1212440.20583307,3078426.20642183,3092187.38809684,1519677.75281988,226934.529699934,0
"JPNr106",1448520.43288304,3946277.24028781,6337891.02108116,2283707.15780699,552158.460138474,0
"LTUr101",25728.4699791083,40476.2869135511,57722.2287846359,20749.5047100163,3497.03762310474,0
"LTUr102",108384.131268446,148534.405357517,249216.301391655,56745.8866247866,25624.1369891353,0
"LTUr103",57384.0895169923,78167.8598170613,147897.705238349,47871.2701520221,5657.46785302558,261.491493454041
"LTUr104",19331.6305121988,41996.7014795061,62210.3570448364,17608.5657375943,14726.6894850511,0
"LTUr105",45606.1335510926,53348.3388651247,116634.011723991,21535.6418976483,0,0
"LTUr106",49335.078310169,82102.8105009329,137708.303680588,16879.9628036379,3958.95406242213,0
"LTUr107",17556.5508218541,31819.7354547829,31229.8121154471,10936.5395182031,0,0
"LTUr108",19711.5805942252,32572.4974034962,59480.3853626902,24704.1561794485,3571.58151757784,0
"LTUr109",31866.1242808563,43185.5403845853,51443.8659269296,14617.2372589979,0,0
"LTUr110",146506.908202075,208753.34016454,372138.377254943,85813.2606290689,17519.917980614,0
"MEXr101",22582.2012259054,98510.3348362848,511716.883494276,436698.245288176,165617.54163691,15626.4275184479
"MEXr102",129910.29133062,378338.999536649,1458201.49939464,970407.119559088,328128.326816932,65772.0273620727
"MEXr103",30227.1041020041,64058.7273042841,339624.111212922,247261.095223251,71499.7595672201,4964.06509031807
"MEXr104",23184.6215998756,63578.2452106941,376964.7734202,271329.315577284,117343.173407419,25144.5465845272
"MEXr107",67954.9915602164,389800.990827516,1622868.27264786,1760403.43699478,1220586.50135431,219110.091615319
"MEXr108",131871.768332104,352592.751938972,1508646.21103833,1150702.25215228,336772.167529295,50011.728009012
"MEXr105",101604.222663181,283919.728399394,1343271.70443426,1284465.7632115,427738.199291666,0
"MEXr106",28531.0929335675,82500.6647632362,307474.147319224,224861.005101839,74269.1725453959,17511.3981367369
"MEXr109",346235.295374869,931625.511119594,3605902.27133378,2249461.51734499,806805.703757712,164095.966069049
"MEXr110",41927.2883745201,115264.50613449,518263.053829247,476029.60143247,201073.221617427,15855.7036118463
"MEXr111",122854.622507924,514749.888826415,2018518.9076578,2158736.38359872,1034969.91232823,128457.873080915
"MEXr112",79777.4304195076,258441.950227436,1266228.96445904,1089259.68084895,826769.632229194,80008.4608158654
"MEXr113",74692.8375638885,337339.107128417,1327835.45659668,1065716.40718542,302501.681528722,42434.0379968748
"MEXr114",164355.717920956,630008.413552422,3159802.36703408,2642883.59445184,1143751.43801123,116600.468029477
"MEXr115",313174.339567276,1327144.49736853,6346817.37635564,6185291.30648659,2773093.7843124,189221.095909555
"MEXr116",95710.7549158726,375145.444154936,1775084.29322999,1534472.07109496,730905.857554824,98011.5620494193
"MEXr117",63657.2089623773,172711.777418539,920039.562417986,519903.729622516,261368.111578582,0
"MEXr118",29296.1411267323,118047.638365757,531052.19063507,364648.705354669,102553.091517771,0
"MEXr119",130315.87529808,456763.129103931,2357278.01623838,1598532.73097311,535041.888063653,28208.2413228479
"MEXr120",50378.7811026145,328525.373103932,1396685.81379114,1359925.43842562,794112.699187379,67650.0743893155
"MEXr121",153102.322778814,452572.880713978,2279743.48610001,2383554.75219189,1055375.02666189,85642.388553417
"MEXr122",57275.080299707,152698.380959499,777050.621846183,674243.369263797,298315.10669553,49734.9079352834
"MEXr123",48482.7806182724,127983.445936694,594687.357664188,462879.042134034,238926.662646812,0
"MEXr124",62189.5531467169,218897.558473729,1033319.14148003,906838.293194227,444236.921763705,15693.7929415939
"MEXr125",83957.1814528094,299486.96404798,1159422.69680549,998976.228551855,293732.048458414,18492.8476834571
"MEXr126",103415.701315402,301617.181551316,1231794.97976793,911555.962905815,308137.412488571,33593.774970967
"MEXr127",55053.1472582081,205761.811887681,1037931.85010727,797909.976239655,274698.041722821,29635.080784365
"MEXr128",112020.414042837,387187.487905429,1428515.58037748,1231138.35440009,259103.523944202,39743.3023299675
"MEXr129",14440.478842677,66717.3029329588,351542.434573497,433977.646539118,176204.272809269,15560.7383024806
"MEXr130",242801.732695186,822044.628125027,3208538.52638786,2330296.06112841,1011561.06841959,158184.490243919
"MEXr131",53286.2147107337,180406.935798911,796746.089692462,629556.248781034,349770.106668517,41257.0633483418
"MEXr132",65719.8662282875,200872.088173673,707188.342922588,447421.777145663,194341.834696284,7347.31183350456
"PRYr105",43261.5573815716,143401.833631948,745037.700809317,694188.322406033,392827.748175452,56074.5295956791
"PRYr102",33019.9837260826,106314.400876133,563541.512462236,510019.142019134,244688.378575025,26897.2673413897
"PRYr101",25706.5624110639,74942.1122548167,445161.94262055,429378.663903716,225678.116330611,52630.2484792424
"PRYr104",19517.3856482218,55776.4522039359,247360.20288267,182120.665399214,95631.0903420784,15534.6547238799
"PRYr103",16375.3573171243,50428.1662067402,283648.36970468,239342.796018465,133085.620162661,18501.3256903297
"POLr112",289549.392282395,625463.122519371,1310227.26215463,508926.969629506,156085.421917454,16707.8534966479
"POLr114",186990.874896164,362128.394999352,932180.106567867,513644.58382242,104060.344011538,0
"POLr101",231722.760835247,480041.991269025,1138168.79432059,536256.281518561,103047.163188599,10406.4778332719
"POLr105",155109.772761408,361799.56310152,977000.444532555,518761.755411159,142459.084044605,0
"POLr111",78233.1166287156,199728.063763362,489852.7661647,196507.974243061,62536.9852001619,0
"POLr103",287656.365094239,552817.185942038,1401376.57783548,882350.856858399,225809.104045825,15525.1892240169
"POLr102",507033.47560474,992463.043218912,2589240.69740188,1048629.64137641,219400.69882852,0
"POLr113",88709.8325469346,179191.835386495,405839.757454125,258220.830417563,51781.6215730875,7056.78006356582
"POLr106",123539.786313748,286948.353292129,819518.395507834,668317.638208195,214024.990124392,18463.8205537029
"POLr108",125221.27492327,215532.480643319,498536.096307706,325505.20230919,29153.8493283182,5079.37069407406
"POLr116",201761.422068441,431241.771248579,992874.653340548,510412.279437964,165659.544989117,0
"POLr104",386257.459667307,967532.868025123,2315116.27203501,785493.264172784,98358.1416501298,10404.0834496502
"POLr107",89805.1074781572,225822.88301856,488167.560801308,347651.14725411,106209.832588522,11953.0598303282
"POLr115",144972.345773788,287222.663605984,646395.764265869,295276.178226705,83251.119081588,0
"POLr109",234127.221760008,526739.055443055,1415879.39832912,962496.865540592,329655.737369298,5741.28465391256
"POLr110",168951.627050659,373461.152355034,812892.278137086,282789.924301724,70406.0184400169,5548.65540876261
"RUSr101",4678159.51195684,8943402.88976857,18861511.4540341,6455338.31944245,340972.095197279,0
"RUSr108",686382.798657128,1535244.72295312,2861681.10674181,930394.59726258,107606.737690107,5148.12483075308
"RUSr102",1843809.76378672,3642296.3527628,6394995.8012299,1813641.05910541,84081.4224393458,0
"RUSr104",420654.017454754,1083154.7781309,3382989.70780651,4000390.42957319,840591.268095491,25051.6491297421
"RUSr105",3060185.0517259,6893005.66673249,14620111.1674416,4936623.74888185,339143.738383535,0
"RUSr107",2032094.6162672,4604851.5416199,9613834.2986605,2733210.74620998,212722.658831899,0
"RUSr103",1262226.8955859,3017419.4853231,6376635.94038928,3023097.48612051,321989.696007716,0
"RUSr106",1295926.70276364,2937025.89273921,6061612.89042291,1773570.46556337,177033.890928162,0
"SRBr101",185912.940615022,355381.70753693,870241.930989989,341782.65994051,38970.394545397,0
"SRBr104",127736.480264523,309898.626888403,617090.936670371,427407.39067562,132848.306602058,14449.904269688
"SRBr103",170687.129417213,383221.038188356,716952.947627912,557859.824368207,182307.799456715,38086.8247372286
"SRBr102",259205.070738137,450655.426357408,893961.94000063,399295.366623867,91277.7203897101,9036.72647040026
"SVKr101",62557.9790180845,150014.404700768,316038.002482529,73294.1019959326,9308.43315483374,0
"SVKr103",117029.632064453,216467.480986508,677286.308788823,262893.364964937,75772.3433363494,2526.25289916658
"SVKr104",86823.4935689124,272687.635602523,732320.018878708,386874.209178664,133155.106174226,15534.7435969657
"SVKr102",158456.198209694,321497.247366022,1032677.2953052,280326.385067417,39065.2126836398,1161.14863143252
"ZAFr102",633586.016050016,649426.986929259,1631203.52503377,1785834.78902446,1736706.1428429,386101.778359772
"ZAFr104",265716.812916041,318399.389893646,996260.636405516,759392.423798402,409741.120357673,89287.0968822308
"ZAFr107",1877927.37976976,1809350.07005845,4748514.36031145,2933912.31617491,1690001.31242446,539949.042573938
"ZAFr105",990886.797938077,870999.827387615,2456890.18829043,2045778.57267446,2829567.29436263,1540057.60972312
"ZAFr108",446571.727023061,339588.975451685,1359535.91937306,948275.129669442,855322.209705144,504371.110797067
"ZAFr106",574959.677160248,290117.116353755,1010811.87485107,927894.99089053,820969.944542805,225870.422410325
"ZAFr103",154394.131811584,161731.448352815,355446.597620091,304538.840404297,246460.878855185,39335.0560964428
"ZAFr109",295254.37104553,411565.39195924,1367726.66980253,1836445.76589816,1450664.88186813,429986.842434169
"ZAFr101",450993.79503869,872119.352050587,2333929.42077156,1506748.16183327,1039189.02426095,276143.348461745
"ESPr115",723965.560220119,1752265.32020848,4398738.20152317,1102006.86073282,35254.5716778375,0
"ESPr107",151201.308507193,345987.825972071,693552.076227397,136402.742493755,0,0
"ESPr119",187226.774640661,452694.853386699,1090580.67382937,250015.587546165,35366.1282360861,0
"ESPr103",63873.435666052,140736.625669403,290967.7940522,48162.7716450316,1839.57990183574,2886.88194080047
"ESPr109",299428.713787895,660902.513134684,1211625.15621736,199269.8626504,6592.40122526038,0
"ESPr110",192378.099739999,471198.305862075,1167115.22140393,177539.425418957,42808.1995378487,0
"ESPr112",789779.86178699,1958594.71195198,4066196.5351464,724715.489050258,116080.559347781,0
"ESPr117",NA,NA,NA,NA,NA,NA
"ESPr118",NA,NA,NA,NA,NA,NA
"ESPr108",715385.676934977,1647479.27673301,3563206.71965236,717178.389420429,87828.1497787256,0
"ESPr105",68933.1650773852,151032.484680161,318870.630252018,84018.6347921037,0,0
"ESPr113",520812.808361534,1220805.93684313,2664660.36979277,434676.082466568,50314.1875395609,0
"ESPr111",108155.332374376,250682.081291735,564831.816970279,104846.796438795,0,0
"ESPr101",262953.705960466,633935.940039673,1292911.91235224,316123.258106092,11085.7545685406,4099.93690951314
"ESPr114",102933.215713527,266605.993975654,573044.85804755,111927.931942623,33427.503664559,0
"ESPr106",38722.7873953199,84228.4767378874,163807.569190041,30395.5973361137,2916.48164063777,0
"ESPr104",237420.092429142,556577.734227759,1085097.58060013,174650.075658544,0,0
"ESPr102",136774.140822755,307890.976279086,509201.224389115,66318.3545706136,0,0
"ESPr116",115018.324566398,307707.919040128,814062.622410545,191766.41748435,35261.0937351567,5480.19376786155
"CHEr106",119782.446618773,238864.58009932,309829.37840245,115482.382296025,15803.6626589887,0
"CHEr105",179602.517799607,366873.496917808,462412.827061869,118477.355763558,12620.789476847,0
"CHEr102",320214.299027238,562809.208946459,659808.248562913,255502.03892221,23200.5615258298,0
"CHEr101",272114.783676952,429602.269583642,650569.300701542,210461.56151328,30697.9656669851,0
"CHEr103",182580.383642091,341685.987172575,411640.982118109,141053.519512386,11393.5623936434,0
"CHEr107",71546.4032058369,88427.066004453,157658.348730262,33147.6161533961,1538.24804433411,0
"CHEr104",255380.701645898,497020.318217856,561812.346332178,115853.859056574,14059.8707662959,0
"USAr101",591261.035015161,1461958.02046622,1960269.61504175,795096.06239821,96369.8440786674,0
"USAr102",65715.7638581859,181022.361428742,280495.305380014,134850.236206364,57420.5561266945,0
"USAr103",742834.406081203,1969902.22459236,2579491.4362309,1333812.67300431,290595.296091228,0
"USAr104",347308.379557914,859492.877178663,1228660.9074398,510509.123081097,67022.0987425235,0
"USAr105",3458169.04112521,9149798.66845438,15725539.3789749,8549828.70953899,2299449.71730505,184540.814601435
"USAr106",739950.864482559,1490854.20656142,2188775.07414333,900096.43102723,198414.09978546,0
"USAr107",390090.035795235,965604.667532221,1698324.68260616,450917.157489663,103089.056576721,0
"USAr108",126097.516108596,291486.007617855,362410.654768492,133162.004476374,34878.0993130004,4153.92031568298
"USAr109",140660.603651945,207328.739037558,249543.209001028,63499.3296426199,12499.7550097429,2396.47385710663
"USAr110",2632286.56164769,5916853.14289045,7883700.38077306,3003909.13769793,749945.185897799,30950.8610930679
"USAr111",1177346.18956887,2703804.1421178,4300174.78668337,1734919.98785949,392000.953770465,0
"USAr112",111309.967456582,303439.630436257,565326.605729108,250580.193025284,137788.058934311,38589.056418459
"USAr113",174041.768304836,474318.609280387,607957.911930585,334581.270631161,69643.8177152586,10405.512137772
"USAr114",1674940.41175556,3519646.45830691,4768038.42989812,2563247.74306141,501512.816978,0
"USAr115",843817.874866483,1805132.78147248,2626070.48211337,1172428.50382098,211401.885203756,24634.2985229269
"USAr116",377159.243882279,992324.955372494,1265988.98349675,394423.838870425,129349.912378047,0
"USAr117",346082.39076267,862624.571448795,1119794.90410532,519882.68372772,95451.4379554913,0
"USAr118",630716.871547041,1258328.48156269,1791784.3069595,649915.021095384,132507.962401954,18849.2664334277
"USAr119",554149.198640981,1304601.03604367,2044106.04644522,722219.348632591,83437.4438987556,12034.747338779
"USAr120",192088.096204629,488294.157322798,471432.633016333,161011.369729105,17531.2737271346,0
"USAr121",616507.507688142,1498208.81045548,2574081.74240231,1208038.08412383,119201.088330237,0
"USAr122",773035.146542291,1784771.15547666,3028154.67762832,1070963.60265921,122313.140307559,14629.3503859515
"USAr123",1235403.9319943,3118324.87456433,3943985.50155865,1562831.81518631,195461.736696419,0
"USAr124",649822.487996949,1650212.58560662,2233817.22649539,841865.289200161,174819.573700879,0
"USAr125",329200.718518701,848697.042841675,1189909.18410737,540361.339749202,121326.113783056,0
"USAr126",717741.750883409,1711406.95918702,2710704.51344407,891388.706724029,115399.502761472,0
"USAr127",135814.55905858,343546.719832142,369233.827258053,163861.678517644,24784.2464736882,5899.73285989259
"USAr128",210616.707095418,535940.228128267,711510.842216761,363207.686703428,86649.8872216197,7070.50763450575
"USAr129",346767.236950402,789921.260152091,1034949.27873086,564170.313394244,166673.597772406,0
"USAr130",128753.692054459,402409.193699197,578184.012600593,205744.951213024,25400.3285826702,6890.34685005523
"USAr131",947019.858782658,2092280.09982264,3790056.4863883,1623678.4708433,455434.937646036,24246.1945170625
"USAr132",238137.19977273,616740.238907249,767168.450489867,415098.804377558,81408.6094525966,0
"USAr133",2525084.41457789,4977414.53628523,8060530.30012239,3406310.50674968,693268.21492922,54209.6173355934
"USAr134",1150354.28334667,3008136.38733834,4133123.35783739,1599991.93159809,231603.669879507,0
"USAr135",110272.937586278,229519.245744373,284686.334823005,115867.762869569,21367.0842767745,0
"USAr136",1427260.81235835,3392515.65186167,4410160.23111721,2048639.72214047,469025.281973312,21493.4205489901
"USAr137",487711.828347561,1123898.96196279,1504114.83046941,667794.979011684,143235.307633656,31496.9145748985
"USAr138",457807.052239583,1266067.41707652,1601796.70245215,578501.582209321,161480.765022427,0
"USAr139",1544030.28327432,3900908.69993029,5193552.43146779,2013995.89166278,279913.723664809,0
"USAr140",163466.998320533,310037.416028859,411512.455603861,129324.39179243,29597.928254317,0
"USAr141",615492.760509991,1585577.43303403,1855596.17629989,744226.400562128,140272.181593969,0
"USAr142",121124.075355205,254998.980315399,290491.379330851,146341.164130706,51312.4246678385,0
"USAr143",810047.221725784,2023585.90843308,2626355.05148054,993109.057179981,200356.169387214,13695.1217934052
"USAr144",2551175.45399497,6814572.21693488,11439775.2292953,5574380.93910672,1375716.45966773,55702.9310003548
"USAr145",199183.052892559,647393.598298174,977827.21486822,941834.354970665,241437.135559231,10870.060411151
"USAr146",85559.6504768894,211931.726669976,245465.716120145,77356.0078529982,10405.7331507241,2280.20302926726
"USAr147",998790.230206894,2159967.82887672,3572741.02640537,1334024.29271095,361287.89080007,0
"USAr148",746924.861673183,2045495.91095658,2710140.85546078,1434408.480395,251873.313514457,0
"USAr149",227292.555286067,579599.773471043,763537.605866016,242056.29841017,47613.9403263913,6303.52964031236
"USAr150",787571.941725346,1802423.79616364,2125379.0617826,867126.763855214,224223.835216471,17174.4422567282
"USAr151",76159.9483203417,182916.244445434,218117.206305182,92921.3814407253,22696.6424883169,0
"URYr105",9068.48679059074,26776.2331284851,65881.1933833855,32426.9390346162,7531.75892396509,1654.64743895726
"URYr106",11244.4227744298,34362.2636006562,77365.4127236658,27348.7146599061,6107.79574134204,0
"URYr103",54745.2250802496,156287.624498674,414252.997446432,144853.101280678,41134.2499312665,1630.1160627003
"URYr107",13784.6870057428,51463.6176122584,135275.261425119,74241.564917157,24785.5118581302,2050.8013815929
"URYr104",21857.788017014,63227.9738353259,158987.992904866,59654.2781780182,13367.9437336692,2208.80343110693
"URYr101",108159.934507692,287947.692982732,638107.895699248,228992.040874915,56678.1561500342,3845.4347853784
"URYr102",19195.2382840536,54132.6589202581,148625.960504508,65472.123160177,19918.9727682561,1876.34866274725
"VNMr104",58281.3839926216,296531.074085022,2441137.21568794,2405338.04486268,621371.769354279,11465.9600174538
"VNMr106",235179.164711535,1403500.19606131,8843646.14518868,5969225.77514057,1538987.18258511,22180.3763127893
"VNMr103",329451.348007,1618165.55473079,8566474.89887069,6747200.20470373,1825961.10811097,29523.5655768209
"VNMr102",146159.602493339,864219.324415537,6754019.62077825,4575209.5740307,1752313.2476772,34651.0806049706
"VNMr101",326579.258948929,1830484.37937905,8075196.37411414,6379023.01373935,936314.178838266,17881.1149802633
"VNMr105",332398.198105797,1475176.47851417,8480291.13992924,5086683.37929527,1729202.27684226,56297.7373132651
"SWEr101",472987.138420581,624039.28663754,909265.89719096,191215.846190236,12559.0206257502,7127.72392437502
"SWEr102",369313.428182114,525284.654032318,607969.280757348,118834.033231266,7172.81087776501,0
"SWEr103",168524.384990175,261162.65344303,277940.242704047,66687.576640606,25523.1968813545,0
"SWEr104",252233.973183582,447520.922635469,575356.509648873,158779.357547565,25645.2959498036,0
"SWEr105",404105.238498484,631318.262339187,663015.697623791,222718.965744452,32245.4717832039,0
"SWEr106",168113.423476335,291528.232601275,276929.929654548,87443.1332953972,3008.74347373829,0
"SWEr107",72844.0240673784,139684.445711391,121780.094113903,23950.8304504955,474.449416459043,0
"SWEr108",98865.5511180718,173011.673999279,150803.842252606,59516.2054543616,8334.94097568079,0
"GBRr101",343603.88579446,754446.677010691,954531.239524977,260007.921659132,39021.4080107409,0
"GBRr102",1023789.71043602,2179403.17760256,2874349.30900023,955422.451453443,146669.224507743,0
"GBRr103",665486.221982982,1738216.62110212,2195015.91586566,704070.219464621,46002.2465846192,0
"GBRr104",558332.203034031,1630516.92300931,2141823.44323921,474625.936469366,51621.6202480919,0
"GBRr105",701839.908766441,1696423.53221036,2540238.50515351,734706.812073315,112174.805796371,0
"GBRr106",715518.099419474,1996760.22735896,2668511.19391704,741783.776335389,82469.2019691368,0
"GBRr107",1027441.34602677,2252800.71481589,4149392.11070092,1063174.94184481,172250.285611615,0
"GBRr108",1069000.96343808,2792339.4211835,4026179.04270902,1002865.68077183,145972.32189756,0
"GBRr109",621182.781575058,1886707.84473341,2181693.53165495,503089.764373211,43063.4326633744,0
"GBRr110",414748.507564234,981952.910183829,1342922.92376276,306413.693742483,34837.8767466896,0
"GBRr111",834192.23615952,1843334.39914239,2170951.77005534,478785.669036829,33637.0876059279,0
"GBRr112",154834.677044476,551888.466768994,835672.969587429,288657.553654864,23451.8739442365,0
"AUSr101",1225071.5207939,3043540.95272572,2748120.34477963,438176.603700758,NA,NA
"AUSr102",1007096.99374445,2502822.14167351,2192503.30134076,325184.093151953,NA,NA
"AUSr103",793393.256295217,2232083.33420203,1499509.14830465,228207.596559505,NA,NA
"AUSr104",339423.504516884,794155.326164791,462612.448169097,107982.910149229,NA,NA
"AUSr105",402098.665277603,1072262.75012593,704099.248198489,275673.233918054,NA,NA
"AUSr106",101791.153830972,238096.803136236,153004.146633516,12926.8257758784,NA,NA
"AUSr107",36145.7445129329,106508.965562797,79328.269483989,7096.47934028136,NA,NA
"AUSr108",60843.5780222533,179284.910121878,133532.060793283,11945.3949625862,NA,NA
"ISRt",476622.072395402,1172713.47498996,2735422.63862269,2546211.02745989,963722.047315108,102661.271216955
"LUXt",61615.1412779332,125718.293406702,285514.274499239,86721.0170719467,5705.09217383488,630.365683946223
"CIVr101",82036.34917175,97936.2202429512,386590.420361263,385311.945322333,475141.128459734,243128.221246596
"CIVr102",46905.2471059599,37276.1456966919,149293.782137639,152658.918214868,137549.956662262,59666.537710716
"CIVr103",70203.913139129,102295.010852326,370892.059538082,405160.398902778,400539.608602876,126764.678528579
"CIVr104",253758.324513245,314542.236048317,1188657.62138874,810793.440440584,681038.624548448,79585.4966113419
"CIVr105",52149.0382503548,109739.300180696,384676.038201117,403912.996372864,375347.533350913,360574.842983713
"CIVr106",33982.767417925,43999.1007675122,278671.004105618,332053.219299079,200907.874512646,78161.0288593009
"CIVr107",33757.0545197056,58888.5492462359,264841.906323268,337261.074754142,292898.185016214,201768.032829019
"CIVr108",210955.02097563,259446.306441475,908182.437316756,701114.806618934,359515.506157082,46761.2354901218
"CIVr110",166945.478265611,193392.981218909,756463.223530267,719446.335871588,423263.867902222,108367.042794565
"CIVr109",440776.722356989,649438.680186175,2455005.4233607,2086676.11716019,1908867.1127836,262275.357915728
