"GDLcode","X1","X2","X3","X4","X5","X6","X7","X8"
"AUTr101",35034.3541735253,68018.2390441664,116668.748679028,10588.2272358191,30351.0554626998,25389.0239052911,0,6853.93459863851
"AUTr104",97283.1989396249,142619.087193938,262135.051149357,19976.8566527722,2343.69658437377,18748.5461556982,3956.01691295396,16226.6714331738
"AUTr102",231724.73705077,403360.59010748,765785.387333091,93294.4727000784,18974.2475442466,96654.5219974921,29781.1626456111,33748.1136033685
"AUTr106",220761.384803387,327948.096669906,707296.002884133,85645.7393779857,9816.43240714788,45053.8062951853,8542.50117686905,28498.6744149808
"AUTr107",80117.7373471486,125034.031247585,285895.278030837,30479.4129509332,0,10019.1085046866,0,11726.2320752197
"AUTr105",201470.771854499,268065.30006446,513508.38985214,68155.6330262485,28021.1356250204,90530.3563943735,25328.033112471,37590.9870707877
"AUTr108",95131.8070147817,145394.285459742,346977.612129743,61718.5393907256,3978.07582907978,29286.1418196662,6191.69676805843,50041.7306340509
"AUTr109",50465.939706413,79978.6983314359,195751.55200466,25104.1572328927,4217.98948296618,8992.3845185361,6096.42132722228,8830.57630106855
"AUTr103",427494.841432778,407312.688333054,590557.346475182,132412.078277702,11215.6612990035,85718.6649163066,40838.9878084154,83917.4204687124
"BELr101",248241.113771457,162827.913539562,479388.500021158,164053.099892273,6587.95606390351,49124.5484565244,21490.4327473265,39354.4485040469
"BELr102",247015.569825067,450525.023948918,868573.397271271,141727.722213094,16099.4948518916,49594.0651829589,18793.0239305218,25099.2597762776
"BELr107",61035.3040865913,76429.0537895854,182196.849138541,49892.379796595,2779.89574646769,8602.76154837328,9673.37546427794,5852.72426889346
"BELr108",205860.734413626,257780.990512327,614516.102324924,168277.722217935,9376.07157898758,29015.5154764353,32626.4971910328,19740.150956003
"BELr109",169393.314445397,212116.101248157,505656.990146227,138467.985140595,7715.13735130673,23875.5309549201,26846.8414516969,16243.2608025734
"BELr103",117873.097350461,214985.557567718,414473.61672417,67630.9011999285,7682.5008452471,23665.7392789286,8967.82312483665,11977.0891087103
"BELr110",43272.7220289758,54186.5605335936,129173.659823862,35372.6276064617,1970.88648457894,6099.17349860637,6858.21581152037,4149.45602697024
"BELr111",75151.7066492218,94105.7624899152,224335.80636293,61431.6180875551,3422.83720512921,10592.4304291061,11910.6586930055,7206.35743422617
"BELr104",202247.403375172,368873.574705165,711156.443957241,116041.526549017,13181.6833722382,40605.8246173541,15387.0474408038,20550.3649830089
"BELr105",152115.033875633,277438.500448952,534877.505263983,87277.564247585,9914.25441930808,30540.5967351722,11572.9606592872,15456.41335008
"BELr106",158127.044123116,288403.643507126,556017.355552706,90727.0169233855,10306.0933956828,31747.6462677398,12030.3563308697,16067.2938993752
"BRAr102",23617.9189100798,43674.0739077147,436832.789264181,81298.7830212701,25530.124193344,96272.2929638666,65319.9886486287,25494.1523296778
"BRAr114",154785.190019683,262404.294000572,1601674.70910088,355075.196576067,77359.2875150475,398901.181203984,304287.720248825,134658.181322171
"BRAr106",22871.5927089319,30996.9764853053,360846.920528621,80181.8407380993,12591.8959707091,154894.26236838,92076.2338635273,27361.4587489244
"BRAr103",116057.184558161,179261.630067771,1905347.57629319,320746.380586219,81569.8427209838,732944.077117076,444939.924533056,156181.434494576
"BRAr116",792233.237263279,1202660.40963182,6938374.05726191,1628192.16954654,355071.538347611,1691800.57346604,1387560.21815246,654371.596330329
"BRAr110",320414.337082825,724085.191569994,4301351.01325796,968718.472404944,223028.814490581,1217380.26913118,862705.778126003,373644.637981078
"BRAr127",174291.93569255,286527.828122721,1458628.95567078,381865.304368327,41320.8883357032,281258.293684566,214166.747333256,128749.385792092
"BRAr118",182126.345995358,455614.037594081,1999903.69509787,404333.655013405,75157.914214501,314469.380281496,248118.031831018,120542.885779286
"BRAr126",311285.73438971,752763.248095857,3386752.47968842,696029.579851322,206476.053618984,660321.234445531,467490.12897787,285266.760932312
"BRAr108",180485.262812784,417676.439634669,3251682.85111377,664369.018423015,241121.891813562,1267550.70359916,730019.626145723,311341.160668215
"BRAr125",150942.391524684,364565.295926128,1611955.00057721,308598.512403087,106091.571186784,441885.588560884,230151.436678115,143074.4634585
"BRAr124",132668.048611776,290759.387966505,1301508.05833729,305127.654440053,73444.544531666,299181.305410615,177935.997246394,105314.268455701
"BRAr117",1094663.66637095,2233059.06262794,10629356.6856098,2396589.78343425,402484.641631156,1738365.91460713,1443455.51960194,947768.326177661
"BRAr105",243200.669008972,525953.282659339,3985327.04214708,672037.004989568,261538.691693716,1485460.45615059,913990.225619878,304525.510730848
"BRAr112",158094.731089242,350352.827266503,2007298.09965606,441774.6980183,103785.666750806,458789.83987322,298354.757465413,156144.178767891
"BRAr121",483271.608607275,1348758.48264554,5942820.3732967,963825.592684025,251298.761814243,1028589.90204903,616748.353664599,411844.735238595
"BRAr113",444739.166489375,881806.855315308,4436854.18378675,1074040.46824189,225227.925121975,1027624.53101494,911398.753084624,439096.574945138
"BRAr109",121124.329813064,298562.652689156,1633105.74790727,333804.888495944,95193.0743872625,428746.609002845,253169.838567553,138578.8459528
"BRAr119",1132318.91880827,1830020.13344224,7802450.02068389,2019189.46744165,337475.699640059,1593135.15807801,1429377.76394315,802212.907962734
"BRAr111",119822.251172989,286702.335459766,1612690.69036429,342889.138886335,93647.6979838698,540157.749719546,326937.704259934,112472.52811254
"BRAr123",658203.334752531,1566218.94877869,5545301.25801371,1134961.89628193,218496.019455263,1078811.74377315,547517.159575809,377736.639438932
"BRAr101",65696.4436362765,167147.446858158,948879.197919561,134974.835546056,56215.5562441262,160060.628783736,94479.2293995576,46363.6374152082
"BRAr104",18539.5938211494,27267.7928088498,226245.821486897,50240.2769767049,12178.0338324826,114351.137623818,56259.4126230135,15485.1019270846
"BRAr122",340914.324650512,908575.44951694,3526485.79816849,592164.702350957,130182.347173136,651423.001653093,350381.927269748,197279.217952738
"BRAr120",2099512.96964347,4366836.38427751,22932676.1047949,4606124.77213162,803521.101384879,4539624.13477402,2806708.41924407,1860850.41374953
"BRAr115",102043.654641933,209040.458912384,1089352.29669591,277246.743276461,48819.9296496759,216571.804561511,219654.630779937,105579.242482186
"BRAr107",73307.9784463582,137059.109891831,767514.120760936,129394.253272008,53335.2883141191,209716.896026162,95622.3793583398,59684.7466826028
"CANr101",50420.5174060742,139264.406518124,205870.63217668,32087.262220673,13240.2415426657,9414.52727430953,2462.78396973164,38858.669891742
"CANr102",27184.2954599332,67161.4308248426,109954.110269111,11868.1400489296,6385.28143643056,6756.11992632858,6575.6357085906,15119.4137143837
"CANr103",119368.168200354,248356.894700269,338989.911247042,68338.3137929811,16273.774457777,36010.864569476,11545.1402081531,83433.3450720851
"CANr104",91194.2530995247,209430.604019156,301856.573370376,58751.7239135851,20590.4750480283,17554.6323512169,15339.1702766344,50423.0917644852
"CANr105",1165843.04596834,1927979.73478679,3327220.28733557,500136.193089914,54273.1663600927,239826.351338428,151967.142208382,582508.665842396
"CANr106",1382731.4793773,2634015.19368782,5855270.05080378,953873.224804235,241347.361616068,975021.86456164,312360.22956974,1268633.99457115
"CANr107",148893.073555212,275431.861263441,573484.450766742,66644.9813572927,17860.7660065282,69450.0429180268,33504.1502676267,108845.459096224
"CANr108",132132.094627199,269701.148731834,481111.756111675,63703.371788144,22534.7539470337,44252.6315407127,18582.126013638,96565.2336281162
"CANr109",394390.023178346,814145.787200485,1695672.5606152,167388.962631065,27423.6624430509,403164.709414635,65703.9158851579,523538.697608775
"CANr110",562376.715366245,1015943.64484424,1747639.57499213,272475.100668219,90357.7490660287,369014.437016591,88096.845576545,503440.016470008
"CHLr111",5343.53263611599,10102.1796074338,50449.6140612616,15412.382361916,2614.78297203905,12911.5660819149,10076.3758281044,3993.13485121424
"CHLr102",20525.1257712397,35669.623942602,227098.826664845,63350.0758729283,15768.3683133368,120815.784338786,74802.8376216355,21758.7330746263
"CHLr109",46079.3116663649,89915.4598571711,419246.819281145,130675.672846497,34202.2713666861,182775.478932984,118781.26051603,45580.9515331212
"CHLr103",10288.0138308213,18198.6930060965,103978.958496528,33999.396841829,7121.67670922947,68750.6180230313,39108.2910820491,8830.8378104149
"CHLr108",93551.7662631244,167222.781877325,845707.845461013,265880.981648104,53152.0873993525,369722.601426553,209614.992919148,88021.9070053808
"CHLr104",28022.1488464124,54544.2452597038,282462.494216024,89048.4755207448,20040.0149986629,158312.993380201,101120.470068206,30624.0543100448
"CHLr110",51983.9979580931,109589.789483437,486189.361966109,133164.769079346,38121.0772421874,217265.901671207,118562.961726298,49250.3128733224
"CHLr112",8882.87987714485,19613.7495735829,67121.7047980448,17657.1773016307,4298.40343843504,20549.2291657223,12271.9052745605,6918.99917087904
"CHLr107",48176.5453597982,88814.7199588708,423657.853739763,130779.801656132,32207.1020377348,187485.596532665,96561.5902331181,37446.917481918
"CHLr106",42042.8602118577,72849.8154539406,369299.182851719,113270.832291346,23849.5699205832,174502.479940364,96930.3568501143,29397.9283800743
"CHLr113",285506.647843899,525874.208559768,2648227.54547267,847802.237339251,182979.787894542,1476464.26050642,909147.822474191,321988.71590926
"CHLr101",21331.856054433,36635.436614615,205067.979506439,53689.3286206724,14118.4199418927,108181.875267365,56850.4469859613,16003.2911086219
"CHLr105",89405.8180314608,169981.853465745,662373.323887362,228852.093409721,52831.0302768291,330418.701898682,217891.711394045,79846.7496361552
"CHNr101",423957.224748045,3447098.9028863,12947957.1394595,622181.531328538,200299.963624979,2927933.73145709,335255.216489649,529160.630199193
"CHNr102",295512.979159102,2402748.21794436,9025177.93058009,433682.237659558,139616.063888177,2040871.97777445,233684.584246356,368843.42371286
"CHNr103",1491973.76488903,12130896.2977115,45565946.8298051,2189557.02970348,704887.836300693,10303870.432362,1179817.10971433,1862201.49482895
"CHNr104",749490.378078131,6093934.26785534,22889972.6795791,1099920.09553744,354099.156006926,5176131.06058433,592679.035270176,935473.622433849
"CHNr105",510257.226537278,4148784.41293638,15583620.9731548,748831.731236772,241072.678913631,3523938.87422514,403499.190395509,636875.655836794
"CHNr106",1004002.66884217,10533742.4500204,22371834.5691298,1003447.28227492,1209576.18404658,7080804.37476696,1192483.90224985,284275.418669312
"CHNr107",627925.960907837,6588040.60502407,13991850.9731574,627578.609596194,756496.283555281,4428495.09170469,745806.384210991,177792.271843519
"CHNr108",882477.334957417,9258729.3369866,19663928.7537366,881989.172850933,1063168.05766698,6223737.81257493,1048144.64014388,249866.481082666
"CHNr109",593393.556393547,3567032.27973743,13338449.3801209,256073.158615089,410293.664718696,7554003.07399264,788075.679613705,197299.844145538
"CHNr110",1872583.57792842,11256553.0869143,42092403.9284286,808095.043170389,1294771.69140466,23838314.3051825,2486945.73762892,622622.952497548
"CHNr111",1282150.1561802,7707314.89293751,28820493.1982468,553299.3015754,886524.770332915,16321994.2595431,1702801.36144315,426307.335595262
"CHNr112",1366477.21209262,8214225.23474002,30716017.9381828,589689.813962234,944831.532232267,17395492.3329882,1814794.66029511,454345.582403827
"CHNr113",840979.181517944,5055329.39267739,18903741.2380884,362916.30237725,581483.278035944,10705811.0993998,1116889.84970403,279620.598598291
"CHNr114",1059020.88541361,6366030.84493406,23804937.4152824,457010.057229801,732245.160750976,13481519.87436,1406467.25095869,352118.174165678
"CHNr115",2190527.25800982,13167789.4961562,49239221.8148071,945300.514215568,1514609.39653173,27885792.5947825,2909201.21893526,728337.343648631
"CHNr116",2145812.38131042,7244209.65881165,46474234.0349748,1413916.06408165,2191704.68385912,33450876.9596015,3035795.75111534,1352714.50351813
"CHNr117",1259775.51982224,4252971.0743199,27284352.9330355,830089.741362061,1286718.22916751,19638527.7097511,1782271.92821953,794159.187300405
"CHNr118",1504787.41300383,5080125.18088065,32590846.7179766,991532.677696016,1536970.17037373,23457996.1608798,2128903.38154313,948614.042872993
"CHNr119",2462745.52234194,8314168.12370592,53338405.8973552,1622749.26089201,2515416.04638036,38391519.2997259,3484178.04740144,1552508.32531399
"CHNr120",1052764.83897551,3554108.12305329,22800893.4688231,693686.51728013,1075280.22891533,16411456.7530171,1489402.82613792,663660.196427064
"CHNr121",200554.205957872,677066.051333004,4343624.44059191,132148.931562136,204843.441297082,3126421.54815531,283734.781110456,126428.846018262
"CHNr122",503657.342824175,3412181.56025368,12248315.1481747,624708.309416024,893682.698398964,10963111.8668526,1434771.05847494,436601.289113635
"CHNr123",1324149.75841752,8970859.75824626,32201662.0536774,1642401.06647948,2349553.21519062,28822774.3262842,3772111.68968756,1147854.78607907
"CHNr124",580747.705832764,3934453.93229175,14123056.1292588,720326.870395041,1030470.7838218,12641138.1789091,1654378.74077704,503427.976637056
"CHNr125",792094.162356257,5366285.49803578,19262736.989334,982469.157084485,1405481.04477398,17241517.5410717,2256442.39268531,686636.13726933
"CHNr126",52833.4048677227,357936.149295841,1284842.1697624,65531.5910824106,93746.8707654172,1150024.9844938,150506.770733928,45799.2581705752
"CHNr127",729617.639775155,2635627.12818721,18716657.7305864,858522.000231335,454746.607286224,13663575.1793442,1237515.71072402,314173.606107951
"CHNr128",490009.777448755,1770082.0157239,12570070.6632799,576581.693389236,305406.930540451,9176430.32156962,831113.126853798,210998.378351532
"CHNr129",115189.06841546,416102.10202697,2954909.87375478,135539.965085411,71793.5466507272,2157149.73204086,195373.952186415,49600.4523951106
"CHNr130",129121.305293687,466430.081328431,3312309.27702522,151933.663949488,80477.0503201753,2418059.22164797,219004.633631627,55599.6783767242
"CHNr131",450835.252446386,1628570.30438162,11565138.5779569,530486.054071208,280990.741339809,8442807.61523001,764668.611935652,194129.814439956
"CHNr132",154553.763157794,521769.691341625,3347341.93098231,101838.376176963,157859.191032408,2409324.76672425,218655.489920692,97430.2873903534
"CZEr106",185272.712553752,311615.654603746,900814.394113493,134455.064462704,16673.8022480551,80910.4569697209,19350.1712876285,36503.0723586753
"CZEr103",148858.258287321,233969.8510391,618922.851809719,110280.899231286,11161.0695934005,50046.9787430408,8546.60270624378,21554.6408448341
"CZEr108",138060.265971022,231768.971518747,576020.198921813,110930.808696034,14504.0791300332,45693.5569091109,25192.1605516937,41120.332146957
"CZEr101",225682.088529677,301383.400881977,544112.288502972,90446.5197275816,6798.13426428649,24249.59480473,17912.8678292366,49424.0637054904
"CZEr105",160881.066909745,323955.272716008,749876.09474591,88941.4386647903,12288.6882368864,95505.4895476357,9147.29217682363,44896.0918749591
"CZEr104",124870.083702517,255641.822453139,540019.444038049,110989.79800127,8498.00182402732,31580.2146047567,13390.9410707423,23770.0697412219
"CZEr102",250243.833447667,507421.884443104,1389994.32526696,214094.411430848,32366.6442064326,158078.249066599,28980.4873361487,93580.8586000549
"CZEr107",108684.21642525,243559.682136027,618013.126745101,98054.5117991869,11941.5423839739,63996.9437761823,10689.7725751479,31961.7596445699
"DNKr101",448578.504848034,388937.620103135,659708.802222528,157555.250644989,6437.61518407865,33998.043715309,8286.71741780337,37979.9728641236
"DNKr104",274830.405426699,339478.912178728,531483.987209182,94477.9019807991,3346.2779911464,12602.9937358857,2623.56114690472,20394.4753306556
"DNKr105",125874.281461096,164655.263924777,224749.640232994,39456.200175009,1448.2930619795,4432.95106132913,1428.72153411491,9727.04934870013
"DNKr102",162354.332872317,222683.245312766,315700.755630961,69606.578151109,3159.99413613339,14065.8275571791,3487.55450390332,17273.9923356316
"DNKr103",252452.980227102,337005.052715556,478129.000602793,94463.985803617,2593.8638824756,12357.8381929351,3728.06291853907,20662.1476569824
"ESTr103",24785.6154444709,23905.7990880745,43844.0554150378,7353.38354487335,2323.57679763125,7375.68889173952,2038.74337509129,7821.43344308145
"ESTr104",25604.8374828126,28642.2573296286,54263.4134660281,9375.98256108483,2890.26778233433,5085.70620808614,2753.50631136685,9364.67055770982
"ESTr102",26352.3506166016,30028.3631740216,56970.7089269345,9353.51783101609,3654.4804985189,8049.05831611399,3668.18024304306,5611.69769375025
"ESTr105",62378.345242474,58768.9301562147,123536.681049111,18598.6647379914,4165.87768200508,13006.2487142145,5637.79920559488,20241.713112394
"ESTr101",97148.5608019403,107562.086862507,254249.177400663,44473.0835042096,13796.2417888421,25930.4245407523,9530.92026485388,40196.3342601289
"FINr105",4149.58475798656,9954.37411383371,11405.9549618081,2958.88551608468,77.7767123071384,510.110322429647,0,830.219587460352
"FINr103",248573.630512147,366419.011240751,441241.251349896,63643.4617250986,3023.50225787,1551.81454360846,702.81099536255,21246.1984663118
"FINr102",333478.301824273,447833.348022849,648919.488261622,96340.5760346171,7139.74020637892,7350.63052121406,0,16858.2518284943
"FINr101",279611.483124322,419455.684644234,550920.72552491,73383.1054875739,7130.90878705154,6526.95085057689,534.996495375066,33140.0844009718
"FINr104",243101.711815087,395586.284746955,530796.357739828,75150.4841600764,2211.56472722346,6689.84651062551,427.164005687265,23277.6819063937
"FRAr110",287960.031175121,513353.573849601,818989.539051324,204958.038749657,11181.8345751069,21827.4947051532,7546.72203347001,17273.8889129153
"FRAr115",589625.674910751,850755.616439972,1397744.69447599,346706.761032369,23716.5311732846,60382.3784706084,17172.8337742118,47784.8207004092
"FRAr119",262848.154901195,343986.958880355,564097.328868543,137945.423963895,6403.88884642502,7580.03378935338,2684.38054800951,18574.0022022241
"FRAr106",234084.532870777,367375.622018665,689286.420219364,136828.962337926,5878.42020919035,5190.26425742394,6072.63432462176,11531.4518744857
"FRAr107",294774.648978703,422208.505080202,694180.803839583,146937.458272237,11493.8659343571,34862.7782052886,7997.49431400142,22200.677375627
"FRAr113",590899.49319419,839459.503111526,1487700.05176632,271013.636926423,9217.18185008159,16181.9698961504,9707.3575623631,33816.3196823932
"FRAr105",400381.362295143,647928.922743305,1209212.7693273,227211.203212661,12944.8628094797,24083.292670584,12359.2819080548,22963.6821123782
"FRAr102",245019.904523324,314202.686359174,575101.421782473,126707.327801389,9285.13200505382,16586.6169752561,17080.9567700637,15122.9068331596
"FRAr122",56069.2142709047,86055.344350786,113003.809656949,38936.6839123534,2212.02050422049,4604.90321025101,2122.85924687706,4144.56764709196
"FRAr111",199985.328219946,279671.652971812,518406.854850694,138966.898392431,7638.34282442342,19561.5045007828,2322.94924800739,10952.2640242746
"FRAr104",287981.645223799,423789.743301188,878410.727018288,189292.891630584,5488.6359230425,21806.8949610387,7073.32718317643,10772.2807304694
"FRAr101",1707686.32716899,2101658.90760796,6172659.82126554,1422054.37696154,68986.3816066201,220920.2899572,104564.861780701,205278.619595215
"FRAr120",479395.908602375,731047.220487064,1109690.18183665,345848.899942389,25738.209649572,39094.3673144921,9372.76091888659,15535.5472475419
"FRAr117",136946.077931873,220048.462452846,302834.617983903,51321.8092150351,6710.21453311823,4286.52684874029,3357.97773335475,7574.22247614607
"FRAr109",416546.731412116,536493.903173058,1050477.82123871,228345.466914135,23922.3866031614,24668.1431687066,9241.88372071838,31327.637915886
"FRAr116",479465.870780481,797653.416855017,1370185.17288641,237549.299592213,30524.6253871889,34702.1412810133,16315.9545544672,42629.2725676415
"FRAr108",649694.697730913,843838.845698455,1887068.36625833,464617.402609077,26243.0994037019,70783.5639726321,23620.8941300349,44099.8522003085
"FRAr112",552802.009675235,998731.086771576,1723235.36979873,321550.267233967,19902.6783738485,36777.3768805493,5439.00982743358,21061.9252246812
"FRAr103",225628.414744358,436578.38618971,952492.421108534,208171.16921814,11911.6734170634,33213.5042036025,16980.580861193,19872.4033164902
"FRAr114",331977.597213896,501309.052744938,738060.005480989,183060.731452254,3493.18506608418,8550.94258530723,1191.51333281718,18270.1640734347
"FRAr121",836495.164329409,1119293.47830887,2212708.35003559,549323.017258588,29288.5009325538,70933.284758161,45444.8500969488,53221.5101032523
"FRAr118",1010580.03243584,1480467.61251575,3024472.14686493,710029.399816129,23348.3185694336,74765.2331335247,29309.5940373055,83368.4256232949
"DEUr101",2119789.41193275,2970449.69277438,4776728.91304228,591631.525000516,85309.9350165482,87209.3143347287,108792.527276543,85678.5650869549
"DEUr102",2685601.42454639,3604327.51101703,5313060.9094617,1028617.62159471,21918.1072290412,111452.983851495,28897.4475521058,100872.049304132
"DEUr103",1220380.39392579,830520.745920078,917289.152866791,294993.477401722,0,0,4224.56578677309,141369.815814046
"DEUr104",541753.871808773,938537.122214063,815392.965278133,156142.562843147,16084.9641117093,14010.5051853023,5975.02083516555,13568.7964331131
"DEUr105",164316.433306032,139873.748827996,286318.471395844,68655.7784235832,0,0,0,3976.57417074305
"DEUr106",426553.811894834,546623.141428108,603854.5034435,123940.165779754,0,2475.65533103167,3798.72946646602,31209.9352043416
"DEUr107",1228710.42402182,1739621.08184177,2472887.98460954,413420.09448495,7355.09864679338,49724.1851417614,60855.8940609188,194894.494177455
"DEUr108",482739.665350355,503418.94072821,437183.102829274,117692.810505902,43932.3708694944,3142.17700028449,1707.89186919005,0
"DEUr109",1600847.17473182,2482869.8625101,3082106.21046175,630582.328593733,22470.1488565421,41832.5564976065,41968.701021171,48153.893960685
"DEUr110",3551554.82083532,5069134.91525446,7620630.21941028,1213294.1105655,8436.28706825545,137077.783773452,34560.1023419791,241445.146767862
"DEUr111",816948.543488759,1157380.15968582,1631017.28707072,282247.707697344,5953.45999027882,132451.875318872,11293.4495615079,71636.0206158022
"DEUr112",278456.887856704,230118.699942767,294572.321393372,167516.943103463,0,0,16559.4913405633,19146.7657394802
"DEUr113",926566.470672367,1203026.43594106,1597472.27569455,318367.336286506,5248.55460224309,5182.07822765218,24454.6564696594,14959.7839247999
"DEUr114",640238.388577981,663083.506584364,680121.145478382,218202.033924003,9558.87232653939,0,7085.50095299635,24644.6157868914
"DEUr115",584357.039394351,943539.602614768,1122817.37477529,165705.416993693,5893.18420677195,590.870790249186,10631.4799018257,24591.4824257079
"DEUr116",519786.887796498,671162.325878386,703519.914646366,181341.435086533,0,45913.9638386622,15542.444019618,15279.07772448
"GEOr102",4985.1994690022,5242.72423896283,76215.7182058098,21834.9065323597,13810.7823174321,97583.1552813613,74450.0497483249,17832.3489152691
"GEOr103",4734.77827961484,9747.27060701498,27789.6871900534,3247.75096803639,4455.13833824288,33748.3072895005,16990.6156076598,6619.98274210912
"GEOr104",26692.8874675476,42258.0152307279,109941.544756255,36319.479592188,14467.3169722628,143812.435644821,109308.07953143,19400.2581047668
"GEOr105",15444.1908702576,33141.7760173312,68431.2647258573,12972.394809771,10042.3082761417,111948.776245513,40260.4267463477,9172.20730878093
"GEOr106",12289.6886564162,45190.4417250973,129105.138469268,31921.1089671231,6966.1012855866,137839.780450436,57430.4371547504,10550.493771617
"GEOr107",5988.9251293806,8019.5211238939,22022.5801698357,10474.9829595867,580.031581137129,19882.3289118851,13786.3273416039,4950.21761947767
"GEOr108",1165.98626508249,2020.03665451258,6133.39071192368,2040.82418331249,192.093425205151,11871.6206421915,6187.71999266279,1120.89472484902
"GEOr109",16510.0340721304,28722.4103782114,63390.2227323761,14119.8310264035,9458.96384951382,118903.043507459,52451.3815333476,6055.77790929873
"GEOr110",11988.4383408913,9298.63841700325,44162.7298140674,7241.27639291091,2061.49294830738,52020.5030151357,19594.2011678271,5634.38653774943
"GEOr111",8495.10837914236,12735.3252915738,79259.1255040469,19494.9751567118,3117.34907158209,61748.5144248821,48156.8895252248,10517.6374785499
"GRCr105",60837.2677656816,118819.735327441,301279.370750037,32698.8528105413,9200.14504403954,48456.7142350062,7878.86930155781,17896.6992555441
"GRCr101",379294.792603162,575897.177794652,2166527.78250053,221693.850895085,31803.7325019334,184481.57727033,74059.4845989175,191030.896071722
"GRCr111",63094.8535712015,132247.332225599,311231.752498863,31270.9330109371,8183.58710302017,69171.9464179278,11445.0008817548,18008.4190495112
"GRCr107",28292.9428688492,55258.2340853813,140112.801531861,15206.9086667207,4278.61387724864,22535.2501487017,3664.14218137935,8323.02810718463
"GRCr110",19060.8280906811,39951.6525093243,94022.4851151721,9446.88583331199,2472.24516908903,20896.7055907667,3457.51169798093,5440.30709731853
"GRCr108",34683.5303260834,67739.5294844453,171760.379382566,18641.7256187547,5245.03353550194,27625.3352491982,4491.76980479024,10202.9682489556
"GRCr106",190476.212110995,372014.292232379,943279.595472279,102377.273872912,28804.8566811037,151713.772130238,24668.0568571637,56033.0141158749
"GRCr104",65471.9683773033,105064.309862019,344797.496342114,32761.3517395796,4786.69204675733,28633.8184351329,10241.3534581556,19966.4296628133
"GRCr103",19659.513136577,31548.0537871502,103533.635490124,9837.37377780688,1437.31794699786,8597.98389490611,3075.20955665562,5995.39460894982
"GRCr113",53564.639873965,112271.925902212,264221.498210336,26547.5893903692,6947.4905042109,58723.8132675319,9716.28137462266,15288.3226838456
"GRCr112",51048.1097673004,106997.258092796,251808.059855502,25300.3522556208,6621.08918683528,55964.8990955406,9259.79898882496,14570.0592099415
"GRCr109",70326.3466748185,147404.601271036,346902.970426049,34854.9897701317,9121.53291553491,77099.9536193476,12756.7472487371,20072.4187387509
"GRCr102",31448.0749790573,50465.4186524976,165616.183327046,15736.2222559774,2299.18626427407,13753.6489493561,4919.21748225236,9590.45210740749
"GTMr105",18585.6722505657,58045.1400775987,1022628.53353806,108293.601410257,32161.6728350472,343530.94349607,150527.182913199,32715.1073550576
"GTMr101",63607.8613290486,106973.498354898,1580366.42196284,320405.118315063,41049.5761742558,714466.719064646,426290.195343649,60997.0488241025
"GTMr102",3091.32643149307,21129.2393845922,874519.63223558,48533.3195879001,18353.5591109711,464181.910459391,95620.6795867675,14860.4103010993
"GTMr107",12648.6109053204,44662.625650507,1190438.77704764,160155.657623429,22834.6069968164,691743.503998352,181104.047709039,26888.2480764218
"GTMr103",14296.3329847673,32933.9715998428,672579.740210021,101861.868484039,17011.8822223753,258828.737269964,114176.129468034,32798.988033428
"GTMr108",6501.25609729806,14847.9269274477,437241.221842489,57803.1599812907,12089.8791105027,132835.555628144,54740.9014720568,11586.2183769052
"GTMr106",31253.5931217126,81446.7500405129,1897845.12894288,292733.559099328,52489.6223559513,1078857.9318157,346191.328260587,95330.8821511825
"GTMr104",13683.0978339655,32690.2359393195,639067.796030328,85428.8827835156,25352.9185619788,283867.248111403,92254.7088932151,17511.21404547
"HUNr107",182777.578876562,262311.532537728,428505.000280091,64495.2889729576,35105.5732000681,124493.915074579,39894.2301261304,122283.620931885
"HUNr104",155393.894640111,237370.76861515,232286.477703615,32311.0844116327,87074.9203343314,52331.8727593791,0,103341.488654181
"HUNr106",160430.063945149,276390.676154528,601920.491435163,68602.9562620236,75909.1151178633,78874.9472799191,59825.9573452974,185767.665358827
"HUNr105",188001.119791237,234667.531318755,401664.537964352,82485.2882380426,40694.9919088634,59462.7827015908,33391.1425656684,138316.771511492
"HUNr102",104533.782744676,154400.630535255,449214.161713472,50723.9721376866,29933.1927181629,111826.903719892,45486.6585540215,104188.751472316
"HUNr101",467679.536195349,524753.57240544,909629.992897333,80048.7799921793,208568.653467167,352083.701283007,67095.4383761509,357737.314383374
"HUNr103",92565.9139415073,131310.510666046,356396.418287752,32456.6549088654,38934.35500264,139172.221512036,13856.2465505519,177300.613744099
"IRLr101",47194.348496897,87512.5634752836,286405.097045013,58326.780445928,2250.04714349429,7821.51283869548,6489.12968041998,6619.32045740946
"IRLr104",106986.247759529,186823.430127095,703684.931732675,175732.601162828,15303.0576574258,27749.2631112646,32184.9135018083,36582.3588381168
"IRLr105",48749.1376358185,85127.5869524105,320639.65516757,80073.9622202896,6972.96035344198,12644.1732001307,14665.3127009664,16669.04376393
"IRLr106",27249.9899290765,46761.8128856725,174239.451982317,34630.0342882799,2244.94841384145,6869.95110568472,4315.88715395995,8650.16969692663
"IRLr102",23625.1507095349,41255.1312458918,155390.649848569,38806.0080056467,3379.28519828088,6127.70834393313,7107.2072156661,8078.26948752687
"IRLr107",50837.4250314198,87238.5701094175,325060.122984308,64605.5934900521,4188.16289419221,12816.5414084101,8051.69433840384,16137.7070091075
"IRLr108",58711.7878638878,100751.216621366,375409.670569834,74612.549661282,4836.88013763966,14801.734349335,9298.8456761739,18637.3253551437
"IRLr103",42441.8962193908,78700.0828532475,257564.216747016,52453.2966624177,2023.46828369079,7033.88958108771,5835.67688128297,5952.75749838423
"ITAr105",155964.98484286,239399.479538147,564208.131758296,46078.8296438154,64551.5205300178,145013.648532167,29234.7741265473,45609.2388354985
"ITAr109",88471.341983713,106502.83467821,285370.396845037,53715.3637243984,0,0,22072.3492179643,4965.60835067755
"ITAr110",251488.320902791,292218.80580852,1121133.94432466,37512.5310334011,33493.663963796,37933.2889505063,4174.56982716433,94299.989494416
"ITAr107",471889.601074999,571846.559002843,2949384.46892788,542450.440591581,39200.3386367072,573540.090652255,183998.556597044,423167.326509267
"ITAr117",596840.555379059,765491.057225344,2271139.44036812,347475.689354434,51649.23368802,242441.818480199,95324.6262453876,89641.7582592967
"ITAr116",95804.7058788358,170992.791962657,691430.426237602,103240.711155078,8236.13090388891,73988.6983450568,13292.5517118002,96578.0141547146
"ITAr121",990250.549308478,719886.84851932,2736421.89214143,648648.653704384,15878.7710675248,251659.451566747,183428.851360222,114832.87215508
"ITAr103",283816.572709794,293604.625064676,610940.777401764,92567.0229756114,32622.913353854,86569.6375884931,20332.0076661196,100675.540058782
"ITAr104",1175488.46846352,1704963.27285481,5670120.07969405,844809.046416431,63948.3058589604,210513.123397651,113640.244780839,221152.369655585
"ITAr120",207659.231679232,306095.216231951,614142.614908081,155408.087255122,31968.4704487057,147416.966725234,15581.2245009612,57852.091533854
"ITAr106",23961.4892155175,31272.5387785554,175359.785202793,21115.9303607008,5682.98092040173,8961.22285822605,955.353192569422,35808.8642362607
"ITAr101",676311.110578036,1039162.40155898,1844550.50604329,332196.259345571,76759.3448106545,40579.7692443349,49674.3818743218,343507.215182062
"ITAr113",58158.7898887257,84902.1293109127,253798.062138981,56415.3292858025,11525.0420664065,25331.9346107181,7122.51998513893,22746.1935989641
"ITAr114",60171.9787694893,87841.0491716751,262583.379674561,58368.1676072341,11923.9858302437,26208.8092703198,7369.06875385528,23533.5618389282
"ITAr108",354708.859594913,585674.959231445,2413004.65932354,255794.59753837,1693.44927352117,101311.555783058,31149.0603680819,258730.735102815
"ITAr112",134295.259477341,243576.150900714,830923.004000524,157358.66381717,12325.3170968626,78608.0180631159,43995.1718831424,112378.902606347
"ITAr111",540268.337683157,577856.911050739,3015304.65053236,372872.106442976,10346.383844959,132992.09475505,61400.6137223495,165398.552606967
"ITAr118",340442.303529126,743079.858878658,1925971.90797774,221095.962754415,34664.0431754367,178356.754476666,79955.481748348,154887.942472348
"ITAr119",57111.656749967,136649.44098421,497195.135855115,59030.6327345832,27850.5067226677,56957.2197741738,7172.54993776761,59856.4516890768
"ITAr102",21010.5442136585,36718.4145165433,42403.0118045244,14954.3449904477,0,0,0,11280.9222278296
"ITAr115",523838.308744088,682804.392460186,2926583.75382543,208457.344044578,30316.0362467991,376294.42641719,64711.0346775778,132044.707317378
"JPNr108",721125.43729447,1444089.22506386,2579714.26072243,294647.406748278,145494.626091432,706807.501413322,445445.399332594,869810.667217074
"JPNr101",658515.144716141,1810464.70838506,1989023.86997202,417183.172682351,0,66927.103257109,155888.134312356,303796.775548303
"JPNr105",531156.483886627,1109236.25239635,1400547.43335386,227475.859073293,158444.278208364,792695.295845144,333573.382827985,788999.3760708
"JPNr107",1966284.94608648,4493330.50960744,7421686.39288983,754665.336617239,525213.542024261,1465957.72196329,1013475.59276084,2617322.59764448
"JPNr110",1956593.0937791,3121242.95858462,4216631.89063089,887720.701496936,329424.308482128,921365.872651967,779340.023047215,2061672.92206472
"JPNr103",1084970.89912681,1430723.18077516,2482729.99589886,318231.79870933,71994.8137575672,453479.927532305,145984.019003985,826498.556937358
"JPNr109",452496.1276411,1064099.04700813,908351.350227177,150766.322195162,59464.9942794977,103607.775448544,199422.365378262,835041.380987494
"JPNr104",6194277.38292687,8168234.04852348,14174314.0520057,1816837.70031046,411030.237682353,2588991.52132591,833446.784529341,4718616.25263774
"JPNr102",1212440.20583307,2455474.12415664,1330432.32857143,525054.664883045,261035.151018985,1636577.19031923,431070.675912943,1277581.74217621
"JPNr106",1448520.43288304,3025005.67202654,3819442.36016891,620350.950899091,432094.460711144,2161764.69254405,909690.224162614,2151685.52477741
"LTUr101",25728.4699791083,27288.4348777935,50842.3375049785,11033.205362372,2118.43457763903,10204.0401309453,6468.20878846807,14490.3966861479
"LTUr102",108384.131268446,96327.8676262647,212737.68842482,57003.9797504075,4292.40102185806,33419.8930200943,37873.4137974086,38465.4868247972
"LTUr103",57384.0895169923,49434.7991903252,133068.718544034,27515.3312271732,3749.16500856888,32797.7953928846,17092.6334353238,16197.3516521289
"LTUr104",19331.6305121988,25385.1352759097,46715.5116288903,22622.4912282036,434.853542012299,19835.8623353827,9180.24763311968,12368.2119993279
"LTUr105",45606.1335510926,38718.518041086,112424.83258106,14387.3835622351,2059.09795089524,2995.31711149897,2887.69003097007,18045.1530045377
"LTUr106",49335.078310169,58017.2082587365,124231.012840079,30678.7651313054,4794.170435589,5967.47427983568,2420.30949944283,14541.0907086597
"LTUr107",17556.5508218541,25368.7934517268,26616.3201241723,7740.69509719422,171.705050837338,6084.9095872516,907.046663725354,7096.6171135254
"LTUr108",19711.5805942252,24400.631686375,62869.9017984631,17205.1913773052,1329.7067144318,6782.76413679996,5711.3536225614,2029.07122642498
"LTUr109",31866.1242808563,29649.1281382231,38500.7071887851,16337.5248284308,692.857484976251,5272.09585864175,2830.71920919626,15963.6108622594
"LTUr110",146506.908202075,129574.039429359,283649.57288079,72671.7837909112,9074.2407081133,60982.5340706429,39619.716384389,88653.0086618361
"MEXr101",22582.2012259054,44641.8845737584,732598.548146932,89690.3902029936,9049.77392551724,200275.60246931,110462.440208503,41450.793247081
"MEXr102",129910.29133062,206992.988340177,1624144.49070566,300524.492533661,87512.6811827801,556298.368943245,286297.216875368,139077.734088491
"MEXr103",31783.1865466426,30998.0538027658,388490.773191817,70034.8538283221,13518.4662377968,131985.373080983,67468.7360989802,23355.4197126924
"MEXr104",23184.6215998756,39139.8193042699,471581.032260087,78252.2544271175,18231.9967883608,158449.763741696,77623.3962608845,11081.7914177082
"MEXr107",67954.9915602164,226865.109994532,2952886.02073834,481478.533682545,97386.565056938,935607.152329639,420378.852023175,98167.0596146146
"MEXr108",131871.768332104,218712.842505222,1824580.31839682,346718.891266773,62416.3627510363,573244.687714265,320042.453337211,53009.5546965704
"MEXr105",105269.938129897,164341.561795486,1745205.93536874,226309.943372991,25850.7846466655,762925.275899414,306096.604728684,104999.574058118
"MEXr106",30766.1953710555,42050.0573996482,338996.727771849,66025.2974885667,16074.9888140299,144353.977415808,64509.4316156812,32370.8049233611
"MEXr109",353684.364940435,507833.502212733,3433149.80120356,801084.435194248,86270.3197584781,1954964.46775589,754690.767881407,212448.60605325
"MEXr110",41927.2883745201,76728.4529248696,670891.286139153,87565.2534575708,12093.47887916,284279.542911177,164375.714602688,30552.3577108617
"MEXr111",130699.173310111,320349.083035293,3063691.27641608,487045.271628686,45038.5772576001,1340070.51769923,470790.685436098,120603.003216899
"MEXr112",79777.4304195076,163587.759863156,1681545.6202695,291606.971599328,50306.8688069158,780409.532693391,435537.89523904,117714.040109159
"MEXr113",74692.8375638885,221277.724707604,1519322.47943593,205507.542009662,56363.923933388,682838.521157514,325075.988468922,65440.5107230925
"MEXr114",179731.340016545,409660.505331636,4220950.34582451,581649.021340768,34373.0974053424,1532066.91501084,683805.086645654,215165.687424712
"MEXr115",313174.339567276,892745.225006023,8301769.2130337,1426978.48686539,271447.413533694,3974258.32216038,1620560.15491774,333809.244915805
"MEXr116",95710.7549158726,214957.668306056,2320679.93944533,372753.935031893,78554.9775026589,947089.010518958,444502.232122824,135081.465156406
"MEXr117",63657.2089623773,118167.675578611,851829.367266594,189320.443178557,42856.3712311437,362930.179144784,229869.234214507,79049.9104234264
"MEXr118",30574.6285571714,75609.0637645471,586590.519234222,79580.1519479661,30119.3808074601,231629.106620283,79479.6180699048,32015.2979984452
"MEXr119",130315.87529808,318686.557328054,2691924.00478577,315050.128307944,89293.744348193,962591.62539731,414168.735522935,184109.210011718
"MEXr120",50378.7811026145,181453.806723724,1832278.37324636,368855.456412317,112394.689839276,950056.422900021,384062.291989223,117798.357786467
"MEXr121",159115.796186093,266721.252776171,3015921.92396243,479687.818204983,90680.4218491304,1642824.95672112,591480.147822116,163558.53947796
"MEXr122",57275.080299707,86081.5211220583,1081903.65547414,142990.396360073,13602.3370421844,432063.136526307,124884.041384613,70517.2987909199
"MEXr123",48482.7806182724,70756.7398812104,691673.960944007,110207.701652011,25335.5765594282,350919.112151135,124387.16944972,51196.2477442152
"MEXr124",62189.5531467169,111892.459617891,1266307.9023439,255819.043796377,35313.9818633161,596378.870504218,255606.80617583,97666.64355175
"MEXr125",83957.1814528094,169745.91058069,1347806.05093872,248062.88916674,73360.2321938309,613654.264697887,249314.125420552,68167.3125487733
"MEXr126",103415.701315402,202307.363941097,1466599.95525628,290110.950227166,29356.4711277912,443824.722538159,251369.886518131,103129.962075977
"MEXr127",56719.6055068534,129017.238305073,1260698.04732331,186272.999793023,45528.4939469641,462893.877956588,204021.085353229,55838.5598149567
"MEXr128",112020.414042837,246320.239154437,1576195.46021818,260155.257104626,60042.3431874833,684290.288498782,409801.720392306,108882.940401346
"MEXr129",14440.478842677,43942.5953180565,517579.098763265,65126.3672971333,8942.01132989484,284320.178869104,109068.126600668,15024.0169792016
"MEXr130",252231.812510194,491719.906448552,3578624.97080234,576520.700401883,223870.677511464,1541041.11217889,802541.552651805,306875.774494872
"MEXr131",55393.9827115954,107545.094877761,1020023.69581902,121646.786920666,43240.5571913068,472453.163929439,180453.905559376,50265.4719908359
"MEXr132",65719.8662282875,126044.454845221,887336.7659219,174832.883655918,34014.0668757281,176270.243603051,108819.953403828,49852.9864660666
"PRYr105",43261.5573815716,71595.2994036812,909769.261925358,169745.477483851,29340.0181549759,502439.494572285,289100.638072967,59539.9450053102
"PRYr102",33019.9837260826,59694.0372306143,762438.747215509,125028.139874119,32256.3574420947,280515.178398792,149011.879239678,42516.3618731118
"PRYr101",25706.5624110639,40678.4253564883,571056.618449692,114256.448342532,28390.2372774738,302224.430684516,135188.698312891,35996.2251653435
"PRYr104",19517.3856482218,28013.9390176951,279224.783166878,41999.045410764,17499.602254485,134326.983343953,71238.2298752203,24120.4824827826
"PRYr103",16375.3573171243,27416.645256303,373042.148390481,76228.4863164861,23966.9792539609,116380.320409787,91537.4225466353,16434.2756092223
"POLr112",289549.392282395,499081.737966169,1277278.94682878,172580.940244176,61878.7915081553,369292.564655854,110733.172557255,126564.475957211
"POLr114",186990.874896164,274896.536688517,995046.47206874,132281.826788279,45105.5697815501,287298.262637159,48421.3575046397,128963.403932293
"POLr101",231722.760835247,371180.467678255,1089193.09336269,115852.493997909,60542.4569977503,396776.238539513,82641.0614408988,151734.896113039
"POLr105",155109.772761408,283219.79855152,1000500.07341313,112357.202728829,35690.9684750425,372845.330799423,87047.6771954923,108359.7959264
"POLr111",78233.1166287156,162822.351665137,493087.295548321,68696.1026154338,16728.3238012127,133539.082416817,32785.7096674618,40966.9236569012
"POLr103",287656.365094239,430638.433677581,1414416.779017,138091.993140271,56984.2529237791,689385.861632296,135605.443521712,212756.149993117
"POLr102",507033.47560474,760121.134586487,2701363.26596481,253656.714988452,102359.550999517,525263.247366045,158666.968854104,348303.198066303
"POLr113",88709.8325469346,138764.200585965,431835.841893565,48263.312291097,17515.4941710119,176583.34567438,42462.1597966153,46666.4704822029
"POLr106",123539.786313748,216802.986761045,908274.233616092,81791.6905438371,45092.1450594425,526041.534456302,76951.6993263023,152318.907923232
"POLr108",125221.27492327,164074.192902583,534298.426434722,56346.3238996976,28954.4228824437,191025.215298001,22423.9898681909,76684.4279969678
"POLr116",201761.422068441,344145.215706468,1166040.99709936,117811.884371105,37126.6227117471,276417.742531076,63693.4375328851,94952.3490635655
"POLr104",386257.459667307,746835.508778234,2386645.36515988,304405.580922991,60029.1455062673,397031.333560947,135890.470028374,146067.225375999
"POLr107",89805.1074781572,172911.604294711,544137.313717947,72515.3962072775,12486.5001049467,269427.065616161,49645.6747944514,58680.9287573345
"POLr115",144972.345773788,230493.839829107,654832.399502838,95085.7479451391,20258.3282751152,199571.162044096,46404.3837217712,65499.8638620808
"POLr109",234127.221760008,404700.180037518,1465250.81324977,162334.160793561,53767.4695461975,829175.732451891,108923.86454869,216360.120708348
"POLr110",168951.627050659,300527.041885382,799890.817203762,76328.4414036068,33769.4639652111,189734.026652608,39281.1772319269,105567.060300127
"RUSr101",4678159.53456401,6463559.35876868,13543497.6982056,2570983.51550091,1095093.64596306,5690065.98276619,3985995.14958873,1252029.23912303
"RUSr108",686382.796933164,1233595.72508319,2662385.16166852,341705.341174584,104885.389240261,573758.359213196,402002.288193839,121743.002493246
"RUSr102",1843809.77274689,2685970.27041256,5255406.39783937,916923.644312953,347717.942876208,1549754.43433517,806097.04639792,373144.861078935
"RUSr104",420654.007137108,758378.496280736,4119607.41020544,618186.150446168,403164.979416281,1993294.66790199,1173156.70763673,266389.528151997
"RUSr105",3060185.03008301,5344114.4679216,12088781.317686,2053302.2761615,893522.329625327,3764925.80663534,1978098.48752307,666139.664364187
"RUSr107",2032094.60461158,3583250.09011426,8337545.48946796,1359191.36596753,535486.249083603,1802362.88974873,1083035.53372541,463747.61132075
"RUSr103",1262226.89819149,2197068.14778127,4843155.59015212,984804.39927168,427157.610165849,2271600.79819574,1577757.892535,437598.123706855
"RUSr106",1295926.65858923,2217232.38651006,5454326.83482023,783736.758908038,327188.551525872,1083466.49369949,666337.627263536,416954.477890746
"SRBr101",185912.944010381,236814.067608139,745680.729212926,151226.152090287,27337.9002184721,272861.900374891,131050.625203019,41405.3239640233
"SRBr104",127736.474857654,217723.56839039,479349.631587143,85179.0683128414,46423.8256453016,463663.409026069,159578.387543028,49777.2843337305
"SRBr103",170687.128348734,267599.307356557,624324.224298022,111221.008565496,44518.7781341659,596402.614843518,160456.125773753,73906.3828862562
"SRBr102",259205.068330285,321020.280248668,788410.121907331,164335.217237468,37603.0108635691,341751.173179379,143582.509170238,47524.8648275102
"SVKr101",62557.9790180845,102809.901566472,295957.780967621,43247.1258006286,8261.07467372372,47330.61922599,23455.7759894232,27592.6651042234
"SVKr103",117029.632064453,143495.143580662,702005.445856676,97673.2890437252,21746.3581099809,181338.180765406,57106.9322285419,31580.4003505547
"SVKr104",86823.4935689124,188059.7541304,837980.393628355,102319.266475998,13782.0247403204,299839.153756319,58190.1935128523,40400.9282259221
"SVKr102",158456.198209694,222960.883069299,971854.149101614,150573.57578367,11135.5351178529,201801.528807747,81744.6405625615,34656.9786862245
"ZAFr102",633586.016050016,211685.382738236,799203.57617295,653819.009799895,152095.017469024,1311378.24322661,2246317.31589706,814774.676886378
"ZAFr104",265716.812916041,102171.402825564,597860.11680403,348033.905975749,66751.5258303026,457245.202672144,745855.462622284,255163.070885951
"ZAFr107",1877927.37976976,551742.058872237,3778023.35424846,1883827.89527761,403757.428628224,1559279.94966696,2138648.64645187,1406447.76839784
"ZAFr105",990886.797938077,322132.15225735,1241602.09330999,837385.175937059,229796.354362405,1680666.89210161,4289391.54400422,1142319.28046563
"ZAFr108",446571.727023061,142990.212316735,807391.758466004,558326.952680506,45177.7165782997,633560.095783466,1404951.35539131,414695.27609382
"ZAFr106",574959.677160248,112388.628625425,449414.464485623,407122.582140257,55985.1842862774,720132.110956994,1153297.91818893,377323.446767884
"ZAFr103",154394.131811584,69332.2055319853,304418.977651445,104889.599598346,26621.694462951,214245.802283287,280831.473471687,107173.089282325
"ZAFr109",295254.37104553,158468.474331236,668513.44056179,750430.555818828,174571.375978194,1406408.07612852,1707005.91238165,630991.739754254
"ZAFr101",450993.79503869,430545.945628627,1836368.57475366,657013.547993056,91263.1410657381,1166911.94410104,1391488.46032116,454537.714348417
"ESPr115",723965.560220119,1231802.16442247,4168912.21594957,605032.466512123,77855.9086480782,456184.069559523,243940.060014826,504538.069995444
"ESPr107",151201.308507193,231770.228004891,680712.791391918,96666.1576240651,17869.6646386711,52723.4843580088,11037.0692891265,85163.2493865422
"ESPr119",187226.774640661,270522.966426214,911335.716049586,219350.7199176,10409.4474568722,178691.663436644,75185.3644027185,163161.366257108
"ESPr103",63873.435666052,97302.2608060279,268725.770492653,40916.7841719482,2528.24356720102,26083.9324696393,22227.9337050293,26808.7279967721
"ESPr109",299428.713787895,497173.83591861,1128580.14702848,158095.473655721,39984.5323778992,95726.4184636886,33662.2834847877,125167.243294614
"ESPr110",192378.099739999,340442.867898303,1097197.26579662,159075.067772172,14938.0933379486,91812.2153517921,29479.1339888542,125716.507058529
"ESPr112",789779.86178699,1355445.19529323,3760294.27067299,598669.356969664,133528.77625515,451076.832019107,216062.108015147,350510.757311618
"ESPr117",NA,NA,NA,NA,NA,NA,NA,NA
"ESPr118",NA,NA,NA,NA,NA,NA,NA,NA
"ESPr108",715385.676934977,1145813.23581674,3260600.29808442,574111.18275434,112242.187984841,372792.787815433,276005.430680702,274127.411396093
"ESPr105",68933.1650773852,121366.118121812,328048.051347787,22758.5771577176,3123.51262164056,46524.0510453193,5564.51668293949,26536.921759358
"ESPr113",520812.808361534,819226.336338942,2534562.71838748,322255.722682612,14611.4524409783,259559.220656358,125886.386799345,294354.741332751
"ESPr111",108155.332374376,178960.665916671,537288.94109396,80629.2880394763,7177.49897027105,56545.3011429259,24734.7599817523,35024.2385933459
"ESPr101",262953.705960466,443794.154125581,1012735.86014389,214227.068892132,75255.111406954,281598.569244343,128802.926356902,101743.112742789
"ESPr114",102933.215713527,194490.41955877,535522.882044518,90175.1940506244,15187.3018259799,43949.1842932851,52788.2187827808,52893.0851604061
"ESPr106",38722.7873953199,58785.3119049969,161095.235239618,25572.2477157365,6864.79847683812,11228.4023799934,5126.65024907257,12675.4789384242
"ESPr104",237420.092429142,376849.044300361,973370.100067318,177847.455308445,10882.2791036553,70313.7585223535,56840.2870425976,150222.467099489
"ESPr102",136774.140822755,243861.254703846,408598.271180602,88873.789032349,8930.27823620767,49011.3513189688,41224.6900180675,42910.9197543708
"ESPr116",115018.324566398,213498.881312486,815111.560200968,127200.203494811,16823.8632216236,89678.9449399916,17052.6634061896,74912.1308664105
"CHEr106",119782.446618773,201414.260537608,372727.704771536,45636.6457891654,7560.8717559431,31722.2354336063,2780.59011733257,18137.6960827025
"CHEr105",179602.517799607,316400.706993689,534917.682598223,61689.687757077,3611.91749935475,14071.645049973,1199.64107135777,28493.1872487667
"CHEr102",321139.25367101,497272.251575417,829490.035446632,82668.8924902333,8233.50510116595,23968.3440574098,5922.99303442517,52839.0826134732
"CHEr101",272114.783676952,321197.369011561,716205.420248289,147580.684354762,11970.9644938708,59027.8465042846,15484.7329583943,49864.0809180207
"CHEr103",183165.644846519,284416.801480807,455921.211782632,81581.5713271235,11984.7918281521,42200.153078568,4342.12336849787,24742.1361533697
"CHEr107",71546.4032058369,71237.6183939457,161514.782751648,24280.3625217717,1261.42499193145,12122.3401702186,5693.19822767944,4661.55289538256
"CHEr104",255380.701645898,425579.504011351,575227.046398596,105944.512472104,6163.83362293627,40178.2109089313,3514.19909277323,32139.0868699725
"USAr101",591261.035015161,1010155.80069201,1809682.77217492,599328.820750055,111675.087507699,245888.130884332,236525.795085209,300437.134890612
"USAr102",65715.7638581859,132660.101208298,320051.07807793,57984.1812053757,15580.4677279916,61255.3535327836,25317.9156810939,40939.3617083412
"USAr103",742834.406081203,1500155.00009418,2575938.50970263,533747.128783537,152369.649237213,477667.005553524,375391.452156355,558532.884391367
"USAr104",347308.379557914,653207.527172836,1157177.20034012,294911.362431702,101295.645079835,107705.268243109,161091.55989104,190296.443283447
"USAr105",3458169.04112521,6447584.00900811,15939501.2958597,3210893.96862313,806661.850624199,3847686.12915837,1837474.84545484,3819355.19014644
"USAr106",739950.864482559,1121997.75732442,2170379.3145453,434826.841840635,57027.5801024746,291797.67323087,230973.863817296,471136.780656446
"USAr107",390090.035795235,770800.186353531,1513885.75875438,340521.418167579,118816.380407514,182661.758772709,129836.759949512,161413.301799536
"USAr108",126097.516108596,212230.381353726,361439.366431199,85567.2025675899,21543.161973961,40740.2531827479,27052.9993343364,77517.3216478442
"USAr109",140660.603651945,114715.992211159,158273.115094391,100589.988651641,7171.36518371344,14939.3234452703,40399.7829463693,99177.9390155115
"USAr110",2632286.56164769,4368656.94374875,6834677.79460014,2086777.63993025,505430.81692314,1115432.59540884,1140583.43854573,1533799.47919546
"USAr111",1177346.18956887,1798654.36939344,3873919.94856308,1339463.62994311,165373.700446868,620780.293710554,630029.87469025,702678.053683824
"USAr112",111309.967456582,214591.656434515,489560.775842122,90426.2842627531,37945.993895465,225393.378602398,112130.00403422,125675.451471946
"USAr113",174041.768304836,394353.925990107,791649.358009789,97507.0074832486,20573.013411698,80978.1028452969,34896.7530668994,76948.960888125
"USAr114",1674940.41175556,2683875.15570779,5340915.10743234,1288569.30328202,196400.851186477,594047.76120136,465283.126754705,783354.142679751
"USAr115",843817.874866483,1311000.52261356,2754278.25752084,724289.257690664,137307.999484416,378538.102471986,226435.818766576,307817.99258547
"USAr116",377159.243882279,847192.055130193,1408318.60237453,237544.941752003,35247.1372335458,101927.604003921,37610.6363459797,114246.71327755
"USAr117",346082.39076267,630483.505735884,1191569.66046409,302251.222569045,33778.4359346245,119930.871607457,140052.449289787,179687.451636446
"USAr118",630716.871547041,977268.266724541,1616501.30985177,434092.547706994,129321.383251093,215879.174449583,246910.820102775,231411.536366205
"USAr119",554149.198640981,867992.709702495,1613939.94543137,679525.903305706,112964.336495377,253819.75944176,316749.19220327,321406.775779043
"USAr120",192088.096204629,397082.238732693,515378.789750131,91634.6460498966,6244.22523633385,41736.2198782654,25846.0783901931,60347.2357578587
"USAr121",616507.507688142,1036619.39203782,2645336.39090599,558033.085052093,81408.9144522201,338408.736981476,296196.137683851,443527.068198407
"USAr122",773035.146542291,1230366.49914357,2728077.66070065,684470.678413741,76900.4967874101,394242.168864147,210156.9884024,696617.434145787
"USAr123",1235403.9319943,2229863.95282464,4061573.80964854,1096199.69484575,101078.946401408,363513.292776417,386123.014028527,582251.217480422
"USAr124",649822.487996949,1341108.2524463,2498006.38323286,395534.583317746,100269.296934799,235144.044541142,89887.1384667667,240764.976063436
"USAr125",329200.718518701,580567.087843877,1043822.40568716,435277.13060054,96588.7613904916,213565.575042209,171057.212034453,159415.507882564
"USAr126",717741.750883409,1277860.29026328,2703808.28585581,627605.252127628,114307.999659135,237012.485009371,186058.820570352,282246.548631013
"USAr127",135814.55905858,266843.09004899,423966.641396092,83997.8099222031,19636.6722611383,37160.622016609,13066.7733028039,62654.5959935837
"USAr128",210616.707095418,392365.302997109,845565.59559299,209952.82032422,29233.525204759,70083.7470827336,48743.6911719032,108434.469530867
"USAr129",346767.236950402,548399.66964036,1017035.4887883,258299.39207458,91755.9908561833,228809.444447516,174315.213963731,237099.250278931
"USAr130",128753.692054459,341247.919505287,603982.649599839,87873.9492722714,20050.3779283245,84164.7400257872,45449.4002048587,35859.7964091724
"USAr131",947019.858782658,1545712.16688181,3942981.10051407,781778.542390539,95220.6067749976,688888.739606309,305152.278237816,625962.754811807
"USAr132",238137.19977273,446816.236160163,728212.562235183,247213.193431266,47319.8839929912,122229.892921953,96987.9905951634,191636.343890551
"USAr133",2525084.41457789,3256221.61411676,7322067.31193285,2371600.52626348,387173.781655421,1184882.85558452,891129.28722649,1778657.79864258
"USAr134",1150354.28334667,2115884.72076766,3962968.78899789,1176016.23701051,204835.464555266,459375.050345821,400627.312300377,653147.772675809
"USAr135",110272.937586278,177661.407113369,305921.487748346,67420.6363930913,14583.0490536146,19616.766894771,17916.271499101,48320.8090114294
"USAr136",1427260.81235835,2558055.50329927,4847815.37009559,1119701.43424392,172090.009671056,629882.614745693,396289.048709075,618000.326877041
"USAr137",487711.828347561,872982.843659675,1551468.63324656,367646.449142993,72054.7106850461,177141.187230596,172966.749443985,256280.420243583
"USAr138",457807.052239583,979649.066242565,1572617.64680572,307922.998007436,78547.4762799191,217287.536642819,137496.060118802,314325.682663157
"USAr139",1544030.28327432,2858137.57737996,5241575.52267758,1408179.27247407,254625.85222554,490018.411144058,401401.821812849,734432.289011626
"USAr140",163466.998320533,216893.523561423,409719.225501361,113249.927815541,11457.7114221404,47294.2434886542,24486.6921514283,57370.8677389193
"USAr141",615492.760509991,1105329.10205738,1553356.83145869,579468.688064914,148674.129756246,340556.471964234,236186.046193512,362100.921995031
"USAr142",121124.075355205,192933.784001517,367141.76157072,61247.8233785417,7321.25557953374,36769.161334251,31686.2285442659,46043.9340359651
"USAr143",810047.221725784,1503675.02425754,2506222.26499356,560463.643407849,157772.052752405,307924.885684677,285933.020704844,535110.416473347
"USAr144",2551175.45399497,4919042.33537501,11718909.4277413,2667753.38916077,724179.369951713,1886701.69525212,1208575.39379778,2134986.16472629
"USAr145",199183.052892559,496845.798987726,1584860.2602258,199488.747010161,26908.4614501773,263833.009827046,90473.5092968753,156952.577309657
"USAr146",85559.6504768894,169810.612426371,245522.670770529,52370.8095350806,9831.89269460025,18308.3000597885,19451.5102711116,32143.5910656296
"USAr147",998790.230206894,1641449.98656273,3338579.59078192,806392.628124576,188899.945717357,591353.259225458,275043.592304974,586302.036076097
"USAr148",746924.861673183,1601660.92288249,3055266.40771918,611986.944637575,177000.60978521,407980.865010096,183762.49219224,404260.318100027
"USAr149",227292.555286067,417410.142350263,687126.428772645,197718.095200453,58474.8876658805,108486.020375816,67304.0166156106,102591.556733264
"USAr150",787571.941725346,1447487.35961832,2232106.68109125,531813.505482065,83646.9894535161,244404.902427382,207374.470101969,289493.991100155
"USAr151",76159.9483203417,147638.285252633,258472.60970098,46394.5085479889,8885.60999257594,16039.4720790932,11007.8812650717,28213.1078413152
"URYr105",9068.48679059074,17970.9428233386,66250.9891622175,15721.9807398299,2934.7823161893,16720.9953566234,9434.50914310808,5236.57236810248
"URYr106",11244.4227744298,22207.0556645993,76285.5536314826,18579.010904748,2621.65231606459,10143.4294409271,10152.4869729212,5194.99779482742
"URYr103",54745.2250802496,102432.541583571,406977.740061144,99618.8624644377,12551.8936827923,67191.4082062486,48279.0980315384,21106.5451900177
"URYr107",13784.6870057428,32985.7694189317,145685.510508298,33972.3552297219,4602.75691010116,34304.4926839521,26080.6513985899,10185.2210446624
"URYr104",21857.788017014,43262.8884050378,164127.558485728,32219.8468693932,5141.51682064201,24851.9654596231,17910.4299418114,9932.78610075072
"URYr101",108159.934507692,173364.298121936,575500.760822694,163220.223588222,21367.3672194284,117606.933971696,98986.5802156806,65525.0565526501
"URYr102",19195.2382840536,34153.3749449851,141097.590155608,36702.720092381,6339.37798199606,37997.017741378,24229.7880888433,9506.19501075518
"VNMr104",58281.3839926216,202910.660168737,3788509.07423545,276262.962943058,36127.8428978377,1064912.1227822,370028.409932638,37092.9910474551
"VNMr106",235179.164711535,882055.291986934,7763778.74014909,642246.973114615,596402.583277478,5523494.79312574,1832410.4411901,537150.852444507
"VNMr103",329451.348007,1108217.32882633,9427698.46668977,856554.928480563,255857.022792833,5405844.50049452,1546694.69707763,186458.38763135
"VNMr102",146159.602493339,557252.809022654,6809396.27931751,493520.417950995,153590.990194281,4973582.80454015,896990.472933215,96079.0735478513
"VNMr101",326579.258948929,1327064.60219324,7379245.03241636,692510.911566824,489544.465672176,5307324.72525818,1840377.9824845,202831.341459791
"VNMr105",332398.198105797,825153.072535028,8288565.77744257,1058397.26422686,244068.972557181,3709421.11224766,1921406.00094347,780638.811941425
"SWEr101",472987.138420581,493073.504443748,972363.065782607,228225.777209674,7127.72392437502,24410.0264714601,4105.84545302279,14901.8312839723
"SWEr102",369313.428182114,449164.625704037,624334.345062496,166548.363196115,0,11265.0010243542,2497.28836047348,5451.15555122099
"SWEr103",168524.384990175,240690.83242519,339812.821157878,38597.4409114569,1169.03398244552,2336.2339513702,2337.75813938516,6369.55006052399
"SWEr104",252233.973183582,368693.692066599,639456.162726088,167005.580846708,5422.91734118828,16794.3209252566,1883.531754725,8045.87912548397
"SWEr105",404105.238498484,559855.41857108,814383.846969906,132371.322582827,6668.62936816149,17222.8644787459,3656.8347128416,15139.4808070708
"SWEr106",168113.423476335,253581.129257888,337707.757006869,67621.1517779238,0,0,0,0
"SWEr107",72844.0240673784,117263.210592747,134315.543287505,26442.3309377468,4269.35203484986,0,0,3599.38186921321
"SWEr108",98865.5511180718,153603.068187288,192336.00622841,43698.4468496174,0,0,0,2029.14238529711
"GBRr101",343603.88579446,588870.508089546,982252.350890075,289032.387944833,0,27099.9457076205,23037.7773317387,97714.2762417273
"GBRr102",1023789.71043602,1694985.54061334,2940514.06709684,925449.065553895,72503.0662017849,136680.475119344,102598.813261665,283113.134717113
"GBRr103",665486.221982982,1418385.41008305,2264880.95557705,603180.008964941,53428.5864841676,32274.1875084282,90010.1118153081,221145.742584073
"GBRr104",558332.203034031,1342039.17240438,2069768.13248266,508359.862920349,52659.3099984693,114798.800923778,85831.4636530273,125131.180583307
"GBRr105",701839.908766441,1336553.11013734,2657516.84180548,678734.626965057,57393.8903375335,139499.939153822,68443.482137563,145401.764696767
"GBRr106",715518.099419474,1632845.77588878,2774436.41551088,688420.008337489,47510.9207629032,117295.666967028,72748.0160845852,156267.596028863
"GBRr107",1027441.34602677,1515634.47913656,3811012.64239012,1103944.50375997,90998.6420569878,313527.608280532,165793.11420788,636707.063141187
"GBRr108",1069000.96343808,2321530.60989058,4185238.60940154,847639.595222277,87204.9941123211,286497.553725653,84570.6357690524,154674.468440491
"GBRr109",621182.781575058,1657785.73388331,2220713.41279508,501715.191490794,37286.5114953786,90569.2971743327,34494.3492249782,71990.0773610661
"GBRr110",414748.507564234,768581.183020059,1350862.42648596,374604.783551259,18089.7751406704,22862.1981596184,62534.3589121144,68592.6791660871
"GBRr111",834192.23615952,1487380.92890584,2187049.25723892,568017.444127085,22859.9390941824,95857.7558327825,45419.4379302884,120124.162711384
"GBRr112",154834.677044476,430294.342444822,922443.07844811,230351.252030558,19881.4797179202,17307.5924548262,23759.0373316794,55634.0815276087
"AUSr101",1225071.52586809,2494126.78661641,2068995.06123771,521228.062709637,346121.945573721,180854.700100637,119461.001507592,499050.335849103
"AUSr102",1007096.99245339,2037368.35594907,1692143.09283959,424765.46112998,230288.46126156,100478.150215048,106426.291230054,429039.717085585
"AUSr103",793393.260303639,1861357.20712016,941078.878554282,268425.685583444,296855.076623281,164318.783490908,56922.612182729,370841.828830685
"AUSr104",339423.505750431,649661.414712396,404225.222180804,109712.578758793,64858.251126463,13242.5867520128,8376.98859534975,114673.639890204
"AUSr105",402098.666553607,920270.258660878,638713.694845818,81358.2528635249,127888.814843625,75714.3318711054,39115.1447357083,168974.731869803
"AUSr106",101791.149040331,204443.92118861,121120.14055836,34350.0663079106,17897.8558264857,0,4658.48504764712,21557.3006283153
"AUSr107",36145.7423610402,89632.2379054024,48575.0851325859,13898.1789744789,12637.3000644212,3719.70462929143,3456.6707196945,21014.5391130855
"AUSr108",60843.5744000054,150876.572990639,81765.6966823473,23394.5917616495,21272.1736077431,6261.32182036127,5818.56086975108,35373.4517675029
"ISRt",476905.11983053,903647.135380729,5400442.86505019,518711.405701914,44810.4832637505,362760.502795193,139515.98846899,150559.04166141
"LUXt",61615.1410814366,98455.8662567035,316609.094261611,47252.6947359806,5365.01296030792,20466.1029966119,6379.24811938177,9761.02330857557
"CIVr101",82036.3383729068,29275.7933291672,451222.997572408,108364.431964625,65159.1028852564,514597.904795808,276762.688997658,142725.018247723
"CIVr102",46905.2461880512,14035.1019456462,264043.773149369,27654.8217282347,9373.79335254924,143736.02550433,53033.7924426889,24568.028627724
"CIVr103",70203.9158497708,43346.5048617604,647445.963233531,97314.6153001077,34201.0985082468,313571.541930944,130907.530511381,138864.508855273
"CIVr104",253758.32222256,168763.427537152,1464234.16406956,300475.859165562,81748.7486832698,623812.920584591,211269.965082209,224312.332387967
"CIVr105",52149.0417144916,82009.0076448373,890670.18992941,80099.7659386841,25624.1051232043,421626.826398189,70427.3433137272,63793.4848657303
"CIVr106",33982.7646405272,21639.6810996568,493204.469104263,83799.6231729476,7637.17551348132,167915.39475968,104333.157458561,55262.7301387628
"CIVr107",33757.0545197056,58952.0995727414,717725.673924376,55718.0263335614,26357.1842367584,247913.071295556,18615.6294996806,30376.062082082
"CIVr108",210955.023888974,145057.990260716,1369455.28278195,201593.47642855,57885.2652331535,242104.720777137,127600.774978492,131322.775737681
"CIVr110",166945.475440559,99871.9541727756,1325474.06268608,158727.367127926,44609.4268845541,323154.166796417,106163.564630857,142932.908077261
"CIVr109",440776.722356989,285547.659406536,3072582.86114535,630590.176154224,227863.843563805,1677681.42867076,887164.214018684,580832.505495137
